category,disaster_code,year,quarter,unit_level,unit_id,n_documents,programs_total,programs_completed,programs_in_progress,programs_cancelled,program_completion_rate,program_duration_quarters_mean,program_duration_quarters_n_obs,sum_budget_usd,sum_obligated_usd,sum_drawdown_usd,sum_expended_usd,admin_activity_count,admin_activity_budget_usd,admin_activity_obligated_usd,admin_activity_drawdown_usd,admin_activity_expended_usd,outcome_persons_total_actual,outcome_persons_total_expected,outcome_households_total_actual,outcome_households_total_expected,severity_rainfall_inches_max,severity_wind_speed_mph_max,sem_signal_count,sem_signal_confidence_mean,admin_staff_count_sum,admin_staff_count_n_obs,admin_payroll_usd_sum,admin_payroll_usd_n_obs,affected_population_persons_sum,affected_population_persons_n_obs,affected_population_households_sum,affected_population_households_n_obs,severity_deaths_count_sum,severity_deaths_count_n_obs,severity_unmet_need_usd_sum,severity_unmet_need_usd_n_obs,ratio_disbursed_to_obligated,ratio_expended_to_disbursed,duration_of_completion,timeliness,progress_rate,signal_density,spending_cv,completion_pct,has_admin_staff_signal,has_admin_payroll_signal,has_deaths_signal,has_unmet_need_signal
2015_Floods,15f,2018,4,disaster,2015_Floods|15f,1,21.0,0.0,21.0,0.0,0.0,,0.0,15270756.85,485379.47,16943910.81,5332011.99,2.0,1493910.0,309529.42,1465918.0,802736.85,,,,,11.76,,8.0,0.84,,,,,,,,,,,780803164.0,8.0,34.90858566803413,0.3146860279064465,,,0.0,8.0,0.8887055664831628,0.0,False,False,False,True
2015_Floods,15f,2019,4,disaster,2015_Floods|15f,1,63.0,0.0,63.0,0.0,0.0,,0.0,55429927.21,1626514.6,66330462.48,9723222.21,3.0,3068300.0,206456.29,3068300.0,1439480.83,,,,,323.0,,8.0,0.84,,,,,,,,,,,780803164.0,8.0,40.780735986015735,0.14658758353948992,,,0.0,8.0,0.8887055664831628,0.0,False,False,False,True
2015_Floods,15f,2020,1,disaster,2015_Floods|15f,1,59.0,0.0,59.0,0.0,0.0,,0.0,61786114.6,708671.95,61432201.73,8742233.25,2.0,3027074.0,73826.98000000001,3027074.0,1451707.81,,,,,126.0,,8.0,0.84,,,,,,,,,,,780803164.0,8.0,86.68637404090849,0.1423070149499589,,,0.0,8.0,0.8887055664831628,0.0,False,False,False,True
2015_Floods,15f,2020,3,disaster,2015_Floods|15f,1,64.0,0.0,64.0,0.0,0.0,,0.0,60243864.06,4180782.43,62670387.02,1751984181775.57,3.0,3088366.85,152115.9,3088366.85,1667454.01,,,3.0,34.0,323.0,,8.0,0.84,,,,,,,,,,,780803164.0,8.0,14.990109643184661,27955.53474428775,,,0.0,8.0,0.8887055664831628,0.0,False,False,False,True
2015_Floods,15f,2020,4,disaster,2015_Floods|15f,1,66.0,0.0,66.0,0.0,0.0,,0.0,45201833.48,4337335.91,42926236.97,28967256.12,5.0,3143689.85,494535.31,3091250.18,2161989.3200000003,,,3.0,34.0,323.0,,35.0,0.8862857142857142,,,35215.6,27.0,,,,,,,780803164.0,8.0,9.896913188353908,0.6748147092475039,,,0.0,35.0,0.8887055664831628,0.0,False,True,False,True
2015_Floods,15f,2021,1,disaster,2015_Floods|15f,1,52.0,0.0,52.0,0.0,0.0,,0.0,42179578.05,2295779.61,36922476.6,1821794525432.5,1.0,3000000.0,825745.41,3000000.0,2957456.63,,,3.0,27.0,323.0,,8.0,0.84,,,,,,,,,,,780803164.0,8.0,16.08276179436928,49341.070621262166,,,0.0,8.0,0.8887055664831628,0.0,False,False,False,True
2015_Floods,15f,2021,2,disaster,2015_Floods|15f,1,64.0,0.0,64.0,0.0,0.0,,0.0,52852018.64,2069891.59,45683718.09,3440594600513.38,3.0,3055204.1,15955.23,3052763.16,3010219.81,4586.0,4586.0,11.0,35.0,323.0,,7.0,0.84,,,,,,,,,,,700947044.0,7.0,22.07058490923189,75313.36643254773,,,0.0,7.0,0.8887055664831628,0.0,False,False,False,True
2015_Floods,15f,2021,3,disaster,2015_Floods|15f,1,55.0,0.0,55.0,0.0,0.0,,0.0,41732469.34,2494305.72,38883197.98,7021026827192.689,3.0,3049976.25,6713.77,3070023.75,2957470490023.75,4586.0,4586.0,12.0,36.0,,,7.0,0.84,,,,,,,,,,,700947044.0,7.0,15.588785956839322,180567.11361046054,,,0.0,7.0,0.8887055664831628,0.0,False,False,False,True
2015_Floods,15f,2021,4,disaster,2015_Floods|15f,1,50.0,1.0,49.0,0.0,0.02,,0.0,37818145.95,1261342.16,40221006.89,4015035717475.05,,,,,,4586.0,4586.0,12.0,36.0,,,7.0,0.84,,,,,,,,,,,700947044.0,7.0,31.887467307046965,99824.34622921619,,,0.02,7.0,0.8887055664831628,0.02,False,False,False,True
2015_Floods,15f,2022,1,disaster,2015_Floods|15f,1,44.0,1.0,43.0,0.0,0.0227272727272727,,0.0,49973160.57,3972.27,41173062.94,3394412261513.28,2.0,3027992.0,0.0,3013996.0,2985462.44,,,,,,,7.0,0.84,,,,,,,,,,,700947044.0,7.0,10365.121942868938,82442.54906320263,,,0.0227272727272727,7.0,0.8887055664831628,0.0227272727272727,False,False,False,True
2015_Floods,15f,2022,2,disaster,2015_Floods|15f,1,42.0,0.0,42.0,0.0,0.0,,0.0,40406874.9,1166.48,34717490.89,4603453150183.15,1.0,45227.85,0.0,0.0,35752.4,,,,,,,7.0,0.84,,,,,,,,,,,700947044.0,7.0,29762.611352102052,132597.51877717423,,,0.0,7.0,0.8887055664831628,0.0,False,False,False,True
2015_Floods,15f,2022,3,disaster,2015_Floods|15f,1,36.0,5.0,31.0,0.0,0.1388888888888889,,0.0,36135038.48,0.0,20300124.18,5044604619757.37,2.0,3027331.0,0.0,3027331.0,2945291.8000000003,,,,,,,7.0,0.84,,,,,,,,,,,700947044.0,7.0,,248501.17048679898,,,0.1388888888888889,7.0,0.8887055664831628,0.1388888888888889,False,False,False,True
2015_Floods,15f,2022,4,disaster,2015_Floods|15f,1,15.0,0.0,15.0,0.0,0.0,,0.0,14796557.04,0.0,4357353.24,8650665.93,2.0,37050.25,0.0,19578.22,13101.97,,,,,1.0,,7.0,0.84,,,,,,,,,,,700947044.0,7.0,,1.9853028784969473,,,0.0,7.0,0.8887055664831628,0.0,False,False,False,True
2015_Floods,15f,2023,1,disaster,2015_Floods|15f,1,9.0,0.0,9.0,0.0,0.0,,0.0,13638314.66,0.0,4835267.15,8453776.74,1.0,3100000.0,0.0,0.0,2940182.99,,,,,,,7.0,0.84,,,,,,,,,,,700947044.0,7.0,,1.748357738620502,,,0.0,7.0,0.8887055664831628,0.0,False,False,False,True
2015_Floods,15f,2023,2,disaster,2015_Floods|15f,1,9.0,0.0,9.0,0.0,0.0,,0.0,13367389.07,0.0,476072.30999999994,2047845815691.59,2.0,3128300.0,0.0,53827.0,2940182.99,,,,,,,7.0,0.84,,,,,,,,,,,700947044.0,7.0,,4301543.636704245,,,0.0,7.0,0.8887055664831628,0.0,False,False,False,True
2015_Floods,15f,2023,3,disaster,2015_Floods|15f,1,56.0,0.0,56.0,0.0,0.0,,0.0,42634351.23,1165186.54,36133277.94,5285808465717.9795,5.0,837205.5,0.0,606177.81,2982357.68,,,,,1.0,,7.0,0.84,,,,,,,,,,,700947044.0,7.0,31.0107237764693,146286.43641175225,,,0.0,7.0,0.8887055664831628,0.0,False,False,False,True
2015_Floods,15f,2024,1,disaster,2015_Floods|15f,1,19.0,2.0,17.0,0.0,0.1052631578947368,,0.0,23605480.39,19952.5,12800088.98,6615954886427.99,1.0,809874.5,0.0,3701069.0,2933191.69,,,,,,,7.0,0.84,,,,,,,,,,,700947044.0,7.0,641.528078185691,516867.8824627975,,,0.1052631578947368,7.0,0.8887055664831628,0.1052631578947368,False,False,False,True
2015_Floods,15f,2024,2,disaster,2015_Floods|15f,1,39.0,6.0,33.0,0.0,0.1538461538461538,,0.0,35608420.800000004,1858.83,25553449.72,11110627147409.04,1.0,837205.5,0.0,2933192.6,2933192.6,,,,,,,7.0,0.84,,,,,,,,,,,700947044.0,7.0,13747.061172888321,434799.4994473505,,,0.1538461538461538,7.0,0.8887055664831628,0.1538461538461538,False,False,False,True
2015_Floods,15f,2024,3,disaster,2015_Floods|15f,1,16.0,8.0,8.0,0.0,0.5,,0.0,12597330.52,41.08,10014474.12,4888549014043.04,,,,,,,,,,,,7.0,0.84,,,,,,,,,,,700947044.0,7.0,243779.79844206426,488148.3496252762,,,0.5,7.0,0.8887055664831628,0.5,False,False,False,True
2015_Floods,15f,2024,4,disaster,2015_Floods|15f,1,10.0,5.0,5.0,0.0,0.5,,0.0,7492251.0,5516.89,2401868.48,6884019589496.08,1.0,837205.5,0.0,588.88,2932603.72,,,,,,,7.0,0.84,,,,,,,,,,,700947044.0,7.0,435.36638939692466,2866110.1333475513,,,0.5,7.0,0.8887055664831628,0.5,False,False,False,True
2015_Floods,15f,2025,1,disaster,2015_Floods|15f,1,18.0,9.0,9.0,0.0,0.5,,0.0,20935162.92,910810.42,11370439.17,7968031892467.04,1.0,837205.5,0.0,136.41,2932740.13,,,,,,,7.0,0.84,,,,,,,,,,,700947044.0,7.0,12.483870320675514,700767.2943266834,,,0.5,7.0,0.8887055664831628,0.5,False,False,False,True
2015_Floods,15f,2025,2,disaster,2015_Floods|15f,1,14.0,2.0,10.0,2.0,0.1428571428571428,,0.0,13374726.92,100.79,5829229.95,6150076531371.79,1.0,837205.5,0.0,13824.08,2946564.21,,,,,,,7.0,0.84,,,,,,,,,,,700947044.0,7.0,57835.39984125409,1055040.9889683267,,,0.1428571428571428,7.0,0.8887055664831628,0.1428571428571428,False,False,False,True
2015_Floods,15f,2025,3,disaster,2015_Floods|15f,1,13.0,4.0,7.0,2.0,0.3076923076923077,,0.0,4761088.04,1190.52,13644779.04,15705489.89,1.0,837205.5,0.0,2961058.13,2961058.13,,,,,,,7.0,0.84,,,,,,,,,,,700947044.0,7.0,11461.19262171152,1.151025593302682,,,0.3076923076923077,7.0,0.8887055664831628,0.3076923076923077,False,False,False,True
2015_Floods,f15,2017,2,disaster,2015_Floods|f15,1,2.0,0.0,2.0,0.0,0.0,,0.0,122125.94,22935.52,145977.9,127326.77,1.0,108805.5,0.0,123042.38,123042.38,,,,,,,8.0,0.84,,,,,,,,,,,780803164.0,8.0,6.364708539418334,0.8722331942026842,,,0.0,8.0,2.1471252117038504,0.0,False,False,False,True
2015_Floods,f15,2017,3,disaster,2015_Floods|f15,1,2.0,0.0,2.0,0.0,0.0,,0.0,122125.94,13121.07,363282.98,191052.53,1.0,108805.5,0.0,212150.86,177732.09,,,,,,,8.0,0.84,,,,,,,,,,,780803164.0,8.0,27.686993515010588,0.5259055351285656,,,0.0,8.0,2.1471252117038504,0.0,False,False,False,True
2015_Floods,f15,2017,4,disaster,2015_Floods|f15,1,2.0,0.0,2.0,0.0,0.0,,0.0,122125.94,13121.07,363282.98,191052.53,1.0,108805.5,0.0,212150.86,177732.09,,,,,,,8.0,0.84,,,,,,,,,,,780803164.0,8.0,27.686993515010588,0.5259055351285656,,,0.0,8.0,2.1471252117038504,0.0,False,False,False,True
2015_Floods,f15,2018,1,disaster,2015_Floods|f15,1,2.0,0.0,2.0,0.0,0.0,,0.0,122125.94,55933.81,363262.64,294207.76,1.0,108805.5,0.0,280887.32,280887.32,,,,,,,8.0,0.84,,,,,,,,,,,780803164.0,8.0,6.494509134993665,0.8099037104393669,,,0.0,8.0,2.1471252117038504,0.0,False,False,False,True
2015_Floods,f15,2018,2,disaster,2015_Floods|f15,1,28.0,0.0,28.0,0.0,0.0,,0.0,18291405.97,49216.65,19749404.33,21216758.01,4.0,1559988.0,49216.65,1533488.0,1252600.68,,,,,323.0,,8.0,0.84,,,,,,,,,,,780803164.0,8.0,401.27485982893995,1.0742986297450523,,,0.0,8.0,2.1471252117038504,0.0,False,False,False,True
2015_Floods,f15,2018,3,disaster,2015_Floods|f15,1,26.0,0.0,26.0,0.0,0.0,,0.0,15979067.04,163103.46,19016808.88,18881405.31,6.0,1720784.85,163103.46,1677645.85,678435.28,,,,,,,8.0,0.84,,,,,,,,,,,780803164.0,8.0,116.59353443513706,0.9928797954034021,,,0.0,8.0,2.1471252117038504,0.0,False,False,False,True
2015_Floods,f15,2019,1,disaster,2015_Floods|f15,1,33.0,0.0,33.0,0.0,0.0,,0.0,23649868.13,700640.86,27898852.25,8131057.81,3.0,3067074.0,155851.38,3027074.0,1617828.99,,,,,718.47,,8.0,0.84,,,,,,,,,,,780803164.0,8.0,39.81904830671737,0.2914477533748722,,,0.0,8.0,2.1471252117038504,0.0,False,False,False,True
2015_Floods,f15,2019,2,disaster,2015_Floods|f15,1,33.0,0.0,33.0,0.0,0.0,,0.0,29173702.84,462098.99,30547462.89,1068741799567.93,2.0,3027570.0,4299.0,3027570.0,1068740174299.0,,,,,323.0,,8.0,0.84,,,,,,,,,,,780803164.0,8.0,66.10588542944014,34986.27049376964,,,0.0,8.0,2.1471252117038504,0.0,False,False,False,True
2015_Floods,f15,2019,3,disaster,2015_Floods|f15,1,29.0,0.0,29.0,0.0,0.0,,0.0,26332390.63,1219332.72,32309739.63,6105911.54,2.0,3027331.0,135984.37,3027331.0,1232055.54,,,,,323.0,,8.0,0.84,,,,,,,,,,,780803164.0,8.0,26.497886179909944,0.18898052444627517,,,0.0,8.0,2.1471252117038504,0.0,False,False,False,True
2015_Floods,f15,2020,2,disaster,2015_Floods|f15,1,62.0,0.0,62.0,0.0,0.0,,0.0,51946081.3,3017534.55,391522590539718.2,1515351741290.22,1.0,3000000.0,0.0,3000000.0,1515338110000.0,,,,,323.0,,8.0,0.84,,,,,,,,,,,780803164.0,8.0,129749165.76836485,0.003870406913688661,,,0.0,8.0,2.1471252117038504,0.0,False,False,False,True
2016_Floods,16f,2019,4,disaster,2016_Floods|16f,1,66.0,0.0,66.0,0.0,0.0,,0.0,136011404.01,1967652.21,178233467.43,4749949761552.63,3.0,10507439.0,478788.09,6049105.31,2016379.41,,,,,10.0,,8.0,0.8474999999999999,,,,,,,,,29.0,1.0,1416625321.0,7.0,90.58179414237031,26650.156281216605,,,0.0,8.0,0.7757643016673731,0.0,False,False,True,True
2016_Floods,16f,2020,1,disaster,2016_Floods|16f,1,57.0,0.0,57.0,0.0,0.0,,0.0,125432295.45,1769251.35,151931926.72,92364954935.18,3.0,10724302.0,94473.76,6265968.31,2077784.47,,,6.0,93.0,16.0,,8.0,0.8474999999999999,,,,,,,,,29.0,1.0,1416625321.0,7.0,85.87356834290391,607.9364418605853,,,0.0,8.0,0.7757643016673731,0.0,False,False,True,True
2016_Floods,16f,2020,3,disaster,2016_Floods|16f,1,63.0,0.0,63.0,0.0,0.0,,0.0,121533963.82,2873315.6999999997,160390340.19,1146224974781.22,4.0,10425073.93,123807.8,10425073.93,4189312.79,,,18.0,93.0,4.0,,8.0,0.8474999999999999,,,,,,,,,29.0,1.0,1416625321.0,7.0,55.820646575661705,7146.471373671197,,,0.0,8.0,0.7757643016673731,0.0,False,False,True,True
2016_Floods,16f,2020,4,disaster,2016_Floods|16f,1,58.0,0.0,58.0,0.0,0.0,,0.0,111671051.52,4098751.24,101433944.28,6449140123618.84,1.0,10132350.93,442891.75,10132350.93,2665378.35,,,18.0,93.0,4.0,,25.0,0.8832000000000001,,,33266.13,17.0,,,,,29.0,1.0,1416625321.0,7.0,24.747523901938482,63579.70371157532,,,0.0,25.0,0.7757643016673731,0.0,False,True,True,True
2016_Floods,16f,2021,1,disaster,2016_Floods|16f,1,61.0,0.0,61.0,0.0,0.0,,0.0,120392004.2,4556855.59,84438938.03999999,8576134620854.5,2.0,10132350.93,33149.5,10310740.93,6369684.07,,,19.0,102.0,3.0,,8.0,0.8474999999999999,,,,,,,,,29.0,1.0,1416625321.0,7.0,18.530088648255802,101566.11179538823,,,0.0,8.0,0.7757643016673731,0.0,False,False,True,True
2016_Floods,16f,2021,2,disaster,2016_Floods|16f,1,67.0,0.0,67.0,0.0,0.0,,0.0,188255956.36,7389786.93,98860104.27,9457579940209.62,1.0,10132350.93,3601686.56,10132350.93,9938221.13,14245.0,14245.0,22.0,124.0,4.0,,7.0,0.8485714285714285,,,,,,,,,29.0,1.0,839085203.0,6.0,13.377937037489117,95666.29541862226,,,0.0,7.0,0.7757643016673731,0.0,False,False,True,True
2016_Floods,16f,2021,3,disaster,2016_Floods|16f,1,73.0,0.0,73.0,0.0,0.0,,0.0,177447170.65,2138837.74,98778068.49,6864297758895.069,3.0,40000.0,50001.990000000005,226853.16,44688.33,14245.0,14245.0,22.0,124.0,3.0,,7.0,0.8485714285714285,,,,,,,,,29.0,1.0,839085203.0,6.0,46.18305851008594,69492.12374597091,,,0.0,7.0,0.7757643016673731,0.0,False,False,True,True
2016_Floods,16f,2021,4,disaster,2016_Floods|16f,1,68.0,0.0,68.0,0.0,0.0,,0.0,184033434.18,6716605.83,128014075.5,7633489777340.46,1.0,33981.07,1732.25,1732.25,1732.25,11935.0,11935.0,25.0,147.0,2022.0,,7.0,0.8485714285714285,,,,,,,,,29.0,1.0,839085203.0,6.0,19.059340199512647,59630.08167285839,,,0.0,7.0,0.7757643016673731,0.0,False,False,True,True
2016_Floods,16f,2022,1,disaster,2016_Floods|16f,1,72.0,0.0,72.0,0.0,0.0,,0.0,197798343.64,1576.76,144019047.81,3208892203967.44,1.0,40000.0,0.0,16000.0,26000.0,,,,,,,7.0,0.8485714285714285,,,,,,,,,29.0,1.0,839085203.0,6.0,91338.5980174535,22281.026383404747,,,0.0,7.0,0.7757643016673731,0.0,False,False,True,True
2016_Floods,16f,2022,2,disaster,2016_Floods|16f,1,74.0,0.0,74.0,0.0,0.0,,0.0,204307948.46,706.03,134761041.96,29689339218859.0,3.0,10212350.93,0.0,10145350.93,9461998.89,,,,,2016.0,,7.0,0.8485714285714285,,,,,,,,,29.0,1.0,839085203.0,6.0,190871.55214367664,220310.99483240445,,,0.0,7.0,0.7757643016673731,0.0,False,False,True,True
2016_Floods,16f,2022,3,disaster,2016_Floods|16f,1,64.0,0.0,63.0,1.0,0.0,,0.0,177289570.12,0.0,87786342.56,2624916757759.46,4.0,10350740.93,0.0,10342740.93,9690622.51,,,,,,,7.0,0.8485714285714285,,,,,,,,,29.0,1.0,839085203.0,6.0,,29901.19739827853,,,0.0,7.0,0.7757643016673731,0.0,False,False,True,True
2016_Floods,16f,2022,4,disaster,2016_Floods|16f,1,64.0,0.0,64.0,0.0,0.0,,0.0,160780361.05,7586523.16,137873547.10999998,7854206019593.14,2.0,10186457.28,0.0,10438953.58,9751093.25,,,,,5.0,,7.0,0.8485714285714285,,,,,,,,,29.0,1.0,839085203.0,6.0,18.17348266158855,56966.73643513936,,,0.0,7.0,0.7757643016673731,0.0,False,False,True,True
2016_Floods,16f,2023,1,disaster,2016_Floods|16f,1,69.0,0.0,69.0,0.0,0.0,,0.0,195084406.5,0.0,104559577.17,14448978169727.43,4.0,10314083.18,0.0,9491250.94,9491250.94,,,,,7.0,,7.0,0.8485714285714285,,,,,,,,,29.0,1.0,839085203.0,6.0,,138188.9498867742,,,0.0,7.0,0.7757643016673731,0.0,False,False,True,True
2016_Floods,16f,2023,2,disaster,2016_Floods|16f,1,68.0,0.0,68.0,0.0,0.0,,0.0,163168713.3,232928.95,116967521.9,21166514882394.09,4.0,10290350.93,0.0,9508490.58,9444490650000.0,,,,,,,7.0,0.8485714285714285,,,,,,,,,29.0,1.0,839085203.0,6.0,502.15965812751057,180960.61657602826,,,0.0,7.0,0.7757643016673731,0.0,False,False,True,True
2016_Floods,16f,2023,3,disaster,2016_Floods|16f,1,73.0,10.0,63.0,0.0,0.136986301369863,,0.0,181532337.54,50237.59,116915102.21,33180418333062.3,4.0,10323499.42,0.0,9519342.09,9444490642851.51,,,,,,,7.0,0.8485714285714285,,,,,,,,,29.0,1.0,839085203.0,6.0,2327.243448780087,283799.2501042719,,,0.136986301369863,7.0,0.7757643016673731,0.136986301369863,False,False,True,True
2016_Floods,16f,2023,4,disaster,2016_Floods|16f,1,41.0,0.0,41.0,0.0,0.0,,0.0,139153520.9,2567681.78,80456547.03,9837634533247.57,2.0,10246350.93,0.0,45968.93,9478459.51,,,,,,,7.0,0.8485714285714285,,,,,,,,,29.0,1.0,839085203.0,6.0,31.334313954589813,122272.64152386991,,,0.0,7.0,0.7757643016673731,0.0,False,False,True,True
2016_Floods,16f,2024,1,disaster,2016_Floods|16f,1,53.0,3.0,50.0,0.0,0.0566037735849056,,0.0,129429089.28,1976.62,87702203.85,21305042443003.75,,,,,,,,,,,,7.0,0.8485714285714285,,,,,,,,,29.0,1.0,839085203.0,6.0,44369.78470823932,242924.82409498483,,,0.0566037735849056,7.0,0.7757643016673731,0.0566037735849056,False,False,True,True
2016_Floods,16f,2024,2,disaster,2016_Floods|16f,1,38.0,2.0,36.0,0.0,0.0526315789473684,,0.0,139062490.71,13085.37,96996373.03,10098767595235.73,2.0,10246350.93,0.0,14000.0,9464459.51,,,,,,,7.0,0.8485714285714285,,,,,,,,,29.0,1.0,839085203.0,6.0,7412.581610607877,104114.8991427987,,,0.0526315789473684,7.0,0.7757643016673731,0.0526315789473684,False,False,True,True
2016_Floods,16f,2024,3,disaster,2016_Floods|16f,1,50.0,8.0,42.0,0.0,0.16,,0.0,137702997.12,5010.4,105849780.65,12084582341424.44,1.0,11933601.51,0.0,1701250.58,9464936.53,,,,,,,7.0,0.8485714285714285,,,,,,,,,29.0,1.0,839085203.0,6.0,21126.01402083666,114167.28752025467,,,0.16,7.0,0.7757643016673731,0.16,False,False,True,True
2016_Floods,16f,2024,4,disaster,2016_Floods|16f,1,32.0,0.0,31.0,1.0,0.0,,0.0,104385929.09,2594.7700000000004,100422207.32,20779021679758.5,2.0,11944750.0,0.0,9464395.38,9464395380000.0,,,,,27.0,,7.0,0.8485714285714285,,,,,,,,,29.0,1.0,839085203.0,6.0,38701.7760032681,206916.59976707332,,,0.0,7.0,0.7757643016673731,0.0,False,False,True,True
2016_Floods,16f,2025,1,disaster,2016_Floods|16f,1,34.0,1.0,32.0,1.0,0.0294117647058823,,0.0,129331875.4,2041196.4,93706258.98,28552231356150.91,1.0,11944750.0,0.0,18393.96,9482789340000.0,,,,,,,7.0,0.8485714285714285,,,,,,,,,29.0,1.0,839085203.0,6.0,45.907517267814114,304699.29828534607,,,0.0294117647058823,7.0,0.7757643016673731,0.0294117647058823,False,False,True,True
2016_Floods,16f,2025,2,disaster,2016_Floods|16f,1,41.0,0.0,41.0,0.0,0.0,,0.0,127920837.28,1258.52,87633625.5,10694167644133.1,1.0,11944750.0,0.0,4272.51,9478516.83,,,,,,,7.0,0.8485714285714285,,,,,,,,,29.0,1.0,839085203.0,6.0,69632.28673362362,122032.69673161132,,,0.0,7.0,0.7757643016673731,0.0,False,False,True,True
2016_Floods,16f,2025,3,disaster,2016_Floods|16f,1,34.0,8.0,26.0,0.0,0.2352941176470588,,0.0,116196429.2,636.53,66212189.54,6422448735271.61,1.0,11944750.0,0.0,21076.39,9499593.22,,,,,,,7.0,0.8485714285714285,,,,,,,,,29.0,1.0,839085203.0,6.0,104020.53248079431,96997.98148786019,,,0.2352941176470588,7.0,0.7757643016673731,0.2352941176470588,False,False,True,True
2016_Floods,f16,2018,2,disaster,2016_Floods|f16,1,2.0,0.0,2.0,0.0,0.0,,0.0,33377600.0,166666.91,818417.0,818417.0,1.0,11113200.0,110627.91,818417.0,818417.0,,,,,,,8.0,0.8474999999999999,,,,,,,,,29.0,1.0,1416625321.0,7.0,4.910494830677547,1.0,,,0.0,8.0,2.645702003003215,0.0,False,False,True,True
2016_Floods,f16,2018,3,disaster,2016_Floods|f16,1,10.0,0.0,10.0,0.0,0.0,,0.0,49844944.76,459406.2,28801889.93,28477889.18,3.0,11573909.0,421597.27,1279126.0,992934.18,,,,,,,8.0,0.8474999999999999,,,,,,,,,29.0,1.0,1416625321.0,7.0,62.69373362832282,0.9887507121655055,,,0.0,8.0,2.645702003003215,0.0,False,False,True,True
2016_Floods,f16,2018,4,disaster,2016_Floods|f16,1,27.0,0.0,27.0,0.0,0.0,,0.0,76204901.45,349805.59,60797795.57,33852106.79,6.0,11871163.42,0.0,1210741.42,1123373.83,,,,,,,8.0,0.8474999999999999,,,,,,,,,29.0,1.0,1416625321.0,7.0,173.8045283095676,0.5567982600787577,,,0.0,8.0,2.645702003003215,0.0,False,False,True,True
2016_Floods,f16,2019,1,disaster,2016_Floods|f16,1,10.0,0.0,10.0,0.0,0.0,,0.0,43810139.0,857058.88,38294255.04,27622097.0,1.0,11113200.0,432769.44,6000000.0,5181583.0,,,,,,,8.0,0.8474999999999999,,,,,,,,,29.0,1.0,1416625321.0,7.0,44.68100842733232,0.7213117730361259,,,0.0,8.0,2.645702003003215,0.0,False,False,True,True
2016_Floods,f16,2019,2,disaster,2016_Floods|f16,1,29.0,0.0,29.0,0.0,0.0,,0.0,111876982.6,452596.05,96315999.12,31634523.34,5.0,11594744.0,99569.75,1883051.74,1685129.35,,,,,,,8.0,0.8474999999999999,,,,,,,,,29.0,1.0,1416625321.0,7.0,212.8078650266612,0.3284451558311364,,,0.0,8.0,2.645702003003215,0.0,False,False,True,True
2016_Floods,f16,2019,3,disaster,2016_Floods|f16,1,32.0,0.0,32.0,0.0,0.0,,0.0,114094174.67,699648.98,111515136.53,36007853.84,2.0,10320190.0,343232.62,383232.62,1534854.58,,,,,,,8.0,0.8474999999999999,,,,,,,,,29.0,1.0,1416625321.0,7.0,159.3872637819039,0.32289655880314605,,,0.0,8.0,2.645702003003215,0.0,False,False,True,True
2016_Floods,f16,2020,2,disaster,2016_Floods|f16,1,56.0,0.0,56.0,0.0,0.0,,0.0,104465346.18,1722245.11,132439861.5,9916566712924.09,6.0,10539055.0,81319.35,474543.14,2219375.0,,,7.0,93.0,4.0,,8.0,0.8474999999999999,,,,,,,,,29.0,1.0,1416625321.0,7.0,76.89954277181835,74875.99730632525,,,0.0,8.0,2.645702003003215,0.0,False,False,True,True
2018_Floods_ActionPlan,2018-floods,2022,3,disaster,2018_Floods_ActionPlan|2018-floods,1,14.0,0.0,14.0,0.0,0.0,,0.0,16513000.0,0.0,0.0,0.0,3.0,0.0,0.0,0.0,0.0,,,,,600.0,,1.0,0.76,,,,,20000.0,1.0,,,,,,,,,,,0.0,1.0,,0.0,False,False,False,False
2018_Floods_ActionPlan,2018-floods,2022,4,disaster,2018_Floods_ActionPlan|2018-floods,1,14.0,0.0,14.0,0.0,0.0,,0.0,13513000.0,0.0,0.0,0.0,3.0,0.0,0.0,0.0,0.0,,,,,600.0,,1.0,0.76,,,,,20000.0,1.0,,,,,,,,,,,0.0,1.0,,0.0,False,False,False,False
2018_Floods_ActionPlan,2018-floods,2023,1,disaster,2018_Floods_ActionPlan|2018-floods,1,15.0,0.0,14.0,0.0,0.0,,0.0,10513000.0,0.0,0.0,0.0,3.0,0.0,0.0,0.0,0.0,,,,,600.0,,1.0,0.76,,,,,20000.0,1.0,,,,,,,,,,,0.0,1.0,,0.0,False,False,False,False
2018_Floods_ActionPlan,2018-floods,2023,2,disaster,2018_Floods_ActionPlan|2018-floods,1,13.0,0.0,13.0,0.0,0.0,,0.0,10513000.0,0.0,0.0,0.0,2.0,0.0,0.0,0.0,0.0,,,,,600.0,,1.0,0.76,,,,,20000.0,1.0,,,,,,,,,,,0.0,1.0,,0.0,False,False,False,False
2018_Floods_ActionPlan,2018-floods,2023,3,disaster,2018_Floods_ActionPlan|2018-floods,1,20.0,0.0,20.0,0.0,0.0,,0.0,11739000.0,0.0,0.0,0.0,2.0,0.0,0.0,0.0,0.0,,,,,600.0,,1.0,0.76,,,,,20000.0,1.0,,,,,,,,,,,0.0,1.0,,0.0,False,False,False,False
2018_Floods_ActionPlan,2018-floods,2023,4,disaster,2018_Floods_ActionPlan|2018-floods,1,21.0,0.0,21.0,0.0,0.0,,0.0,15025000.0,0.0,0.0,0.0,2.0,0.0,0.0,0.0,0.0,,,,,600.0,,1.0,0.76,,,,,20000.0,1.0,,,,,,,,,,,0.0,1.0,,0.0,False,False,False,False
2018_Floods_ActionPlan,2018-floods,2024,1,disaster,2018_Floods_ActionPlan|2018-floods,1,27.0,0.0,27.0,0.0,0.0,,0.0,20331625.2,0.0,0.0,0.0,2.0,0.0,0.0,0.0,0.0,,,,,600.0,,1.0,0.76,,,,,20000.0,1.0,,,,,,,,,,,0.0,1.0,,0.0,False,False,False,False
2018_Floods_ActionPlan,2018-floods,2024,2,disaster,2018_Floods_ActionPlan|2018-floods,1,30.0,0.0,30.0,0.0,0.0,,0.0,20615925.1,0.0,0.0,0.0,2.0,0.0,0.0,0.0,0.0,,,,,600.0,,1.0,0.76,,,,,20000.0,1.0,,,,,,,,,,,0.0,1.0,,0.0,False,False,False,False
2018_Floods_ActionPlan,2018-floods,2024,3,disaster,2018_Floods_ActionPlan|2018-floods,1,30.0,0.0,30.0,0.0,0.0,,0.0,20615925.1,0.0,0.0,0.0,2.0,0.0,0.0,0.0,0.0,,,,,600.0,,1.0,0.76,,,,,20000.0,1.0,,,,,,,,,,,0.0,1.0,,0.0,False,False,False,False
2018_Floods_ActionPlan,2018-floods,2024,4,disaster,2018_Floods_ActionPlan|2018-floods,1,31.0,0.0,31.0,0.0,0.0,,0.0,0.0,0.0,0.0,0.0,2.0,0.0,0.0,0.0,0.0,,,,,600.0,,1.0,0.76,,,,,20000.0,1.0,,,,,,,,,,,0.0,1.0,,0.0,False,False,False,False
2018_Floods_ActionPlan,2018-floods,2025,1,disaster,2018_Floods_ActionPlan|2018-floods,1,31.0,0.0,30.0,1.0,0.0,,0.0,0.0,0.0,0.0,0.0,2.0,0.0,0.0,0.0,0.0,,,,,600.0,,1.0,0.76,,,,,20000.0,1.0,,,,,,,,,,,0.0,1.0,,0.0,False,False,False,False
2018_Floods_ActionPlan,2018-floods,2025,2,disaster,2018_Floods_ActionPlan|2018-floods,1,35.0,0.0,34.0,1.0,0.0,,0.0,0.0,0.0,0.0,0.0,2.0,0.0,0.0,0.0,0.0,,,,,600.0,,1.0,0.76,,,,,20000.0,1.0,,,,,,,,,,,0.0,1.0,,0.0,False,False,False,False
2018_Floods_ActionPlan,2018-floods,2025,3,disaster,2018_Floods_ActionPlan|2018-floods,1,35.0,0.0,34.0,1.0,0.0,,0.0,0.0,0.0,0.0,0.0,2.0,0.0,0.0,0.0,0.0,,,,,600.0,,1.0,0.76,,,,,20000.0,1.0,,,,,,,,,,,0.0,1.0,,0.0,False,False,False,False
2018_Floods_ActionPlan,2018-floods,2025,4,disaster,2018_Floods_ActionPlan|2018-floods,1,34.0,0.0,33.0,1.0,0.0,,0.0,0.0,0.0,0.0,0.0,2.0,0.0,0.0,0.0,0.0,,,,,600.0,,1.0,0.76,,,,,20000.0,1.0,,,,,,,,,,,0.0,1.0,,0.0,False,False,False,False
2018_Floods_ActionPlan,2018-south-texas-floods,2021,3,disaster,2018_Floods_ActionPlan|2018-south-texas-floods,1,15.0,0.0,14.0,1.0,0.0,,0.0,16513000.0,0.0,0.0,0.0,2.0,0.0,0.0,0.0,0.0,,,,,600.0,,1.0,0.76,,,,,20000.0,1.0,,,,,,,,,,,0.0,1.0,,0.0,False,False,False,False
2018_Floods_ActionPlan,2018-south-texas-floods,2021,4,disaster,2018_Floods_ActionPlan|2018-south-texas-floods,1,15.0,0.0,14.0,1.0,0.0,,0.0,16513000.0,0.0,0.0,0.0,2.0,0.0,0.0,0.0,0.0,,,,,600.0,,1.0,0.76,,,,,20000.0,1.0,,,,,,,,,,,0.0,1.0,,0.0,False,False,False,False
2018_Floods_ActionPlan,2018-south-texas-floods,2022,1,disaster,2018_Floods_ActionPlan|2018-south-texas-floods,1,14.0,0.0,14.0,0.0,0.0,,0.0,16513000.0,0.0,0.0,0.0,2.0,0.0,0.0,0.0,0.0,,,,,600.0,,1.0,0.76,,,,,20000.0,1.0,,,,,,,,,,,0.0,1.0,,0.0,False,False,False,False
2018_Floods_ActionPlan,2018-south-texas-floods,2022,2,disaster,2018_Floods_ActionPlan|2018-south-texas-floods,1,14.0,0.0,14.0,0.0,0.0,,0.0,16513000.0,0.0,0.0,0.0,2.0,0.0,0.0,0.0,0.0,,,,,600.0,,1.0,0.76,,,,,20000.0,1.0,,,,,,,,,,,0.0,1.0,,0.0,False,False,False,False
2018_Floods_Performance,2018-floods,2021,3,disaster,2018_Floods_Performance|2018-floods,1,13.0,0.0,13.0,0.0,0.0,,0.0,52074600.0,310988.47,53005281.43,36986530.66,2.0,7291300.0,11201.08,3645650.0,3645650.0,,,,,600.0,,1.0,0.76,,,,,20000.0,1.0,,,,,,,170.44130745426028,0.6977895345927984,,,0.0,1.0,2.2769993062059033,0.0,False,False,False,False
2018_Floods_Performance,2018-floods,2021,4,disaster,2018_Floods_Performance|2018-floods,1,14.0,0.0,14.0,0.0,0.0,,0.0,91454600.0,23622.38,72695281.43,45699444.26,2.0,7291300.0,2002.96,3645650.0,208992.19,,,1.0,15.0,600.0,,1.0,0.76,,,,,20000.0,1.0,,,,,,,3077.3902303662885,0.6286438866600312,,,0.0,1.0,2.2769993062059033,0.0,False,False,False,False
2018_Floods_Performance,2018-floods,2022,1,disaster,2018_Floods_Performance|2018-floods,1,12.0,0.0,12.0,0.0,0.0,,0.0,45177100.0,0.0,49556531.43,25750777.69,1.0,393800.0,0.0,196900.0,196900.0,,,,,600.0,,1.0,0.76,,,,,20000.0,1.0,,,,,,,,0.5196242946577829,,,0.0,1.0,2.2769993062059033,0.0,False,False,False,False
2018_Floods_Performance,2018-floods,2022,2,disaster,2018_Floods_Performance|2018-floods,1,12.0,0.0,12.0,0.0,0.0,,0.0,45177100.0,0.0,49556531.43,25991201.64,1.0,393800.0,0.0,196900.0,196900.0,,,,,600.0,,1.0,0.76,,,,,20000.0,1.0,,,,,,,,0.5244758034914794,,,0.0,1.0,2.2769993062059033,0.0,False,False,False,False
2018_Floods_Performance,2018-floods,2022,3,disaster,2018_Floods_Performance|2018-floods,1,14.0,0.0,14.0,0.0,0.0,,0.0,91454600.0,0.0,72261300.0,46508592.33,3.0,46671300.0,0.0,23335650.0,19951342.02,,,,,600.0,,1.0,0.76,,,,,20000.0,1.0,,,,,,,,0.6436168783290641,,,0.0,1.0,2.2769993062059033,0.0,False,False,False,False
2018_Floods_Performance,2018-floods,2022,4,disaster,2018_Floods_Performance|2018-floods,1,14.0,0.0,14.0,0.0,0.0,,0.0,74978600.0,3000000.0,69261300.0,54849290.42,3.0,40671300.0,0.0,20335650.0,20102274.61,,,,,600.0,,1.0,0.76,,,,,20000.0,1.0,,,,,,,23.0871,0.791918292321975,,,0.0,1.0,2.2769993062059033,0.0,False,False,False,False
2018_Floods_Performance,2018-floods,2023,2,disaster,2018_Floods_Performance|2018-floods,1,12.0,0.0,12.0,0.0,0.0,,0.0,34701100.0,0.0,49122550.0,29431606.57,1.0,393800.0,0.0,196900.0,196900.0,,,,,600.0,,1.0,0.76,,,,,20000.0,1.0,,,,,,,,0.5991465542810787,,,0.0,1.0,2.2769993062059033,0.0,False,False,False,False
2018_Floods_Performance,2018-floods,2023,3,disaster,2018_Floods_Performance|2018-floods,1,5.0,0.0,5.0,0.0,0.0,,0.0,28808750.0,0.0,20071750.0,14304708.29,1.0,3448750.0,0.0,3448750.0,125413.25,,,,,600.0,,1.0,0.76,,,,,20000.0,1.0,,,,,,,,0.7126786797364455,,,0.0,1.0,2.2769993062059033,0.0,False,False,False,False
2018_Floods_Performance,2018-floods,2023,4,disaster,2018_Floods_Performance|2018-floods,1,13.0,0.0,13.0,0.0,0.0,,0.0,47079300.0,286000.0,37724532.09,29952707.52,2.0,3645650.0,0.0,3645650.0,3412274.61,,,,,600.0,,1.0,0.76,,,,,20000.0,1.0,,,,,,,131.90395835664336,0.7939848650353398,,,0.0,1.0,2.2769993062059033,0.0,False,False,False,False
2018_Floods_Performance,2018-floods,2024,1,disaster,2018_Floods_Performance|2018-floods,1,25.0,0.0,25.0,0.0,0.0,,0.0,29900912.36,375000.0,53046522.56,44021713.62,2.0,3645650.0,0.0,2320000.0,1522550.0,,,,,600.0,,1.0,0.76,,,,,20000.0,1.0,,,,,,,141.45739349333334,0.8298699235224666,,,0.0,1.0,2.2769993062059033,0.0,False,False,False,False
2018_Floods_Performance,2018-floods,2024,2,disaster,2018_Floods_Performance|2018-floods,1,19.0,0.0,19.0,0.0,0.0,,0.0,46332112.36,229204.02,49553390.2,42371237.24,1.0,3448750.0,0.0,3448750.0,1325650.0,,,,,600.0,,1.0,0.76,,,,,20000.0,1.0,,,,,,,216.19773597339176,0.8550623291158795,,,0.0,1.0,2.2769993062059033,0.0,False,False,False,False
2018_Floods_Performance,2018-floods,2024,3,disaster,2018_Floods_Performance|2018-floods,1,25.0,0.0,25.0,0.0,0.0,,0.0,22179222.16,0.0,57476801.77,5741786495796.21,1.0,196900.0,0.0,196900.0,196900.0,,,,,600.0,,1.0,0.76,,,,,20000.0,1.0,,,,,,,,99897.45982688156,,,0.0,1.0,2.2769993062059033,0.0,False,False,False,False
2018_Floods_Performance,2018-floods,2024,4,disaster,2018_Floods_Performance|2018-floods,1,22.0,0.0,22.0,0.0,0.0,,0.0,23362802.31,235256.53,54506812.8,38940792.8,2.0,3645650.0,0.0,3645650.0,1522550.0,,,,,600.0,,1.0,0.76,,,,,20000.0,1.0,,,,,,,231.6909664526634,0.7144206531187969,,,0.0,1.0,2.2769993062059033,0.0,False,False,False,False
2018_Floods_Performance,2018-floods,2025,1,disaster,2018_Floods_Performance|2018-floods,1,13.0,0.0,13.0,0.0,0.0,,0.0,40037338.75,0.0,41970333.67,4809975245531.5,,,,,,,,,,600.0,,1.0,0.76,,,,,20000.0,1.0,,,,,,,,114604.1697774165,,,0.0,1.0,2.2769993062059033,0.0,False,False,False,False
2018_Floods_Performance,2018-floods,2025,2,disaster,2018_Floods_Performance|2018-floods,1,23.0,0.0,23.0,0.0,0.0,,0.0,24688797.76,0.0,48644571.349999994,2489495605505.77,2.0,3645650.0,0.0,2419229.6399999997,1473714.82,,,,,600.0,,1.0,0.76,,,,,20000.0,1.0,,,,,,,,51177.2544482658,,,0.0,1.0,2.2769993062059033,0.0,False,False,False,False
2018_Floods_Performance,2018-floods,2025,3,disaster,2018_Floods_Performance|2018-floods,1,25.0,0.0,25.0,0.0,0.0,,0.0,29364433.97,0.0,51519903.53,44853548.45,1.0,3596814.82,0.0,2271164.82,1325650.0,,,,,600.0,,1.0,0.76,,,,,20000.0,1.0,,,,,,,,0.870606219669682,,,0.0,1.0,2.2769993062059033,0.0,False,False,False,False
2018_Floods_Performance,2018-floodsgrantreport,2023,1,disaster,2018_Floods_Performance|2018-floodsgrantreport,1,13.0,0.0,12.0,0.0,0.0,,0.0,34701100.0,0.0,49122550.0,31443710.64,1.0,393800.0,0.0,196900.0,196900.0,,,,,600.0,,1.0,0.76,,,,,20000.0,1.0,,,,,,,,0.6401074585908101,,,0.0,1.0,,0.0,False,False,False,False
2019_Disasters_ActionPlan,2018-floods,2024,2,disaster,2019_Disasters_ActionPlan|2018-floods,1,30.0,0.0,30.0,0.0,0.0,,0.0,20615925.1,0.0,0.0,0.0,2.0,0.0,0.0,0.0,0.0,,,,,600.0,,1.0,0.76,,,,,20000.0,1.0,,,,,,,,,,,0.0,1.0,,0.0,False,False,False,False
2019_Disasters_ActionPlan,2019-disasters,2021,3,disaster,2019_Disasters_ActionPlan|2019-disasters,1,24.0,0.0,24.0,0.0,0.0,,0.0,78714100.0,0.0,10637050.0,0.0,2.0,10637050.0,0.0,0.0,0.0,,,,,6.0,75.0,,,,,,,,,,,,,,,,0.0,,,0.0,,,0.0,False,False,False,False
2019_Disasters_ActionPlan,2019-disasters,2021,4,disaster,2019_Disasters_ActionPlan|2019-disasters,1,24.0,0.0,24.0,0.0,0.0,,0.0,78714100.0,0.0,10637050.0,0.0,2.0,10637050.0,0.0,0.0,0.0,,,,,6.0,75.0,,,,,,,,,,,,,,,,0.0,,,0.0,,,0.0,False,False,False,False
2019_Disasters_ActionPlan,2019-disasters,2022,1,disaster,2019_Disasters_ActionPlan|2019-disasters,1,24.0,0.0,24.0,0.0,0.0,,0.0,78714100.0,0.0,10637050.0,0.0,2.0,10637050.0,0.0,0.0,0.0,,,,,6.0,75.0,,,,,,,,,,,,,,,,0.0,,,0.0,,,0.0,False,False,False,False
2019_Disasters_ActionPlan,2019-disasters,2022,2,disaster,2019_Disasters_ActionPlan|2019-disasters,1,24.0,0.0,24.0,0.0,0.0,,0.0,78714100.0,0.0,10637050.0,0.0,2.0,10637050.0,0.0,0.0,0.0,,,,,6.0,75.0,,,,,,,,,,,,,,,,0.0,,,0.0,,,0.0,False,False,False,False
2019_Disasters_ActionPlan,2019-disasters,2022,3,disaster,2019_Disasters_ActionPlan|2019-disasters,1,24.0,0.0,24.0,0.0,0.0,,0.0,22751000.0,0.0,0.0,0.0,2.0,11375500.0,0.0,0.0,0.0,,,,,6.0,75.0,,,,,,,,,,,,,,,,,,,0.0,,,0.0,False,False,False,False
2019_Disasters_ActionPlan,2019-disasters,2022,4,disaster,2019_Disasters_ActionPlan|2019-disasters,1,24.0,0.0,24.0,0.0,0.0,,0.0,22751000.0,0.0,0.0,0.0,2.0,11375500.0,0.0,0.0,0.0,,,,,6.0,75.0,,,,,,,,,,,,,,,,,,,0.0,,,0.0,False,False,False,False
2019_Disasters_ActionPlan,2019-disasters,2023,1,disaster,2019_Disasters_ActionPlan|2019-disasters,1,24.0,0.0,24.0,0.0,0.0,,0.0,22751000.0,0.0,0.0,0.0,2.0,11375500.0,0.0,0.0,0.0,,,,,6.0,75.0,,,,,,,,,,,,,,,,,,,0.0,,,0.0,False,False,False,False
2019_Disasters_ActionPlan,2019-disasters,2023,2,disaster,2019_Disasters_ActionPlan|2019-disasters,1,23.0,0.0,23.0,0.0,0.0,,0.0,22751000.0,0.0,0.0,0.0,2.0,11375500.0,0.0,0.0,0.0,,,,,6.0,75.0,,,,,,,,,,,,,,,,,,,0.0,,,0.0,False,False,False,False
2019_Disasters_ActionPlan,2019-disasters,2023,3,disaster,2019_Disasters_ActionPlan|2019-disasters,1,28.0,0.0,28.0,0.0,0.0,,0.0,23750162.14,0.0,0.0,0.0,2.0,11375500.0,0.0,0.0,0.0,,,,,6.0,75.0,,,,,,,,,,,,,,,,,,,0.0,,,0.0,False,False,False,False
2019_Disasters_ActionPlan,2019-disasters,2023,4,disaster,2019_Disasters_ActionPlan|2019-disasters,1,47.0,0.0,47.0,0.0,0.0,,0.0,23741000.0,0.0,0.0,0.0,2.0,11375500.0,0.0,0.0,0.0,,,,,6.0,75.0,,,,,,,,,,,,,,,,,,,0.0,,,0.0,False,False,False,False
2019_Disasters_ActionPlan,2019-disasters,2024,1,disaster,2019_Disasters_ActionPlan|2019-disasters,1,59.0,0.0,59.0,0.0,0.0,,0.0,23768954.54,0.0,0.0,0.0,2.0,11375500.0,0.0,0.0,0.0,,,,,6.0,75.0,,,,,,,,,,,,,,,,,,,0.0,,,0.0,False,False,False,False
2019_Disasters_ActionPlan,2019-disasters,2024,3,disaster,2019_Disasters_ActionPlan|2019-disasters,1,72.0,0.0,72.0,0.0,0.0,,0.0,16599701.54,0.0,0.0,0.0,2.0,11375500.0,0.0,0.0,0.0,,,,,6.0,75.0,,,,,,,,,,,,,,,,,,,0.0,,,0.0,False,False,False,False
2019_Disasters_ActionPlan,2019-disasters,2024,4,disaster,2019_Disasters_ActionPlan|2019-disasters,1,75.0,0.0,75.0,0.0,0.0,,0.0,23135103.94,0.0,0.0,0.0,2.0,11375500.0,0.0,0.0,0.0,,,,,6.0,75.0,,,,,,,,,,,,,,,,,,,0.0,,,0.0,False,False,False,False
2019_Disasters_ActionPlan,2019-disasters,2025,2,disaster,2019_Disasters_ActionPlan|2019-disasters,1,89.0,0.0,89.0,0.0,0.0,,0.0,24027560.68,0.0,0.0,0.0,2.0,11252995.61,0.0,0.0,0.0,,,,,6.0,75.0,,,,,,,,,,,,,,,,,,,0.0,,,0.0,False,False,False,False
2019_Disasters_ActionPlan,2019-disasters,2025,3,disaster,2019_Disasters_ActionPlan|2019-disasters,1,88.0,0.0,87.0,1.0,0.0,,0.0,24027560.68,0.0,0.0,0.0,2.0,11252995.61,0.0,0.0,0.0,,,,,6.0,75.0,,,,,,,,,,,,,,,,,,,0.0,,,0.0,False,False,False,False
2019_Disasters_ActionPlan,2019-disasters,2025,4,disaster,2019_Disasters_ActionPlan|2019-disasters,1,91.0,0.0,90.0,1.0,0.0,,0.0,24023560.68,0.0,0.0,0.0,2.0,11252995.61,0.0,0.0,0.0,,,,,6.0,75.0,,,,,,,,,,,,,,,,,,,0.0,,,0.0,False,False,False,False
2019_Disasters_Performance,2019-disasters,2021,2,disaster,2019_Disasters_Performance|2019-disasters,1,19.0,0.0,19.0,0.0,0.0,,0.0,144128100.0,0.0,153404100.0,0.0,2.0,10637050.0,0.0,10637050.0,0.0,,,,,100.0,75.0,,,,,,,,,,,,,,,,0.0,,,0.0,,1.1408049571895789,0.0,False,False,False,False
2019_Disasters_Performance,2019-disasters,2021,3,disaster,2019_Disasters_Performance|2019-disasters,1,23.0,0.0,23.0,0.0,0.0,,0.0,144986300.0,831137.1699999999,21030083.87,53408687.69,2.0,10637050.0,3218.18,10181650.0,10181650.0,,,,,,75.0,,,,,,,,,,,,,,,25.302783498420606,2.5396326529248405,,,0.0,,1.1408049571895789,0.0,False,False,False,False
2019_Disasters_Performance,2019-disasters,2021,4,disaster,2019_Disasters_Performance|2019-disasters,1,,,,,,,,,,,,,,,,,,,,,,75.0,,,,,,,,,,,,,,,,,,,,,1.1408049571895789,,False,False,False,False
2019_Disasters_Performance,2019-disasters,2022,1,disaster,2019_Disasters_Performance|2019-disasters,1,22.0,0.0,22.0,0.0,0.0,,0.0,133345450.0,0.0,14928189.28,2345874.31,1.0,574400.0,0.0,119000.0,1635.61,,,,,,75.0,,,,,,,,,,,,,,,,0.15714392857698278,,,0.0,,1.1408049571895789,0.0,False,False,False,False
2019_Disasters_Performance,2019-disasters,2022,2,disaster,2019_Disasters_Performance|2019-disasters,1,22.0,0.0,22.0,0.0,0.0,,0.0,133345450.0,0.0,16836383.89,5369371.16,1.0,574400.0,0.0,119000.0,16297.74,,,,,,75.0,,,,,,,,,,,,,,,,0.31891475004850345,,,0.0,,1.1408049571895789,0.0,False,False,False,False
2019_Disasters_Performance,2019-disasters,2022,3,disaster,2019_Disasters_Performance|2019-disasters,1,24.0,0.0,24.0,0.0,0.0,,0.0,206315000.0,0.0,33670409.480000004,21546822.31,2.0,11375500.0,0.0,10381650.0,206451.11,,,,,,75.0,,,,,,,,,,,,,,,,0.6399334799536271,,,0.0,,1.1408049571895789,0.0,False,False,False,False
2019_Disasters_Performance,2019-disasters,2022,4,disaster,2019_Disasters_Performance|2019-disasters,1,23.0,0.0,23.0,0.0,0.0,,0.0,195513900.0,0.0,29669371.32,1623673920298.28,1.0,574400.0,0.0,310468.7,338375.95,,,,,56.0,75.0,,,,,,,,,,,,,,,,54725.59235536508,,,0.0,,1.1408049571895789,0.0,False,False,False,False
2019_Disasters_Performance,2019-disasters,2023,2,disaster,2019_Disasters_Performance|2019-disasters,1,20.0,0.0,20.0,0.0,0.0,,0.0,104653900.0,0.0,52820506.77,55994867.7,1.0,574400.0,0.0,38525.77,426053.57,,,,,,75.0,,,,,,,,,,,,,,,,1.0600971312869514,,,0.0,,1.1408049571895789,0.0,False,False,False,False
2019_Disasters_Performance,2019-disasters,2023,3,disaster,2019_Disasters_Performance|2019-disasters,1,28.0,0.0,28.0,0.0,0.0,,0.0,126669347.69,5968186.0600000005,62012737.13,14047772262838.11,2.0,11375500.0,0.0,11254545.48,1191895.48,,,,,,75.0,,,,,,,,,,,,,,,10.3905502453454,226530.43411693233,,,0.0,,1.1408049571895789,0.0,False,False,False,False
2019_Disasters_Performance,2019-disasters,2023,4,disaster,2019_Disasters_Performance|2019-disasters,1,39.0,0.0,39.0,0.0,0.0,,0.0,112360800.0,0.0,85729248.27,3983055024277.52,1.0,10801100.0,0.0,10801100.0,22474.09,,,,,,75.0,,,,,,,,,,,,,,,,46460.86492830412,,,0.0,,1.1408049571895789,0.0,False,False,False,False
2019_Disasters_Performance,2019-disasters,2024,1,disaster,2019_Disasters_Performance|2019-disasters,1,41.0,0.0,41.0,0.0,0.0,,0.0,77037712.82,0.0,67394974.03,6763601511736.359,2.0,11375500.0,0.0,10807022.49,486823.18,,,,,,75.0,,,,,,,,,,,,,,,,100357.65439609234,,,0.0,,1.1408049571895789,0.0,False,False,False,False
2019_Disasters_Performance,2019-disasters,2024,2,disaster,2019_Disasters_Performance|2019-disasters,1,45.0,0.0,45.0,0.0,0.0,,0.0,68732707.69,343200.0,114000472.43,10653848877552.84,,,,,,,,,,,75.0,,,,,,,,,,,,,,,332.16920871212125,93454.42742875166,,,0.0,,1.1408049571895789,0.0,False,False,False,False
2019_Disasters_Performance,2019-disasters,2024,3,disaster,2019_Disasters_Performance|2019-disasters,1,56.0,0.0,56.0,0.0,0.0,,0.0,71240027.96,0.0,28500092663878.08,12549967386505.771,1.0,574400.0,0.0,570595.63,570595.63,,,,,,75.0,,,,,,,,,,,,,,,,0.4403483011271749,,,0.0,,1.1408049571895789,0.0,False,False,False,False
2019_Disasters_Performance,2019-disasters,2024,4,disaster,2019_Disasters_Performance|2019-disasters,1,47.0,0.0,47.0,0.0,0.0,,0.0,68897574.27,0.0,111090182.21,1546785445433.81,1.0,10801100.0,0.0,10801100.0,515467.09,,,,,,75.0,,,,,,,,,,,,,,,,13923.691677000177,,,0.0,,1.1408049571895789,0.0,False,False,False,False
2019_Disasters_Performance,2019-disasters,2025,1,disaster,2019_Disasters_Performance|2019-disasters,1,49.0,0.0,49.0,0.0,0.0,,0.0,83188068.38,1331090.13,66743578.58,11197822072998.55,1.0,574400.0,0.0,453445.48,117150.15,,,,,,75.0,,,,,,,,,,,,,,,50.142043033554764,167773.77406542038,,,0.0,,1.1408049571895789,0.0,False,False,False,False
2019_Disasters_Performance,2019-disasters,2025,2,disaster,2019_Disasters_Performance|2019-disasters,1,52.0,0.0,52.0,0.0,0.0,,0.0,161462719.65,0.0,77529776.31,1925915907582.69,2.0,11375500.0,0.0,977514.29,977514.29,,,,,,75.0,,,,,,,,,,,,,,,,24840.98367422066,,,0.0,,1.1408049571895789,0.0,False,False,False,False
2019_Disasters_Performance,2019-disasters,2025,3,disaster,2019_Disasters_Performance|2019-disasters,1,62.0,0.0,61.0,1.0,0.0,,0.0,145776480.1,4674977.31,100387870.69,8883779743004.37,1.0,11252995.61,0.0,7670.59,533289.27,,,,,,75.0,,,,,,,,,,,,,,,21.473445544915386,88494.5529967229,,,0.0,,1.1408049571895789,0.0,False,False,False,False
2019_Disasters_Performance,2019-disastersgrantreport,2023,1,disaster,2019_Disasters_Performance|2019-disastersgrantreport,1,20.0,0.0,20.0,0.0,0.0,,0.0,135683900.0,710067.86,57944594.39,41389903.27,1.0,574400.0,0.0,387527.8,387527.8,,,,,,75.0,,,,,,,,,,,,,,,81.60430524203701,0.7143013719523597,,,0.0,,,0.0,False,False,False,False
2024_Disasters,2024-disasters,2025,4,disaster,2024_Disasters|2024-disasters,1,12.0,0.0,10.0,2.0,0.0,,0.0,65568700.0,0.0,0.0,0.0,1.0,27784350.0,0.0,0.0,0.0,,,,,,110.0,,,,,,,,,,,,,,,,,,,0.0,,,0.0,False,False,False,False
Expenditure_Reports,cdbg-dr-and-mit-timely-expenditure-report,2020,4,disaster,Expenditure_Reports|cdbg-dr-and-mit-timely-expenditure-report,1,,,,,,,,,,,,,,,,,,,,,,,,,,,,,,,,,,,,,,,,,,,,,False,False,False,False
Expenditure_Reports,cdbg-dr-mit-expenditures-report,2020,2,disaster,Expenditure_Reports|cdbg-dr-mit-expenditures-report,1,,,,,,,,,,,,,,,,,,,,,,,,,,,,,,,,,,,,,,,,,,,,,False,False,False,False
Expenditure_Reports,cdbg-dr-mit-expenditures-report,2020,3,disaster,Expenditure_Reports|cdbg-dr-mit-expenditures-report,1,,,,,,,,,,,,,,,,,,,,,,,,,,,,,,,,,,,,,,,,,,,,,False,False,False,False
Harvey_57M_ActionPlan,hh57m,2020,3,disaster,Harvey_57M_ActionPlan|hh57m,1,11.0,0.0,4.0,7.0,0.0,,0.0,43465600.0,0.0,43465600.0,0.0,4.0,0.0,0.0,0.0,0.0,,,,,,150.0,,,,,,,,,,,,,,,,0.0,,,0.0,,,0.0,False,False,False,False
Harvey_57M_ActionPlan,hh57m,2020,4,disaster,Harvey_57M_ActionPlan|hh57m,1,612.0,2.0,517.0,93.0,0.0032679738562091,,0.0,0.0,0.0,0.0,0.0,28.0,0.0,0.0,0.0,0.0,,,,,2000.0,150.0,,,,,,,,,,,,,,,,,,,0.0032679738562091,,,0.0032679738562091,False,False,False,False
Harvey_57M_ActionPlan,hh57m,2021,1,disaster,Harvey_57M_ActionPlan|hh57m,1,30.0,0.0,23.0,7.0,0.0,,0.0,56930688.0,0.0,43465600.0,0.0,4.0,2020688.0,0.0,0.0,0.0,,,,,,150.0,,,,,,,,,,,,,,,,0.0,,,0.0,,,0.0,False,False,False,False
Harvey_57M_ActionPlan,hh57m,2022,3,disaster,Harvey_57M_ActionPlan|hh57m,1,16.0,0.0,16.0,0.0,0.0,,0.0,24859728.0,0.0,0.0,0.0,1.0,2890000.0,0.0,0.0,0.0,,,,,,150.0,,,,,,,,,,,,,,,,,,,0.0,,,0.0,False,False,False,False
Harvey_57M_ActionPlan,hh57m,2022,4,disaster,Harvey_57M_ActionPlan|hh57m,1,17.0,0.0,17.0,0.0,0.0,,0.0,12078372.84,0.0,0.0,0.0,1.0,2890000.0,0.0,0.0,0.0,,,,,,150.0,,,,,,,,,,,,,,,,,,,0.0,,,0.0,False,False,False,False
Harvey_57M_ActionPlan,hh57m,2023,1,disaster,Harvey_57M_ActionPlan|hh57m,1,18.0,0.0,17.0,0.0,0.0,,0.0,12078372.84,0.0,0.0,0.0,1.0,2890000.0,0.0,0.0,0.0,,,,,,150.0,,,,,,,,,,,,,,,,,,,0.0,,,0.0,False,False,False,False
Harvey_57M_ActionPlan,hh57m,2023,2,disaster,Harvey_57M_ActionPlan|hh57m,1,16.0,0.0,16.0,0.0,0.0,,0.0,16490600.0,0.0,0.0,0.0,1.0,2890000.0,0.0,0.0,0.0,,,,,,150.0,,,,,,,,,,,,,,,,,,,0.0,,,0.0,False,False,False,False
Harvey_57M_ActionPlan,hh57m,2023,3,disaster,Harvey_57M_ActionPlan|hh57m,1,16.0,0.0,16.0,0.0,0.0,,0.0,16490600.0,0.0,0.0,0.0,1.0,2890000.0,0.0,0.0,0.0,,,,,,150.0,,,,,,,,,,,,,,,,,,,0.0,,,0.0,False,False,False,False
Harvey_57M_ActionPlan,hh57m,2023,4,disaster,Harvey_57M_ActionPlan|hh57m,1,16.0,0.0,16.0,0.0,0.0,,0.0,5180797.93,0.0,0.0,0.0,1.0,2890000.0,0.0,0.0,0.0,,,,,,150.0,,,,,,,,,,,,,,,,,,,0.0,,,0.0,False,False,False,False
Harvey_57M_ActionPlan,hh57m,2024,1,disaster,Harvey_57M_ActionPlan|hh57m,1,16.0,0.0,16.0,0.0,0.0,,0.0,13520830.35,0.0,0.0,0.0,1.0,2890000.0,0.0,0.0,0.0,,,,,,150.0,,,,,,,,,,,,,,,,,,,0.0,,,0.0,False,False,False,False
Harvey_57M_ActionPlan,hh57m,2024,2,disaster,Harvey_57M_ActionPlan|hh57m,1,16.0,0.0,16.0,0.0,0.0,,0.0,13514127.79,0.0,0.0,0.0,1.0,2890000.0,0.0,0.0,0.0,,,,,,150.0,,,,,,,,,,,,,,,,,,,0.0,,,0.0,False,False,False,False
Harvey_57M_ActionPlan,hh57m,2024,3,disaster,Harvey_57M_ActionPlan|hh57m,1,16.0,0.0,16.0,0.0,0.0,,0.0,13510932.79,0.0,0.0,0.0,1.0,2890000.0,0.0,0.0,0.0,,,,,,150.0,,,,,,,,,,,,,,,,,,,0.0,,,0.0,False,False,False,False
Harvey_57M_ActionPlan,hh57m,2024,4,disaster,Harvey_57M_ActionPlan|hh57m,1,34.0,0.0,16.0,18.0,0.0,,0.0,13510932.79,0.0,0.0,0.0,4.0,2890000.0,0.0,0.0,0.0,,,,,,150.0,,,,,,,,,,,,,,,,,,,0.0,,,0.0,False,False,False,False
Harvey_57M_ActionPlan,hh57m,2025,1,disaster,Harvey_57M_ActionPlan|hh57m,1,34.0,0.0,16.0,18.0,0.0,,0.0,4223749.25,0.0,0.0,0.0,4.0,2890000.0,0.0,0.0,0.0,,,,,,150.0,,,,,,,,,,,,,,,,,,,0.0,,,0.0,False,False,False,False
Harvey_57M_ActionPlan,hh57m,2025,2,disaster,Harvey_57M_ActionPlan|hh57m,1,34.0,0.0,16.0,18.0,0.0,,0.0,13742488.12,0.0,0.0,0.0,4.0,2890000.0,0.0,0.0,0.0,,,,,,150.0,,,,,,,,,,,,,,,,,,,0.0,,,0.0,False,False,False,False
Harvey_57M_ActionPlan,hh57m,2025,3,disaster,Harvey_57M_ActionPlan|hh57m,1,34.0,0.0,16.0,18.0,0.0,,0.0,13742488.12,0.0,0.0,0.0,4.0,2890000.0,0.0,0.0,0.0,,,,,,150.0,,,,,,,,,,,,,,,,,,,0.0,,,0.0,False,False,False,False
Harvey_57M_ActionPlan,hh57m,2025,4,disaster,Harvey_57M_ActionPlan|hh57m,1,34.0,0.0,16.0,18.0,0.0,,0.0,13739612.9,0.0,0.0,0.0,4.0,2890000.0,0.0,0.0,0.0,,,,,,150.0,,,,,,,,,,,,,,,,,,,0.0,,,0.0,False,False,False,False
Harvey_57M_ActionPlan,hh57m-ap,2019,4,disaster,Harvey_57M_ActionPlan|hh57m-ap,1,11.0,0.0,5.0,6.0,0.0,,0.0,30425920.0,0.0,30425920.0,0.0,4.0,0.0,0.0,0.0,0.0,,,,,,150.0,,,,,,,,,,,,,,,,0.0,,,0.0,,,0.0,False,False,False,False
Harvey_57M_ActionPlan,hh57m-ap,2020,1,disaster,Harvey_57M_ActionPlan|hh57m-ap,1,9.0,0.0,4.0,5.0,0.0,14.625,8.0,44334912.0,0.0,43465600.0,0.0,3.0,869312.0,0.0,0.0,0.0,,,,,,150.0,,,,,,,,,,,,,,,,0.0,14.625,0.06837606837606838,0.0,,,0.0,False,False,False,False
Harvey_57M_ActionPlan,hh57m-ap,2020,2,disaster,Harvey_57M_ActionPlan|hh57m-ap,1,11.0,0.0,4.0,7.0,0.0,,0.0,43465600.0,0.0,43465600.0,0.0,4.0,0.0,0.0,0.0,0.0,,,,,,150.0,,,,,,,,,,,,,,,,0.0,,,0.0,,,0.0,False,False,False,False
Harvey_57M_ActionPlan,hh57m-ap,2021,2,disaster,Harvey_57M_ActionPlan|hh57m-ap,1,30.0,0.0,19.0,11.0,0.0,,0.0,56930688.0,0.0,43465600.0,0.0,4.0,2020688.0,0.0,0.0,0.0,,,,,,150.0,,,,,,,,,,,,,,,,0.0,,,0.0,,,0.0,False,False,False,False
Harvey_57M_ActionPlan,hh57m-ap,2021,3,disaster,Harvey_57M_ActionPlan|hh57m-ap,1,29.0,0.0,15.0,14.0,0.0,,0.0,35531128.0,0.0,22329728.0,0.0,4.0,2890000.0,0.0,0.0,0.0,,,,,,150.0,,,,,,,,,,,,,,,,0.0,,,0.0,,,0.0,False,False,False,False
Harvey_57M_ActionPlan,hh57m-ap,2021,4,disaster,Harvey_57M_ActionPlan|hh57m-ap,1,29.0,0.0,15.0,14.0,0.0,,0.0,35531128.0,0.0,22329728.0,0.0,4.0,2890000.0,0.0,0.0,0.0,,,,,,150.0,,,,,,,,,,,,,,,,0.0,,,0.0,,,0.0,False,False,False,False
Harvey_57M_ActionPlan,hh57m-ap,2022,1,disaster,Harvey_57M_ActionPlan|hh57m-ap,1,17.0,0.0,17.0,0.0,0.0,,0.0,35531128.0,0.0,21954728.0,0.0,2.0,2890000.0,0.0,0.0,0.0,,,,,,150.0,,,,,,,,,,,,,,,,0.0,,,0.0,,,0.0,False,False,False,False
Harvey_57M_ActionPlan,hh57m-ap,2022,2,disaster,Harvey_57M_ActionPlan|hh57m-ap,1,16.0,0.0,16.0,0.0,0.0,,0.0,35531128.0,0.0,22129728.0,0.0,1.0,2890000.0,0.0,0.0,0.0,,,,,,150.0,,,,,,,,,,,,,,,,0.0,,,0.0,,,0.0,False,False,False,False
Harvey_57M_Performance,hh57m,2018,3,disaster,Harvey_57M_Performance|hh57m,1,3.0,0.0,3.0,0.0,0.0,,0.0,2890000.0,0.0,289000.0,289000.0,2.0,2890000.0,0.0,289000.0,289000.0,,,,,,150.0,,,,,,,,,,,,,,,,1.0,,,0.0,,1.7243819280381745,0.0,False,False,False,False
Harvey_57M_Performance,hh57m,2018,4,disaster,Harvey_57M_Performance|hh57m,1,3.0,0.0,3.0,0.0,0.0,,0.0,45486288.0,0.0,43754600.0,42599553.06,2.0,2890000.0,0.0,1158312.0,3265.06,,,,,,150.0,,,,,,,,,,,,,,,,0.9736017026781185,,,0.0,,1.7243819280381745,0.0,False,False,False,False
Harvey_57M_Performance,hh57m,2019,2,disaster,Harvey_57M_Performance|hh57m,1,9.0,0.0,9.0,0.0,0.0,,0.0,13761678.0,453398.78,50307339.69,11612905.3,2.0,2890000.0,25026.22,1738624.0,1756714.22,,,,,,150.0,,,,,,,,,,,,,,,110.9560543810903,0.23083918512805782,,,0.0,,1.7243819280381745,0.0,False,False,False,False
Harvey_57M_Performance,hh57m,2019,3,disaster,Harvey_57M_Performance|hh57m,1,4.0,0.0,4.0,0.0,0.0,,0.0,45486288.0,1489382.96,46975670.96,15590195.21,1.0,2020688.0,0.0,2020688.0,1061132.25,,,,,,150.0,,,,,,,,,,,,,,,31.540357464543572,0.33187807414768217,,,0.0,,1.7243819280381745,0.0,False,False,False,False
Harvey_57M_Performance,hh57m,2019,4,disaster,Harvey_57M_Performance|hh57m,1,4.0,0.0,4.0,0.0,0.0,,0.0,33315920.0,292427.89999999997,44760320.0,3837698.46,2.0,2890000.0,292427.89999999997,2890000.0,863750.33,,,,,,150.0,,,,,,,,,,,,,,,153.0644647791815,0.08573885217978781,,,0.0,,1.7243819280381745,0.0,False,False,False,False
Harvey_57M_Performance,hh57m,2020,1,disaster,Harvey_57M_Performance|hh57m,1,4.0,0.0,4.0,0.0,0.0,,0.0,57800000.0,797300.0,57800000.0,6636618.25,2.0,2890000.0,797300.0,2890000.0,66450.33,,,87.0,210.0,,150.0,,,,,,,,,,,,,,,72.49466950959489,0.11482038494809689,,,0.0,,1.7243819280381745,0.0,False,False,False,False
Harvey_57M_Performance,hh57m,2020,2,disaster,Harvey_57M_Performance|hh57m,1,4.0,0.0,4.0,0.0,0.0,,0.0,2890000.0,2006019.07,57800000.0,8158346724291.08,2.0,2890000.0,71055.87,2890000.0,137506.19999999998,,,87.0,210.0,,150.0,,,,,,,,,,,,,,,28.813285409096334,141147.8672022678,,,0.0,,1.7243819280381745,0.0,False,False,False,False
Harvey_57M_Performance,hh57m,2020,3,disaster,Harvey_57M_Performance|hh57m,1,4.0,0.0,4.0,0.0,0.0,,0.0,57800000.0,0.0,57800000.0,10965857.260000002,2.0,2890000.0,0.0,2890000.0,137506.21,,,87.0,210.0,,150.0,,,,,,,,,,,,,,,,0.18972071384083047,,,0.0,,1.7243819280381745,0.0,False,False,False,False
Harvey_57M_Performance,hh57m,2020,4,disaster,Harvey_57M_Performance|hh57m,1,2.0,0.0,2.0,0.0,0.0,,0.0,2020688.0,27570.43,13465088.0,10212029.76,1.0,2020688.0,24099.96,2020688.0,32192.24,,,87.0,210.0,,150.0,,,,,,,,,,,,,,,488.38875563420663,0.7584079480208373,,,0.0,,1.7243819280381745,0.0,False,False,False,False
Harvey_57M_Performance,hh57m,2021,1,disaster,Harvey_57M_Performance|hh57m,1,2.0,0.0,2.0,0.0,0.0,,0.0,2020688.0,868554.76,13465088.0,11080584.52,1.0,2020688.0,2154.67,2020688.0,34346.91,,,,,,150.0,,,,,,,,,,,,,,,15.502865933288996,0.8229121502956386,,,0.0,,1.7243819280381745,0.0,False,False,False,False
Harvey_57M_Performance,hh57m,2021,2,disaster,Harvey_57M_Performance|hh57m,1,2.0,0.0,2.0,0.0,0.0,,0.0,2020688.0,0.0,13465088.0,12123786.93,1.0,2020688.0,0.0,2020688.0,775867.46,,,0.0,210.0,,150.0,,,,,,,,,,,,,,,,0.9003867579625175,,,0.0,,1.7243819280381745,0.0,False,False,False,False
Harvey_57M_Performance,hh57m,2021,3,disaster,Harvey_57M_Performance|hh57m,1,17.0,0.0,17.0,0.0,0.0,,0.0,30683765.09,5860.54,38322309.07,50153940.54,2.0,2890000.0,0.0,1950801.43,2726668.89,,,0.0,210.0,,150.0,,,,,,,,,,,,,,,6539.040612298525,1.3087400461279146,,,0.0,,1.7243819280381745,0.0,False,False,False,False
Harvey_57M_Performance,hh57m,2021,4,disaster,Harvey_57M_Performance|hh57m,1,2.0,0.0,2.0,0.0,0.0,,0.0,78000.0,5521.53,11444400.0,11359301.54,,,,,,,,0.0,210.0,,150.0,,,,,,,,,,,,,,,2072.6863749721547,0.9925641833560518,,,0.0,,1.7243819280381745,0.0,False,False,False,False
Harvey_57M_Performance,hh57m,2022,1,disaster,Harvey_57M_Performance|hh57m,1,6.0,0.0,6.0,0.0,0.0,,0.0,3769686.66,0.0,29147717.2,12278282.45,1.0,129413.93,0.0,129413.93,129413.93,,,,,,150.0,2.0,0.9,,,2662.56,2.0,,,,,,,,,,0.42124336412870095,,,0.0,2.0,1.7243819280381745,0.0,False,True,False,False
Harvey_57M_Performance,hh57m,2022,2,disaster,Harvey_57M_Performance|hh57m,1,6.0,0.0,6.0,0.0,0.0,,0.0,6530272.73,0.0,31924252.51,3027262708852.31,1.0,2890000.0,0.0,2890000.0,1985992520000.0,,,,,,150.0,,,,,,,,,,,,,,,,94826.42413957995,,,0.0,,1.7243819280381745,0.0,False,False,False,False
Harvey_57M_Performance,hh57m,2022,3,disaster,Harvey_57M_Performance|hh57m,1,6.0,0.0,6.0,0.0,0.0,,0.0,6530272.73,0.0,31935406.06,1081749074740.4,1.0,2890000.0,0.0,2890000.0,1988758.21,,,,,,150.0,,,,,,,,,,,,,,,,33873.0333570213,,,0.0,,1.7243819280381745,0.0,False,False,False,False
Harvey_57M_Performance,hh57m,2022,4,disaster,Harvey_57M_Performance|hh57m,1,17.0,0.0,17.0,0.0,0.0,,0.0,32242907.64,0.0,42759671.63,1135238769570.5898,1.0,2890000.0,0.0,2890000.0,1988758.21,,,,,,150.0,,,,,,,,,,,,,,,,26549.28642562613,,,0.0,,1.7243819280381745,0.0,False,False,False,False
Harvey_57M_Performance,hh57m,2023,1,disaster,Harvey_57M_Performance|hh57m,1,13.0,0.0,12.0,0.0,0.0,,0.0,31235480.0,0.0,25455350.33,1988533692422.56,1.0,2890000.0,0.0,2890000.0,1988517810000.0,,,,,,150.0,,,,,,,,,,,,,,,,78118.496372804,,,0.0,,1.7243819280381745,0.0,False,False,False,False
Harvey_57M_Performance,hh57m,2023,2,disaster,Harvey_57M_Performance|hh57m,1,13.0,0.0,13.0,0.0,0.0,,0.0,20008298.0,0.0,12499196.52,13010828.51,,,,,,,,,,,150.0,,,,,,,,,,,,,,,,1.0409331903199808,,,0.0,,1.7243819280381745,0.0,False,False,False,False
Harvey_57M_Performance,hh57m,2023,3,disaster,Harvey_57M_Performance|hh57m,1,15.0,0.0,15.0,0.0,0.0,,0.0,48064698.0,0.0,52287360.59,44170131.76,,,,,,,,,,,150.0,,,,,,,,,,,,,,,,0.8447573421490999,,,0.0,,1.7243819280381745,0.0,False,False,False,False
Harvey_57M_Performance,hh57m,2024,1,disaster,Harvey_57M_Performance|hh57m,1,15.0,0.0,15.0,0.0,0.0,,0.0,43553461.9,481273.88,32271574.450000003,12349252303315.67,,,,,,,,,,,150.0,,,,,,,,,,,,,,,67.05448974292975,382666.5576062611,,,0.0,,1.7243819280381745,0.0,False,False,False,False
Harvey_57M_Performance,hh57m,2024,2,disaster,Harvey_57M_Performance|hh57m,1,14.0,0.0,14.0,0.0,0.0,,0.0,17284244.72,0.0,42702369.06,8634102529406.58,1.0,2890000.0,0.0,2890000.0,2011174.12,,,,,,150.0,,,,,,,,,,,,,,,,202192.58836143315,,,0.0,,1.7243819280381745,0.0,False,False,False,False
Harvey_57M_Performance,hh57m,2024,3,disaster,Harvey_57M_Performance|hh57m,1,16.0,0.0,16.0,0.0,0.0,,0.0,13510932.79,0.0,0.0,0.0,1.0,2890000.0,0.0,0.0,0.0,,,,,,150.0,,,,,,,,,,,,,,,,,,,0.0,,1.7243819280381745,0.0,False,False,False,False
Harvey_57M_Performance,hh57m,2024,4,disaster,Harvey_57M_Performance|hh57m,1,16.0,0.0,16.0,0.0,0.0,,0.0,22012518.77,2000.0,57095858.67,7750938742014.2,1.0,2890000.0,0.0,2890000.0,1997171.97,,,,,,150.0,,,,,,,,,,,,,,,28547.929335,135753.08126658917,,,0.0,,1.7243819280381745,0.0,False,False,False,False
Harvey_57M_Performance,hh57m,2025,1,disaster,Harvey_57M_Performance|hh57m,1,9.0,0.0,9.0,0.0,0.0,,0.0,38784000.27,546584.0,37955113.42,13476410864480.59,,,,,,,,,,,150.0,,,,,,,,,,,,,,,69.44058629597647,355061.79932476114,,,0.0,,1.7243819280381745,0.0,False,False,False,False
Harvey_57M_Performance,hh57m,2025,3,disaster,Harvey_57M_Performance|hh57m,1,6.0,0.0,6.0,0.0,0.0,,0.0,28145677.97,1.0,32459646.79,4362946242330.02,1.0,2890000.0,1.0,2890000.0,1998651.64,,,,,,150.0,,,,,,,,,,,,,,,32459646.79,134411.389950002,,,0.0,,1.7243819280381745,0.0,False,False,False,False
Harvey_57M_Performance,hh57m-ap,2019,4,disaster,Harvey_57M_Performance|hh57m-ap,1,11.0,0.0,5.0,6.0,0.0,,0.0,30425920.0,0.0,30425920.0,0.0,4.0,0.0,0.0,0.0,0.0,,,,,,150.0,,,,,,,,,,,,,,,,0.0,,,0.0,,,0.0,False,False,False,False
Harvey_5B_ActionPlan,h5b,2022,3,disaster,Harvey_5B_ActionPlan|h5b,1,532.0,2.0,530.0,0.0,0.0037593984962406,,0.0,828293110.23,0.0,0.0,0.0,5.0,0.0,0.0,0.0,0.0,,,,,2000.0,150.0,,,,,,,,,,,,,,,,,,,0.0037593984962406,,,0.0037593984962406,False,False,False,False
Harvey_5B_ActionPlan,h5b,2022,4,disaster,Harvey_5B_ActionPlan|h5b,1,543.0,2.0,541.0,0.0,0.003683241252302,,0.0,829398716.59,0.0,0.0,0.0,5.0,0.0,0.0,0.0,0.0,,,,,2000.0,150.0,,,,,,,,,,,,,,,,,,,0.003683241252302,,,0.003683241252302,False,False,False,False
Harvey_5B_ActionPlan,h5b,2023,1,disaster,Harvey_5B_ActionPlan|h5b,1,547.0,5.0,542.0,0.0,0.0091407678244972,,0.0,309489649.73,0.0,0.0,0.0,5.0,0.0,0.0,0.0,0.0,,,,,2000.0,150.0,,,,,,,,,,,,,,,,,,,0.0091407678244972,,,0.0091407678244972,False,False,False,False
Harvey_5B_ActionPlan,h5b,2023,2,disaster,Harvey_5B_ActionPlan|h5b,1,548.0,6.0,542.0,0.0,0.010948905109489,,0.0,310032460.81,0.0,0.0,0.0,5.0,0.0,0.0,0.0,0.0,,,,,2000.0,150.0,,,,,,,,,,,,,,,,,,,0.010948905109489,,,0.010948905109489,False,False,False,False
Harvey_5B_ActionPlan,h5b,2023,3,disaster,Harvey_5B_ActionPlan|h5b,1,523.0,14.0,509.0,0.0,0.0267686424474187,,0.0,308803371.88,0.0,0.0,0.0,5.0,0.0,0.0,0.0,0.0,,,,,2000.0,150.0,,,,,,,,,,,,,,,,,,,0.0267686424474187,,,0.0267686424474187,False,False,False,False
Harvey_5B_ActionPlan,h5b,2023,4,disaster,Harvey_5B_ActionPlan|h5b,1,527.0,15.0,512.0,0.0,0.0284629981024667,,0.0,310553698.69,0.0,0.0,0.0,5.0,0.0,0.0,0.0,0.0,,,,,2000.0,150.0,,,,,,,,,,,,,,,,,,,0.0284629981024667,,,0.0284629981024667,False,False,False,False
Harvey_5B_ActionPlan,h5b,2024,1,disaster,Harvey_5B_ActionPlan|h5b,1,547.0,26.0,521.0,0.0,0.0475319926873857,,0.0,312850760.71000004,0.0,0.0,0.0,5.0,0.0,0.0,0.0,0.0,,,,,2000.0,150.0,,,,,,,,,,,,,,,,,,,0.0475319926873857,,,0.0475319926873857,False,False,False,False
Harvey_5B_ActionPlan,h5b,2024,2,disaster,Harvey_5B_ActionPlan|h5b,1,549.0,34.0,515.0,0.0,0.0619307832422586,,0.0,314270752.16,0.0,0.0,0.0,5.0,0.0,0.0,0.0,0.0,,,,,2000.0,150.0,,,,,,,,,,,,,,,,,,,0.0619307832422586,,,0.0619307832422586,False,False,False,False
Harvey_5B_ActionPlan,h5b,2024,3,disaster,Harvey_5B_ActionPlan|h5b,1,546.0,39.0,507.0,0.0,0.0714285714285714,,0.0,313459107.69,0.0,0.0,0.0,3.0,0.0,0.0,0.0,0.0,,,,,2000.0,150.0,,,,,,,,,,,,,,,,,,,0.0714285714285714,,,0.0714285714285714,False,False,False,False
Harvey_5B_ActionPlan,h5b,2024,4,disaster,Harvey_5B_ActionPlan|h5b,1,561.0,43.0,501.0,17.0,0.0766488413547237,,0.0,104841004.14,0.0,0.0,0.0,3.0,0.0,0.0,0.0,0.0,,,,,2000.0,150.0,,,,,,,,,,,,,,,,,,,0.0766488413547237,,,0.0766488413547237,False,False,False,False
Harvey_5B_ActionPlan,h5b,2025,1,disaster,Harvey_5B_ActionPlan|h5b,1,584.0,47.0,502.0,34.0,0.0804794520547945,,0.0,105416312.14,0.0,0.0,0.0,3.0,0.0,0.0,0.0,0.0,,,,,8122021095131.0,150.0,,,,,,,,,,,,,,,,,,,0.0804794520547945,,,0.0804794520547945,False,False,False,False
Harvey_5B_ActionPlan,h5b,2025,2,disaster,Harvey_5B_ActionPlan|h5b,1,614.0,47.0,529.0,38.0,0.0765472312703583,,0.0,101947831.29,0.0,0.0,0.0,3.0,0.0,0.0,0.0,0.0,,,,,8122021095131.0,150.0,,,,,,,,,,,,,,,,,,,0.0765472312703583,,,0.0765472312703583,False,False,False,False
Harvey_5B_ActionPlan,h5b,2025,3,disaster,Harvey_5B_ActionPlan|h5b,1,608.0,80.0,470.0,58.0,0.131578947368421,,0.0,100343825.64,0.0,0.0,0.0,3.0,0.0,0.0,0.0,0.0,,,,,8122021095131.0,150.0,,,,,,,,,,,,,,,,,,,0.131578947368421,,,0.131578947368421,False,False,False,False
Harvey_5B_ActionPlan,h5b,2025,4,disaster,Harvey_5B_ActionPlan|h5b,1,613.0,76.0,478.0,59.0,0.1239804241435562,,0.0,102015640.7,0.0,0.0,0.0,3.0,0.0,0.0,0.0,0.0,,,,,8122021095131.0,150.0,,,,,,,,,,,,,,,,,,,0.1239804241435562,,,0.1239804241435562,False,False,False,False
Harvey_5B_ActionPlan,hh5b,2020,3,disaster,Harvey_5B_ActionPlan|hh5b,1,586.0,0.0,491.0,95.0,0.0,,0.0,492381735.88,0.0,0.0,0.0,28.0,0.0,0.0,0.0,0.0,,,,,2000.0,150.0,,,,,,,,,,,,,,,,,,,0.0,,,0.0,False,False,False,False
Harvey_5B_ActionPlan,hh5b,2020,4,disaster,Harvey_5B_ActionPlan|hh5b,1,612.0,2.0,517.0,93.0,0.0032679738562091,,0.0,0.0,0.0,0.0,0.0,28.0,0.0,0.0,0.0,0.0,,,,,2000.0,150.0,,,,,,,,,,,,,,,,,,,0.0032679738562091,,,0.0032679738562091,False,False,False,False
Harvey_5B_ActionPlan,hh5b,2021,1,disaster,Harvey_5B_ActionPlan|hh5b,1,636.0,2.0,539.0,95.0,0.0031446540880503,,0.0,458036.62,0.0,0.0,0.0,28.0,0.0,0.0,0.0,0.0,,,,,2000.0,150.0,,,,,,,,,,,,,,,,,,,0.0031446540880503,,,0.0031446540880503,False,False,False,False
Harvey_5B_ActionPlan,hh5b,2021,2,disaster,Harvey_5B_ActionPlan|hh5b,1,638.0,2.0,531.0,105.0,0.0031347962382445,,0.0,128581587.62,0.0,0.0,0.0,28.0,0.0,0.0,0.0,0.0,,,,,2000.0,150.0,,,,,,,,,,,,,,,,,,,0.0031347962382445,,,0.0031347962382445,False,False,False,False
Harvey_5B_ActionPlan,hh5b,2021,3,disaster,Harvey_5B_ActionPlan|hh5b,1,603.0,2.0,482.0,119.0,0.0033167495854063,,0.0,129297814.78,0.0,0.0,0.0,28.0,0.0,0.0,0.0,0.0,,,,,2000.0,150.0,,,,,,,,,,,,,,,,,,,0.0033167495854063,,,0.0033167495854063,False,False,False,False
Harvey_5B_ActionPlan,hh5b,2021,4,disaster,Harvey_5B_ActionPlan|hh5b,1,607.0,2.0,485.0,120.0,0.0032948929159802,,0.0,226832814.78,0.0,0.0,0.0,28.0,0.0,0.0,0.0,0.0,,,,,2000.0,150.0,,,,,,,,,,,,,,,,,,,0.0032948929159802,,,0.0032948929159802,False,False,False,False
Harvey_5B_ActionPlan,hh5b,2022,1,disaster,Harvey_5B_ActionPlan|hh5b,1,507.0,2.0,505.0,0.0,0.0039447731755424,,0.0,228603505.6,0.0,0.0,0.0,5.0,0.0,0.0,0.0,0.0,,,,,2000.0,150.0,,,,,,,,,,,,,,,,,,,0.0039447731755424,,,0.0039447731755424,False,False,False,False
Harvey_5B_ActionPlan,hh5b,2022,2,disaster,Harvey_5B_ActionPlan|hh5b,1,531.0,2.0,529.0,0.0,0.0037664783427495,,0.0,228603505.6,0.0,0.0,0.0,5.0,0.0,0.0,0.0,0.0,,,,,2000.0,150.0,,,,,,,,,,,,,,,,,,,0.0037664783427495,,,0.0037664783427495,False,False,False,False
Harvey_5B_ActionPlan,hh5b-ap,2019,4,disaster,Harvey_5B_ActionPlan|hh5b-ap,1,189.0,0.0,186.0,2.0,0.0,12.978260869565217,184.0,1546741660.68,0.0,0.0,0.0,5.0,0.0,0.0,0.0,0.0,,,,,2000.0,150.0,,,,,,,,,,,,,,,,,12.978260869565217,0.07705192629815746,0.0,,,0.0,False,False,False,False
Harvey_5B_ActionPlan,hh5b-ap,2020,1,disaster,Harvey_5B_ActionPlan|hh5b-ap,1,462.0,0.0,367.0,95.0,0.0,,0.0,658583535.19,0.0,0.0,0.0,28.0,0.0,0.0,0.0,0.0,,,,,2000.0,150.0,,,,,,,,,,,,,,,,,,,0.0,,,0.0,False,False,False,False
Harvey_5B_ActionPlan,hh5b-ap,2020,2,disaster,Harvey_5B_ActionPlan|hh5b-ap,1,551.0,0.0,456.0,95.0,0.0,,0.0,485377240.88,0.0,0.0,0.0,28.0,0.0,0.0,0.0,0.0,,,,,2000.0,150.0,,,,,,,,,,,,,,,,,,,0.0,,,0.0,False,False,False,False
Harvey_5B_Performance,h5b,2018,4,disaster,Harvey_5B_Performance|h5b,1,2.0,0.0,2.0,0.0,0.0,,0.0,38889619.6,0.0,21000000.0,15570630.88,1.0,25121075.0,0.0,20000000.0,15000000.0,,,,,,150.0,,,,,,,,,,,,,,,,0.7414586133333334,,,0.0,,4.994536040011233,0.0,False,False,False,False
Harvey_5B_Performance,h5b,2019,1,disaster,Harvey_5B_Performance|h5b,1,4.0,0.0,4.0,0.0,0.0,,0.0,277675000.0,18000000.0,4500223400000.0,124080892.2,1.0,125000000.0,0.0,125000000.0,105000000.0,,,,,0.0,150.0,,,,,,,,,,,,,,,250012.4111111111,2.7572162795295896e-05,,,0.0,,4.994536040011233,0.0,False,False,False,False
Harvey_5B_Performance,h5b,2019,2,disaster,Harvey_5B_Performance|h5b,1,171.0,0.0,167.0,4.0,0.0,,0.0,2658318157.24,13945788.95,4681053469.9,1345132595577.02,5.0,251210750.0,0.0,251210750.0,126210750.0,,,,,0.0,150.0,,,,,,,,,,,,,,,335.66071354464316,287.356810646676,,,0.0,,4.994536040011233,0.0,False,False,False,False
Harvey_5B_Performance,h5b,2019,3,disaster,Harvey_5B_Performance|h5b,1,64.0,0.0,64.0,0.0,0.0,,0.0,6245892348.14,387099147.74,3.212785839946411e+17,2.1028841351802064e+17,4.0,99483301.0,0.0,252700524.0,271949015.0,,,,,2000.0,150.0,,,,,,,,,,,,,,,829964586.2574512,0.6545360443991756,,,0.0,,4.994536040011233,0.0,False,False,False,False
Harvey_5B_Performance,h5b,2019,4,disaster,Harvey_5B_Performance|h5b,1,145.0,0.0,143.0,2.0,0.0,,0.0,3372300466.7,10408669.72,1.1691339715923492e+16,146245115115065.44,2.0,420166238.0,3373403.07,217583119.0,217583119.0,,,,,2000.0,150.0,,,,,,,,,,,,,,,1123230924.8374817,0.012508841473135966,,,0.0,,4.994536040011233,0.0,False,False,False,False
Harvey_5B_Performance,h5b,2020,1,disaster,Harvey_5B_Performance|h5b,1,254.0,0.0,254.0,0.0,0.0,,0.0,4927917554.809999,44004186.79000001,2.4453443913259736e+16,1174800769360181.2,5.0,517521595.0,911820.75,283819500.0,283819500.0,,,2038.0,14156.0,2000.0,150.0,,,,,,,,,,,,,,,555707210.99695,0.04804234420016203,,,0.0,,4.994536040011233,0.0,False,False,False,False
Harvey_5B_Performance,h5b,2020,2,disaster,Harvey_5B_Performance|h5b,1,209.0,0.0,209.0,0.0,0.0,,0.0,3799829477.95,219608827.02,1.6860630782401584e+16,1827141805408400.5,5.0,283819500.0,1536749.21,283819500.0,283819500.0,,,4319.0,13592.0,2000.0,150.0,,,,,,,,,,,,,,,76775742.62926175,0.10836734574103207,,,0.0,,4.994536040011233,0.0,False,False,False,False
Harvey_5B_Performance,h5b,2020,3,disaster,Harvey_5B_Performance|h5b,1,229.0,0.0,229.0,0.0,0.0,,0.0,4717537215.56,178360646.16,1.459996884004114e+16,2520756117726733.5,5.0,486402619.0,8422444.86,283819500.0,283819500.0,,,7269.0,15597.0,2000.0,150.0,,,,,,,,,,,,,,,81856447.34065445,0.17265489709905643,,,0.0,,4.994536040011233,0.0,False,False,False,False
Harvey_5B_Performance,h5b,2020,4,disaster,Harvey_5B_Performance|h5b,1,275.0,2.0,273.0,0.0,0.0072727272727272,,0.0,4528421033.809999,147979818.0,3759298034.29,24797520843760.57,5.0,545653292.0,2056676.42,261833793.0,4010261151778.83,,,9821.0,15597.0,2000.0,150.0,16.0,0.9,,,493386.16,16.0,,,,,,,,,25.404126624145462,6596.316817015535,,,0.0072727272727272,16.0,4.994536040011233,0.0072727272727272,False,True,False,False
Harvey_5B_Performance,h5b,2021,1,disaster,Harvey_5B_Performance|h5b,1,234.0,0.0,233.0,1.0,0.0,,0.0,7534884702.68,67420172.67,1956511842153.6,26495955110968.91,4.0,505401046.0,23626.91,252700523.0,247817649.86,7.0,300000.0,5741.0,13402.0,2000.0,150.0,,,,,,,,,,,,,,,29019.68008492198,13.542445560566552,,,0.0,,4.994536040011233,0.0,False,False,False,False
Harvey_5B_Performance,h5b,2021,2,disaster,Harvey_5B_Performance|h5b,1,207.0,0.0,201.0,6.0,0.0,,0.0,6611841781.24,64515792.58,264509504242.67,1590009497544.03,5.0,113971412.0,881018.73,283819500.0,280084270.24,460.0,300000.0,8543.0,18115.0,2000.0,150.0,,,,,,,,,,,,,,,4099.918696878389,6.011162064276153,,,0.0,,4.994536040011233,0.0,False,False,False,False
Harvey_5B_Performance,h5b,2021,3,disaster,Harvey_5B_Performance|h5b,1,230.0,0.0,230.0,0.0,0.0,,0.0,5389983040.72,115369716.73,5148290257.41,16249452933582.24,3.0,40000000.0,0.0,246833794.0,242041444.7,807.0,300260.0,5526.0,14409.0,2000.0,150.0,,,,,,,,,,,,,,,44.62427752560539,3156.281429586103,,,0.0,,4.994536040011233,0.0,False,False,False,False
Harvey_5B_Performance,h5b,2021,4,disaster,Harvey_5B_Performance|h5b,1,320.0,0.0,320.0,0.0,0.0,,0.0,5902213650.639999,85951309.62,161484474982291.66,39906550278359.57,4.0,70000000.0,482186.47,261833794.0,7617336219154.76,666.0,300066.0,5221.0,17475.0,2000.0,150.0,,,,,,,,,,,,,,,1878790.1626657222,0.24712313851059498,,,0.0,,4.994536040011233,0.0,False,False,False,False
Harvey_5B_Performance,h5b,2022,1,disaster,Harvey_5B_Performance|h5b,1,265.0,0.0,265.0,0.0,0.0,,0.0,5140245052.28,0.0,478519584802023.25,33114685503785.74,5.0,113971412.0,0.0,283819500.0,8563560316994.069,,,,,2000.0,150.0,,,,,,,,,,,,,,,,0.06920236194195938,,,0.0,,4.994536040011233,0.0,False,False,False,False
Harvey_5B_Performance,h5b,2022,2,disaster,Harvey_5B_Performance|h5b,1,203.0,0.0,203.0,0.0,0.0,,0.0,3107391063.17,32101661.71,302076117928634.5,49110660191759.53,5.0,282819500.0,0.0,282819500.0,3233990394102.92,,,,,2000.0,150.0,,,,,,,,,,,,,,,9409983.840012077,0.16257710317689505,,,0.0,,4.994536040011233,0.0,False,False,False,False
Harvey_5B_Performance,h5b,2022,3,disaster,Harvey_5B_Performance|h5b,1,224.0,0.0,224.0,0.0,0.0,,0.0,153796344.92,5680371.26,91744695286558.31,40211254.89,5.0,0.0,0.0,0.0,0.0,,,,,2000.0,150.0,,,,,,,,,,,,,,,16151179.401354536,4.382951489936599e-07,,,0.0,,4.994536040011233,0.0,False,False,False,False
Harvey_5B_Performance,h5b,2022,4,disaster,Harvey_5B_Performance|h5b,1,231.0,0.0,231.0,0.0,0.0,,0.0,4503038.699999999,4201457.5600000005,5501108.75,4593009.46,5.0,0.0,0.0,0.0,0.0,,,,,2000.0,150.0,,,,,,,,,,,,,,,1.3093334090467403,0.8349243159390368,,,0.0,,4.994536040011233,0.0,False,False,False,False
Harvey_5B_Performance,h5b,2023,2,disaster,Harvey_5B_Performance|h5b,1,276.0,3.0,273.0,0.0,0.0108695652173913,,0.0,7698088714.02,0.0,302077470877697.5,51568659359752.92,4.0,523667588.0,0.0,261833794.0,226377226.68,,,,,2000.0,150.0,,,,,,,,,,,,,,,,0.17071335776851626,,,0.0108695652173913,,4.994536040011233,0.0108695652173913,False,False,False,False
Harvey_5B_Performance,h5b,2023,3,disaster,Harvey_5B_Performance|h5b,1,256.0,10.0,246.0,0.0,0.0390625,,0.0,3820961432.04,2249247.97,15226060319647.84,560335765452115.6,5.0,283819500.0,0.0,283819500.0,4080643395765.86,,,,,2000.0,150.0,,,,,,,,,,,,,,,6769400.494178434,36.8010998044618,,,0.0390625,,4.994536040011233,0.0390625,False,False,False,False
Harvey_5B_Performance,h5b,2023,4,disaster,Harvey_5B_Performance|h5b,1,243.0,1.0,242.0,0.0,0.0041152263374485,,0.0,3529486750.4,14742.179999999998,4448679876.87,138876418483248.58,3.0,246833794.0,0.0,246833794.0,233016724.01,,,,,2000.0,150.0,,,,,,,,,,,,,,,301765.40219085646,31217.444798693672,,,0.0041152263374485,,4.994536040011233,0.0041152263374485,False,False,False,False
Harvey_5B_Performance,h5b,2024,1,disaster,Harvey_5B_Performance|h5b,1,192.0,7.0,185.0,0.0,0.0364583333333333,,0.0,3342994398.81,8762.39,3.4241886821597274e+17,324208435433745.75,5.0,283819500.0,0.0,269349542.25,264939498.87,,,,,2000.0,150.0,,,,,,,,,,,,,,,39078250136774.64,0.0009468182554392967,,,0.0364583333333333,,4.994536040011233,0.0364583333333333,False,False,False,False
Harvey_5B_Performance,h5b,2024,2,disaster,Harvey_5B_Performance|h5b,1,241.0,11.0,230.0,0.0,0.0456431535269709,,0.0,3765122447.97,345600.2,3.4247285119580416e+17,41673700197394.49,5.0,283819500.0,0.0,275299025.03,270970596.47,,,,,2000.0,150.0,,,,,,,,,,,,,,,990950963557.9034,0.00012168468260150678,,,0.0456431535269709,,4.994536040011233,0.0456431535269709,False,False,False,False
Harvey_5B_Performance,h5b,2024,3,disaster,Harvey_5B_Performance|h5b,1,546.0,39.0,507.0,0.0,0.0714285714285714,,0.0,313459107.69,0.0,0.0,0.0,3.0,0.0,0.0,0.0,0.0,,,,,2000.0,150.0,,,,,,,,,,,,,,,,,,,0.0714285714285714,,4.994536040011233,0.0714285714285714,False,False,False,False
Harvey_5B_Performance,h5b,2024,4,disaster,Harvey_5B_Performance|h5b,1,185.0,5.0,180.0,0.0,0.027027027027027,,0.0,3713929084.96,13124631.51,25798969170650.9,21906648058370.49,3.0,257911842.44,0.0,257715320.69,248239923.27,,,,,2000.0,150.0,,,,,,,,,,,,,,,1965690.9339507162,0.8491288126074299,,,0.027027027027027,,4.994536040011233,0.027027027027027,False,False,False,False
Harvey_5B_Performance,h5b,2025,1,disaster,Harvey_5B_Performance|h5b,1,210.0,10.0,200.0,0.0,0.0476190476190476,,0.0,4246309023.82,1981655.14,134862679798806.6,481741043064844.3,3.0,262841049.95,0.0,266316785.16,250147716.95,,,,,2000.0,150.0,,,,,,,,,,,,,,,68055574.8962489,3.5720856487764028,,,0.0476190476190476,,4.994536040011233,0.0476190476190476,False,False,False,False
Harvey_5B_Performance,h5b,2025,2,disaster,Harvey_5B_Performance|h5b,1,224.0,0.0,221.0,3.0,0.0,,0.0,4444164317.66,12621072.21,72921753321037.27,60746949892562.8,3.0,283140879.27,0.0,258526823.12,251783784.02,,,,,2000.0,150.0,,,,,,,,,,,,,,,5777777.997598293,0.8330429141647895,,,0.0,,4.994536040011233,0.0,False,False,False,False
Harvey_5B_Performance,h5b,2025,3,disaster,Harvey_5B_Performance|h5b,1,249.0,22.0,227.0,0.0,0.0883534136546184,,0.0,3987408158.99,35214475.68,72921881688395.66,643366572682542.9,3.0,36985706.0,0.0,259459553.17,8376588810823.07,,,,,2000.0,150.0,,,,,,,,,,,,,,,2070792.7714457356,8.822681995943672,,,0.0883534136546184,,4.994536040011233,0.0883534136546184,False,False,False,False
Harvey_5B_Performance,harveygrantperformance,2023,1,disaster,Harvey_5B_Performance|harveygrantperformance,1,290.0,5.0,285.0,0.0,0.0172413793103448,,0.0,8047122425.58,11388432.53,1067263239339563.6,3507083080777053.0,5.0,567639000.0,0.0,283819500.0,3871374437709.47,,,,,2000.0,150.0,,,,,,,,,,,,,,,93714673.77342084,3.2860525421519076,,,0.0172413793103448,,,0.0172413793103448,False,False,False,False
Harvey_5B_Performance,hh5b,2018,3,disaster,Harvey_5B_Performance|hh5b,1,2.0,0.0,2.0,0.0,0.0,,0.0,38889619.6,0.0,5500000.0,5373455.27,1.0,25121075.0,0.0,5000000.0,5000000.0,,,,,,150.0,,,,,,,,,,,,,,,,0.9769918672727272,,,0.0,,,0.0,False,False,False,False
Hurricane_Ike,ike,2009,3,disaster,Hurricane_Ike|ike,1,16.0,0.0,16.0,0.0,0.0,,0.0,17128856.0,0.0,16022416.78,16022416.78,4.0,56250.0,0.0,56250.0,56250.0,,,,,2008.0,,,,,,,,,,,,,,,,,1.0,,,0.0,,2.941737577408055,0.0,False,False,False,False
Hurricane_Ike,ike,2009,4,disaster,Hurricane_Ike|ike,1,356.0,0.0,356.0,0.0,0.0,,0.0,998976175.0,0.0,793044173.36,784031156.34,31.0,58480093.0,0.0,50418466.08,49985240.7,,,,,3193.0,,1.0,0.76,,,,,,,4700.0,1.0,,,,,,0.9886349117454413,,,0.0,1.0,2.941737577408055,0.0,False,False,False,False
Hurricane_Ike,ike,2010,1,disaster,Hurricane_Ike|ike,1,458.0,0.0,456.0,2.0,0.0,,0.0,1039531602.15,0.0,912592887.78,185033732.16,21.0,30087595.15,0.0,34688025.379999995,10077588.29,,,,,5115.0,,,,,,,,,,,,,,,,,0.20275605326063678,,,0.0,,2.941737577408055,0.0,False,False,False,False
Hurricane_Ike,ike,2010,2,disaster,Hurricane_Ike|ike,1,553.0,0.0,548.0,2.0,0.0,,0.0,1258122405.29,5457381.79,1108915734.63,260906327.52,21.0,55051515.15,1806127.68,41768100.82,21983966.380000003,,,,,5115.0,145.0,1.0,0.76,,,,,,,4700.0,1.0,,,,,203.19555737550846,0.23528057125734067,,,0.0,1.0,2.941737577408055,0.0,False,False,False,False
Hurricane_Ike,ike,2010,3,disaster,Hurricane_Ike|ike,1,636.0,0.0,626.0,1.0,0.0,,0.0,1320669274.63,8929940.91,994771754.23,374172730.92,31.0,54884550.0,1895144.94,41267673.67,19934339.87,,,,,5115.0,145.0,1.0,0.76,,,,,,,4700.0,1.0,,,,,111.39735013431348,0.37613927951706594,,,0.0,1.0,2.941737577408055,0.0,False,False,False,False
Hurricane_Ike,ike,2010,4,disaster,Hurricane_Ike|ike,1,632.0,0.0,630.0,1.0,0.0,,0.0,1337129658.19,19323307.12,924146593.02,320263657.59000003,22.0,65737371.15,53504.759999999995,41256533.82,23650401.68,,,,,5115.0,,3.0,0.8133333333333334,,,,,,,4700.0,1.0,,,20229098.0,2.0,47.82548801201271,0.3465507096048657,,,0.0,3.0,2.941737577408055,0.0,False,False,False,True
Hurricane_Ike,ike,2011,1,disaster,Hurricane_Ike|ike,1,634.0,0.0,632.0,1.0,0.0,,0.0,1289629556.6,19346491.46,1020583692.49,235142322.51,21.0,65736371.15,2151700.44,30744413.8,26984186.61,,,,,5115.0,,2.0,0.84,,,,,,,,,,,20229098.0,2.0,52.75290843304153,0.2303998429921062,,,0.0,2.0,2.941737577408055,0.0,False,False,False,True
Hurricane_Ike,ike,2011,2,disaster,Hurricane_Ike|ike,1,636.0,0.0,633.0,0.0,0.0,,0.0,1307134954.35,36341740.12,853578994.4,337641241.32,22.0,68788566.15,1043308.49,48909216.3,30991517.18,,,,,5115.0,,3.0,0.84,,,,,,,,,,,40458196.0,3.0,23.487565305940006,0.3955594544091794,,,0.0,3.0,2.941737577408055,0.0,False,False,False,True
Hurricane_Ike,ike,2011,3,disaster,Hurricane_Ike|ike,1,640.0,1.0,634.0,0.0,0.0015625,,0.0,1105604122.23,35413845.4,1304891821.27,321038555.87,20.0,65630491.55,1754018.91,65680721.15,34747900.69,,,,,5115.0,,,,,,,,,,,,,,,,36.84693956646685,0.24602695076864362,,,0.0015625,,2.941737577408055,0.0015625,False,False,False,False
Hurricane_Ike,ike,2011,4,disaster,Hurricane_Ike|ike,1,789.0,0.0,716.0,0.0,0.0,,0.0,1236467822.94,49744445.91,1449118034.62,446891938.65,21.0,73923884.4,1087702.64,67773540.57000001,41209993.55,,,,,5161.0,,,,,,,,,,,,,,,,29.131252908954153,0.30838891517017647,,,0.0,,2.941737577408055,0.0,False,False,False,False
Hurricane_Ike,ike,2012,1,disaster,Hurricane_Ike|ike,1,810.0,0.0,738.0,0.0,0.0,,0.0,1266021131.95,31357872.31,1459049276.47,729452071.5500001,24.0,84189091.66,1616833.03,76233545.42,49370804.66,,,,,5161.0,,,,,,,,,,,,,,,,46.528962872417544,0.49995026440424584,,,0.0,,2.941737577408055,0.0,False,False,False,False
Hurricane_Ike,ike,2012,2,disaster,Hurricane_Ike|ike,1,874.0,0.0,813.0,0.0,0.0,,0.0,1350799515.76,54012270.09,1447748516.15,653344433.89,24.0,68472774.26,2139272.13,69288405.89,44414865.54,,,,,5161.0,,,,,,,,,,,,,,,,26.804067182098326,0.4512830968927116,,,0.0,,2.941737577408055,0.0,False,False,False,False
Hurricane_Ike,ike,2012,3,disaster,Hurricane_Ike|ike,1,1134.0,47.0,971.0,0.0,0.0414462081128747,,0.0,1492751938.75,46834018.24,1692861752.64,1024254880.99,21.0,84960533.28,4118375.81,85535243.7,62560262.13,,,,,5161.0,,,,,,,,,,,,,,,,36.14598568000216,0.6050434297973153,,,0.0414462081128747,,2.941737577408055,0.0414462081128747,False,False,False,False
Hurricane_Ike,ike,2012,4,disaster,Hurricane_Ike|ike,1,1231.0,99.0,1087.0,0.0,0.0804224207961007,,0.0,1989660836.89,60811248.27,2193547840.33,1322819181.2,49.0,135385606.2,8063427.54,139015864.35999998,126268017.42,,,,,5161.0,,,,,,,,,,,,,,,,36.07141610694649,0.6030500711582354,,,0.0804224207961007,,2.941737577408055,0.0804224207961007,False,False,False,False
Hurricane_Ike,ike,2013,1,disaster,Hurricane_Ike|ike,1,1113.0,87.0,1017.0,0.0,0.0781671159029649,,0.0,1964936185.02,32528217.17,2426938510.9,1504645267.67,40.0,151947687.53,4406445.08,170011830.44,92892863.07,,,,,5161.0,,1.0,0.78,,,1000000000.0,1.0,,,,,,,,,74.61025294488957,0.6199766746921087,,,0.0781671159029649,1.0,2.941737577408055,0.0781671159029649,False,True,False,False
Hurricane_Ike,ike,2013,2,disaster,Hurricane_Ike|ike,1,1283.0,116.0,1139.0,0.0,0.0904130943102104,,0.0,2261311328.72,25193668.14,2794905559.53,1380740252.68,57.0,176344948.57,4422788.68,194556041.96,120800944.37,,,,,5161.0,,1.0,0.78,,,1000000000.0,1.0,,,,,,,,,110.93682523715263,0.4940203607137944,,,0.0904130943102104,1.0,2.941737577408055,0.0904130943102104,False,True,False,False
Hurricane_Ike,ike,2013,3,disaster,Hurricane_Ike|ike,1,1194.0,171.0,1020.0,0.0,0.14321608040201,,0.0,2354828164.34,40801697.71,2848501054.11,1293854040.56,33.0,118199039.76,6614592.4799999995,118408762.65,63313873.349999994,,,,,11210.0,120.0,1.0,0.78,,,1000000000.0,1.0,,,,,,,,,69.813297337671,0.4542227704964842,,,0.14321608040201,1.0,2.941737577408055,0.14321608040201,False,True,False,False
Hurricane_Ike,ike,2013,4,disaster,Hurricane_Ike|ike,1,1195.0,153.0,1039.0,0.0,0.1280334728033473,,0.0,2582931483.8,47163487.67,2963579794.11,1147494052.37,55.0,182660543.05,5370103.51,180683704.81,115446399.43,,,,,10000.0,120.0,2.0,0.81,,,1000000000.0,1.0,,,,,,,91000.0,1.0,62.83631555931538,0.38719863546464983,,,0.1280334728033473,2.0,2.941737577408055,0.1280334728033473,False,True,False,True
Hurricane_Ike,ike,2014,1,disaster,Hurricane_Ike|ike,1,1287.0,187.0,1097.0,0.0,0.1452991452991453,,0.0,2480840597.66,36359655.53,2959367466.58,1302381056.67,49.0,143707104.23,4228180.49,154898972.89,99175288.8,,,,,10000.0,120.0,1.0,0.78,,,1000000000.0,1.0,,,,,,,,,81.39151549822176,0.4400876441934735,,,0.1452991452991453,1.0,2.941737577408055,0.1452991452991453,False,True,False,False
Hurricane_Ike,ike,2014,2,disaster,Hurricane_Ike|ike,1,1191.0,72.0,1102.0,0.0,0.0604534005037783,15.06032285471538,1177.0,1757000868.43,0.0,1246140038.92,889474021175508.5,,,,,,,,,,10000.0,120.0,9.0,0.73,,,108618183400.6,9.0,,,,,,,,,,713783.357724702,15.06032285471538,0.06639963894843731,0.0604534005037783,9.0,2.941737577408055,0.0604534005037783,False,True,False,False
Hurricane_Ike,ike,2014,3,disaster,Hurricane_Ike|ike,1,1049.0,0.0,1043.0,0.0,0.0,,0.0,1548620651.29,58927857.99,2505315039.41,1154183301.56,25.0,135592331.04999998,4938980.4,118468557.53,102857973.81,,,,,11210.0,,1.0,0.78,,,1000000000.0,1.0,,,,,,,,,42.51495175397601,0.4606938781766182,,,0.0,1.0,2.941737577408055,0.0,False,True,False,False
Hurricane_Ike,ike,2014,4,disaster,Hurricane_Ike|ike,1,1325.0,44.0,1241.0,10.0,0.0332075471698113,,0.0,1733877958.47,95129697.99,2884178148.2,1573943791.0,35.0,114797254.99,4915848.45,117727308.53,90064056.12,,,,,10000.0,120.0,1.0,0.78,,,1000000000.0,1.0,,,,,,,,,30.318378057956032,0.5457165646935818,,,0.0332075471698113,1.0,2.941737577408055,0.0332075471698113,False,True,False,False
Hurricane_Ike,ike,2015,1,disaster,Hurricane_Ike|ike,1,1315.0,117.0,1157.0,14.0,0.0889733840304182,,0.0,1606814884.7,34455582.1,22591349989713.62,1710812055.23,22.0,113025026.99,4451595.29,117923043.98,87925152.91,,,,,10000.0,120.0,1.0,0.78,,,1000000000.0,1.0,,,,,,,,,655665.8925148045,7.572863312767822e-05,,,0.0889733840304182,1.0,2.941737577408055,0.0889733840304182,False,True,False,False
Hurricane_Ike,ike,2015,2,disaster,Hurricane_Ike|ike,1,893.0,82.0,804.0,5.0,0.0918253079507278,,0.0,2286354493.09,53520762.78,2548924934.77,1677941769.33,13.0,103120642.08,3769265.66,103342210.08,77420020.6,0.0,45088.0,7060.0,16267.0,10000.0,120.0,1.0,0.78,,,1000000000.0,1.0,,,,,,,,,47.62497397967765,0.6582939130302037,,,0.0918253079507278,1.0,2.941737577408055,0.0918253079507278,False,True,False,False
Hurricane_Ike,ike,2015,3,disaster,Hurricane_Ike|ike,1,976.0,170.0,803.0,1.0,0.1741803278688524,,0.0,2421117762.58,32945726.97,2713577131.78,1794624679.81,23.0,118938322.48,2821881.41,118747734.23,92737745.88,,,56378.0,8265.0,10000.0,120.0,1.0,0.78,,,1000000000.0,1.0,,,,,,,,,82.36507071921504,0.6613501635137957,,,0.1741803278688524,1.0,2.941737577408055,0.1741803278688524,False,True,False,False
Hurricane_Ike,ike,2015,4,disaster,Hurricane_Ike|ike,1,942.0,228.0,692.0,22.0,0.2420382165605095,,0.0,2424433876.88,35276647.13,2261899244858.0996,1869655845.57,17.0,107375455.56,2094610.38,107375455.56,84489631.44999999,465549.0,465549.0,56498.0,8000.0,10000.0,120.0,1.0,0.78,,,1000000000.0,1.0,,,,,,,,,64118.88398924775,0.0008265867057607568,,,0.2420382165605095,1.0,2.941737577408055,0.2420382165605095,False,True,False,False
Hurricane_Ike,ike,2016,1,disaster,Hurricane_Ike|ike,1,755.0,124.0,615.0,16.0,0.1642384105960264,,0.0,1934131751.17,57257837.59,2406953634.69,1687341943.52,16.0,110659030.64,3185516.3499999996,101371529.38,91454470.7,586958.0,586958.0,53705.0,7565.0,5115.0,120.0,1.0,0.78,,,1000000000.0,1.0,,,,,,,,,42.03710332068794,0.7010280211472867,,,0.1642384105960264,1.0,2.941737577408055,0.1642384105960264,False,True,False,False
Hurricane_Ike,ike,2016,2,disaster,Hurricane_Ike|ike,1,567.0,77.0,486.0,4.0,0.1358024691358024,,0.0,2106769397.02,42869022.44,2393874458.51,1744000516.18,25.0,113777822.95,2046630.19,113528548.64,96474768.9,364800.0,366692.0,56645.0,9902.0,5115.0,120.0,,,,,,,,,,,,,,,55.84159195280219,0.7285263059557033,,,0.1358024691358024,,2.941737577408055,0.1358024691358024,False,False,False,False
Hurricane_Ike,ike,2016,3,disaster,Hurricane_Ike|ike,1,653.0,67.0,581.0,5.0,0.1026033690658499,,0.0,1961764344.07,30377406.66,11773421360814.26,1815918213.41,19.0,106174903.62,675533.85,106174903.62,89909578.57,682065.0,430535.0,57043.0,10376.0,5115.0,120.0,1.0,0.78,,,1000000000.0,1.0,,,,,,,,,387571.64140404144,0.00015423878563065456,,,0.1026033690658499,1.0,2.941737577408055,0.1026033690658499,False,True,False,False
Hurricane_Ike,ike,2016,4,disaster,Hurricane_Ike|ike,1,1208.0,618.0,577.0,13.0,0.5115894039735099,,0.0,2375128909.62,18722008.69,16084308541460.95,2058240841.4,38.0,132292278.61,459203.38,132292277.61,118623177.17,4976746.0,3317760.0,5682.0,6883.0,10000.0,120.0,,,,,,,,,,,,,,,859112.3317901285,0.00012796576465158065,,,0.5115894039735099,,2.941737577408055,0.5115894039735099,False,False,False,False
Hurricane_Ike,ike,2017,1,disaster,Hurricane_Ike|ike,1,635.0,364.0,265.0,5.0,0.573228346456693,,0.0,2025824028.8,17452780.19,2212307998.21,1780294948.19,21.0,122036923.49,257736.37,111459246.21,99642295.88,3488691.0,2043461.0,6680.0,7699.0,5115.0,120.0,1.0,0.78,,,1000000000.0,1.0,,,,,,,,,126.75963222625104,0.8047229181607869,,,0.573228346456693,1.0,2.941737577408055,0.573228346456693,False,True,False,False
Hurricane_Ike,ike,2017,2,disaster,Hurricane_Ike|ike,1,482.0,38.0,442.0,2.0,0.0788381742738589,,0.0,1836508313.04,16240119.63,2227253466.4,103564798157688.48,9.0,67409402.06,477311.96,56692933.03,1778339130645.12,8286.0,8303.0,7599.0,10179.0,5115.0,120.0,,,,,,,,,,,,,,,137.14513914575147,46498.88291568559,,,0.0788381742738589,,2.941737577408055,0.0788381742738589,False,False,False,False
Hurricane_Ike,ike,2017,3,disaster,Hurricane_Ike|ike,1,963.0,433.0,530.0,0.0,0.4496365524402907,,0.0,2273612356.16,11412987.78,2713864265.65,148922065303381.97,9.0,67024242.84,343051.24,56495718.15,53465457.05,4257992.0,2551577.0,12230.0,12250.0,77530.0,120.0,1.0,0.78,,,1000000000.0,1.0,,,,,,,,,237.78736278030084,54874.54445984,,,0.4496365524402907,1.0,2.941737577408055,0.4496365524402907,False,True,False,False
Hurricane_Ike,ike,2017,4,disaster,Hurricane_Ike|ike,1,429.0,99.0,330.0,0.0,0.2307692307692307,,0.0,1798712898.57,39867295.35,1869863281.91,84127929662518.98,10.0,110360207.35999998,2057408.16,109933769.27,95473178.45,1944.0,3806.0,7021.0,6968.0,4117.0,,,,,,,,,,,,,,,,46.90218550052706,44991.48706561329,,,0.2307692307692307,,2.941737577408055,0.2307692307692307,False,False,False,False
Hurricane_Ike,ike,2018,1,disaster,Hurricane_Ike|ike,1,373.0,34.0,339.0,0.0,0.0911528150134048,,0.0,1502428840.22,18035265.08,1775267376.76,111604591760688.34,5.0,64346916.67,2125107.4499999997,63911467.18,51762473.25,1944.0,3806.0,7210.0,6899.0,4117.0,,,,,,,,,,,,,,,,98.43311805428702,62866.35648336835,,,0.0911528150134048,,2.941737577408055,0.0911528150134048,False,False,False,False
Hurricane_Ike,ike,2018,2,disaster,Hurricane_Ike|ike,1,373.0,28.0,344.0,0.0,0.0750670241286863,,0.0,39622894777919.24,13484102.28,1745410356.68,80327611574658.45,8.0,68278629.16,2239053.17,67843179.67,2900626193042.91,0.0,44502.0,6871.0,8697.0,4117.0,,,,,,,,,,,,,,,,129.4420882040358,46022.192584815486,,,0.0750670241286863,,2.941737577408055,0.0750670241286863,False,False,False,False
Hurricane_Ike,ike,2018,3,disaster,Hurricane_Ike|ike,1,383.0,39.0,344.0,0.0,0.1018276762402088,,0.0,1365698588.5,15722093.75,1745170800.34,37194761163433.25,7.0,67552985.8,2767175.56,67089082.14,59807916.5,326843.0,64897.0,6399.0,6236.0,4117.0,,100.0,0.78,,,49666.47,100.0,,,,,,,,,111.00116995168025,21312.963267656578,,,0.1018276762402088,100.0,2.941737577408055,0.1018276762402088,False,True,False,False
Hurricane_Ike,ike,2018,4,disaster,Hurricane_Ike|ike,1,328.0,22.0,306.0,0.0,0.0670731707317073,,0.0,1256940197.15,13498707.0,1520447601.31,86527485713571.0,2.0,62924469.94,300649.99,62460566.28,56068567.989999995,294.0,1059.0,5066.0,4984.0,3278.0,,,,,,,,,,,,,,,,112.63653632233071,56909.21912667028,,,0.0670731707317073,,2.941737577408055,0.0670731707317073,False,False,False,False
Hurricane_Ike,ike,2019,1,disaster,Hurricane_Ike|ike,1,286.0,13.0,273.0,0.0,0.0454545454545454,,0.0,1176583603.83,16655723.54,1380761305.68,65703852461444.5,4.0,66389993.3,1110679.78,65926089.64,57794975.190000005,293.0,582065.0,4064.0,4236.0,3278.0,,91.0,0.8986813186813187,,,1000031897.69,91.0,,,,,,,,,82.90010952475261,47585.23590656861,,,0.0454545454545454,91.0,2.941737577408055,0.0454545454545454,False,True,False,False
Hurricane_Ike,ike,2019,2,disaster,Hurricane_Ike|ike,1,914.0,555.0,359.0,0.0,0.6072210065645515,,0.0,1768084262.92,30909707.47,2028638593.55,177476905778857.72,6.0,61497940.54,1482945.1,61033790.91,54706090.37,0.0,44502.0,7773.0,9999.0,10000.0,120.0,78.0,0.78,,,25569.37,78.0,,,,,,,,,65.631115904896,87485.7189166866,,,0.6072210065645515,78.0,2.941737577408055,0.6072210065645515,False,True,False,False
Hurricane_Ike,ike,2019,3,disaster,Hurricane_Ike|ike,1,343.0,108.0,235.0,0.0,0.314868804664723,,0.0,1178929742.84,11447331.36,1302067726.01,87099160530023.31,4.0,63999985.14,139485.67,63535835.510000005,77946186566.21,0.0,4528.0,2664.0,4269.0,3278.0,,,,,,,,,,,,,,,,113.74421557846824,66892.95709442566,,,0.314868804664723,,2.941737577408055,0.314868804664723,False,False,False,False
Hurricane_Ike,ike,2019,4,disaster,Hurricane_Ike|ike,1,199.0,6.0,193.0,0.0,0.0301507537688442,,0.0,749135010.43,10331026.25,3261824474077.42,31701689487267.23,3.0,60036649.17,981758.83,59572499.54000001,54682069.84,0.0,4528.0,1819.0,3486.0,3278.0,,,,,,,,,,,,,,,,315730.92499667394,9.719005341706437,,,0.0301507537688442,,2.941737577408055,0.0301507537688442,False,False,False,False
Hurricane_Ike,ike,2020,1,disaster,Hurricane_Ike|ike,1,173.0,6.0,167.0,0.0,0.0346820809248554,,0.0,899317674.44,5468386.87,958240673.84,29285115592940.15,2.0,59694834.4,292008.0,59230684.77,54632360.65,0.0,4512.0,2264.0,4182.0,3000.0,,,,,,,,,,,,,,,,175.23278740518225,30561.33640788239,,,0.0346820809248554,,2.941737577408055,0.0346820809248554,False,False,False,False
Hurricane_Ike,ike,2020,2,disaster,Hurricane_Ike|ike,1,146.0,2.0,144.0,0.0,0.0136986301369863,,0.0,955498239.61,2515833.57,1030956261.88,62889025003483.81,2.0,59971715.9,216568.11,59507566.27,54940302.04,74557.0,74359.0,2936.0,2534.0,416.0,,,,,,,,,,,,,,,,409.7871473588772,61000.6722194039,,,0.0136986301369863,,2.941737577408055,0.0136986301369863,False,False,False,False
Hurricane_Ike,ike,2020,3,disaster,Hurricane_Ike|ike,1,172.0,3.0,169.0,0.0,0.0174418604651162,,0.0,682356472.98,2463497.6999999997,3273654141002.41,69515153976253.73,2.0,59971715.9,291074.66,59507566.27,55231376.7,104764.0,104764.0,1811.0,1476.0,630.19,,,,,,,,,,,,,,,,1328864.2977025758,21.234727610830575,,,0.0174418604651162,,2.941737577408055,0.0174418604651162,False,False,False,False
Hurricane_Ike,ike,2020,4,disaster,Hurricane_Ike|ike,1,152.0,3.0,20.0,0.0,0.0197368421052631,33.625,24.0,2088156.0,0.0,455641265.43,53463959116984.19,,,,,,,0.0,,0.0,416.0,,15.0,0.9,,,2772.95,15.0,,,,,,,,,,117337.83389116198,33.625,0.02973977695167286,0.0197368421052631,15.0,2.941737577408055,0.0197368421052631,False,True,False,False
Hurricane_Ike,ike,2021,1,disaster,Hurricane_Ike|ike,1,133.0,14.0,119.0,0.0,0.1052631578947368,,0.0,1071224021.11,2779738.7,971156703.33,21611240298204.44,1.0,60066161.32,137166.04,55943059.9,55943059.9,0.0,16.0,3676.0,4231.0,576.63,,5.0,0.9,,,81739.48,5.0,,,,,,,,,349.3697818899309,22253.092857312975,,,0.1052631578947368,5.0,2.941737577408055,0.1052631578947368,False,True,False,False
Hurricane_Ike,ike,2021,2,disaster,Hurricane_Ike|ike,1,100.0,1.0,99.0,0.0,0.01,,0.0,540733631.67,3586820.1699999995,481429597.64,25896107004176.2,1.0,60066161.32,0.0,58641.07,56001700.97,981.0,783.0,337.0,334.0,576.63,,,,,,,,,,,,,,,,134.22183851497635,53790.018584483885,,,0.01,,2.941737577408055,0.01,False,False,False,False
Hurricane_Ike,ike,2021,3,disaster,Hurricane_Ike|ike,1,84.0,0.0,84.0,0.0,0.0,,0.0,446193704.37,1868615.1,436218920.58,13823782810905.44,1.0,60066161.32,265061.24,265061.24,56266762.21,293.0,95.0,282.0,282.0,576.63,,,,,,,,,,,,,,,,233.44503669054154,31690.011961253844,,,0.0,,2.941737577408055,0.0,False,False,False,False
Hurricane_Ike,ike,2021,4,disaster,Hurricane_Ike|ike,1,121.0,0.0,121.0,0.0,0.0,,0.0,482185156.64,7316496.89,587960837.44,59965415324484.85,1.0,60066161.32,0.0,143237.01,56409999.22,41239.0,41239.0,282.0,282.0,576.63,,,,,,,,,,,,,,,,80.3609768827497,101988.7916099585,,,0.0,,2.941737577408055,0.0,False,False,False,False
Hurricane_Ike,ike,2022,1,disaster,Hurricane_Ike|ike,1,162.0,89.0,73.0,0.0,0.5493827160493827,,0.0,482651209.84,341567.25,545579344.88,52371996836481.87,1.0,60066161.32,0.0,67802.32,56477801.54,,,,,6653.0,,,,,,,,,,,,,,,,1597.2823649808347,95993.36435289915,,,0.5493827160493827,,2.941737577408055,0.5493827160493827,False,False,False,False
Hurricane_Ike,ike,2022,2,disaster,Hurricane_Ike|ike,1,211.0,107.0,104.0,0.0,0.5071090047393365,,0.0,758340996.46,2845783.08,597910245.9,55653439421993.58,1.0,60066161.32,0.0,56826562.31,56826562.31,,,,,3459.0,,,,,,,,,,,,,,,,210.10394295407784,93079.9226198602,,,0.5071090047393365,,2.941737577408055,0.5071090047393365,False,False,False,False
Hurricane_Ike,ike,2022,3,disaster,Hurricane_Ike|ike,1,43.0,1.0,42.0,0.0,0.0232558139534883,,0.0,191462774.52,167515.4,215113818.31,7584587915825.09,1.0,60066161.32,0.0,170386.72,56996949.03,,,,,576.63,,,,,,,,,,,,,,,,1284.1435373105996,35258.48769461643,,,0.0232558139534883,,2.941737577408055,0.0232558139534883,False,False,False,False
Hurricane_Ike,ike,2022,4,disaster,Hurricane_Ike|ike,1,33.0,0.0,33.0,0.0,0.0,,0.0,287452564.41999996,89283.28000000001,297307950.84000003,1600101259171.3,1.0,60066161.32,0.0,72402.14,57069351.17,,,,,576.63,,,,,,,,,,,,,,,,3329.9398368877128,5381.96592001811,,,0.0,,2.941737577408055,0.0,False,False,False,False
Hurricane_Ike,ike,2023,1,disaster,Hurricane_Ike|ike,1,37.0,0.0,37.0,0.0,0.0,,0.0,219158695.55,89283.28000000001,247809503.27,19781886290369.97,1.0,60066161.32,0.0,117206.94,57186558.11,,,,,576.63,,,,,,,,,,,,,,,,2775.5421090040595,79826.98818784476,,,0.0,,2.941737577408055,0.0,False,False,False,False
Hurricane_Ike,ike,2023,2,disaster,Hurricane_Ike|ike,1,53.0,0.0,53.0,0.0,0.0,,0.0,346126815.42,114834.75,208133973.47,1908782892704.58,1.0,60066161.32,0.0,77486.27,57264044.38,,,,,576.63,,,,,,,,,,,,,,,,1812.46507237574,9170.933802307427,,,0.0,,2.941737577408055,0.0,False,False,False,False
Hurricane_Ike,ike,2023,3,disaster,Hurricane_Ike|ike,1,5.0,0.0,5.0,0.0,0.0,,0.0,167303272.98000002,523070.75,207588836.96,204555509.71,1.0,60066161.32,0.0,57348319.55,57390057.27,,,,,576.63,,,,,,,,,,,,,,,,396.8656954341263,0.9853878113369627,,,0.0,,2.941737577408055,0.0,False,False,False,False
Hurricane_Ike,ike,2023,4,disaster,Hurricane_Ike|ike,1,41.0,14.0,27.0,0.0,0.3414634146341463,,0.0,266147514.22,963735.63,165861794.75,27883849361019.22,1.0,55477517.74,0.0,137890.72,57486210.27,,,,,3278.0,,,,,,,,,,,,,,,,172.10300168107307,168114.96223737334,,,0.3414634146341463,,2.941737577408055,0.3414634146341463,False,False,False,False
Hurricane_Ike,ike,2024,1,disaster,Hurricane_Ike|ike,1,67.0,47.0,20.0,0.0,0.7014925373134329,,0.0,193773179.99,898257.35,141262957.06,17044900703511.52,1.0,55477517.74,0.0,24280.85,57510491.12,,,,,576.63,,,,,,,,,,,,,,,,157.2633467012544,120660.79500425488,,,0.7014925373134329,,2.941737577408055,0.7014925373134329,False,False,False,False
Hurricane_Ike,ike,2024,2,disaster,Hurricane_Ike|ike,1,40.0,0.0,40.0,0.0,0.0,,0.0,221057920.97,912827.64,155716807.91,21456005218497.77,,,,,,,,,,576.63,,,,,,,,,,,,,,,,170.5873059562482,137788.6273580611,,,0.0,,2.941737577408055,0.0,False,False,False,False
Hurricane_Ike,ike,2024,3,disaster,Hurricane_Ike|ike,1,65.0,25.0,40.0,0.0,0.3846153846153846,,0.0,255351006.01,300473.67,223546139.15,28254792092646.43,1.0,55477517.74,0.0,103690.56,57614181.68,,,,,770.0,,,,,,,,,,,,,,,,743.9791285206455,126393.55884239805,,,0.3846153846153846,,2.941737577408055,0.3846153846153846,False,False,False,False
Hurricane_Ike,ike,2024,4,disaster,Hurricane_Ike|ike,1,33.0,4.0,29.0,0.0,0.1212121212121212,,0.0,222858363.03,277541.79,205508647.31,20528213601603.57,1.0,55477517.74,0.0,29351.49,57643533.17,,,,,576.63,,,,,,,,,,,,,,,,740.4601927154827,99889.7801640324,,,0.1212121212121212,,2.941737577408055,0.1212121212121212,False,False,False,False
Hurricane_Ike,ike,2025,1,disaster,Hurricane_Ike|ike,1,36.0,2.0,34.0,0.0,0.0555555555555555,,0.0,475976858.78,26996292.72,110862547.23,3798926299919.3096,1.0,55477517.74,0.0,70571.73,57714104.9,,,,,576.63,,,,,,,,,,,,,,,,4.106584129155939,34266.99453367151,,,0.0555555555555555,,2.941737577408055,0.0555555555555555,False,False,False,False
Hurricane_Ike,ike,2025,2,disaster,Hurricane_Ike|ike,1,23.0,1.0,22.0,0.0,0.0434782608695652,,0.0,276081186.63,918677.86,161086002.16,12303396873245.93,2.0,55477517.74,0.0,327972.12,58034455.42,,,,,576.63,,,,,,,,,,,,,,,,175.34547110997102,76377.81500732435,,,0.0434782608695652,,2.941737577408055,0.0434782608695652,False,False,False,False
Hurricane_Ike,ike,2025,3,disaster,Hurricane_Ike|ike,1,29.0,0.0,29.0,0.0,0.0,,0.0,228717720.03,1084321.84,75430761.07000001,9487355711014.54,1.0,55477517.74,0.0,30613.53,57776137.55,,,,,576.63,,,,,,,,,,,,,,,,69.56491909265611,125775.68589305681,,,0.0,,2.941737577408055,0.0,False,False,False,False
Hurricane_Rita1,rita1,2011,3,disaster,Hurricane_Rita1|rita1,1,83.0,68.0,13.0,2.0,0.8192771084337349,,0.0,45698159.8,282643.83999999997,46262748.18,45555843.68,1.0,506906.76,0.0,506906.76,506906.76,,,,,2088.0,150.0,,,,,,,,,,,,,,,163.67860053132594,0.9847197901592538,,,0.8192771084337349,,1.1167584878635648,0.8192771084337349,False,False,False,False
Hurricane_Rita1,rita1,2011,4,disaster,Hurricane_Rita1|rita1,1,47.0,28.0,16.0,3.0,0.5957446808510638,,0.0,42016113.36,10313.0,42586645.02,40864159.89,2.0,535778.76,0.0,535778.76,535778.76,,,,,2066.0,150.0,,,,,,,,,,,,,,,4129.4138485406775,0.9595533968644144,,,0.5957446808510638,,1.1167584878635648,0.5957446808510638,False,False,False,False
Hurricane_Rita1,rita1,2012,1,disaster,Hurricane_Rita1|rita1,1,54.0,42.0,12.0,0.0,0.7777777777777778,,0.0,35101871.49,142278.42,35444349.03,34029906.11,,,,,,,,,,2066.0,150.0,,,,,,,,,,,,,,,249.1196418262165,0.9600939794717962,,,0.7777777777777778,,1.1167584878635648,0.7777777777777778,False,False,False,False
Hurricane_Rita1,rita1,2012,2,disaster,Hurricane_Rita1|rita1,1,30.0,17.0,11.0,2.0,0.5666666666666667,,0.0,40777651.43,207.91,41751146.34,40745585.56,3.0,2076268.74,0.0,2076268.74,2076268.74,,,,,2066.0,150.0,,,,,,,,,,,,,,,200813.55557693235,0.9759153731537997,,,0.5666666666666667,,1.1167584878635648,0.5666666666666667,False,False,False,False
Hurricane_Rita1,rita1,2012,3,disaster,Hurricane_Rita1|rita1,1,7.0,4.0,3.0,0.0,0.5714285714285714,,0.0,29689042.67,1415.0,28947942.67,29655531.18,,,,,,,,,,2066.0,,,,,,,,,,,,,,,,20457.910014134275,1.024443481806854,,,0.5714285714285714,,1.1167584878635648,0.5714285714285714,False,False,False,False
Hurricane_Rita1,rita1,2012,4,disaster,Hurricane_Rita1|rita1,1,9.0,7.0,2.0,0.0,0.7777777777777778,,0.0,32311789.65,0.0,32311789.65,32266823.65,,,,,,,,,,,150.0,,,,,,,,,,,,,,,,0.9986083717278718,,,0.7777777777777778,,1.1167584878635648,0.7777777777777778,False,False,False,False
Hurricane_Rita1,rita1,2013,1,disaster,Hurricane_Rita1|rita1,1,,,,,,,,,,,,,,,,,,,,,,,,,,,,,,,,,,,,,,,,,,,1.1167584878635648,,False,False,False,False
Hurricane_Rita1,rita1,2013,2,disaster,Hurricane_Rita1|rita1,1,7.0,3.0,3.0,0.0,0.4285714285714285,,0.0,30702653.08,0.0,29571020.280000005,29571020.280000005,,,,,,,,,,,,,,,,,,,,,,,,,,,1.0,,,0.4285714285714285,,1.1167584878635648,0.4285714285714285,False,False,False,False
Hurricane_Rita1,rita1,2013,3,disaster,Hurricane_Rita1|rita1,1,3.0,0.0,0.0,0.0,0.0,,0.0,1151021.03,0.0,1151021.03,1151021.03,,,,,,,,,,,,,,,,,,,,,,,,,,,1.0,,,0.0,,1.1167584878635648,0.0,False,False,False,False
Hurricane_Rita1,rita1,2013,4,disaster,Hurricane_Rita1|rita1,1,,,,,,,,,,,,,,,,,,,,,,,,,,,,,,,,,,,,,,,,,,,1.1167584878635648,,False,False,False,False
Hurricane_Rita1,rita1,2014,1,disaster,Hurricane_Rita1|rita1,1,14.0,11.0,3.0,0.0,0.7857142857142857,,0.0,6605327.54,0.0,37327918.79000001,36176897.760000005,6.0,3502576.98,0.0,3502576.98,3483188.74,,,,,,,,,,,,,,,,,,,,,,0.9691646074222505,,,0.7857142857142857,,1.1167584878635648,0.7857142857142857,False,False,False,False
Hurricane_Rita1,rita1,2014,2,disaster,Hurricane_Rita1|rita1,1,1.0,0.0,1.0,0.0,0.0,,0.0,10000.0,0.0,10000.0,140.28,1.0,10000.0,0.0,10000.0,140.28,,,,,,,,,,,,,,,,,,,,,,0.014028,,,0.0,,1.1167584878635648,0.0,False,False,False,False
Hurricane_Rita1,rita1,2014,3,disaster,Hurricane_Rita1|rita1,1,1.0,0.0,1.0,0.0,0.0,,0.0,10000.0,0.0,10000.0,512.97,1.0,10000.0,0.0,10000.0,512.97,,,,,,,,,,,,,,,,,,,,,,0.051297,,,0.0,,1.1167584878635648,0.0,False,False,False,False
Hurricane_Rita1,rita1,2014,4,disaster,Hurricane_Rita1|rita1,1,1.0,0.0,1.0,0.0,0.0,,0.0,10000.0,0.0,10000.0,1015.74,1.0,10000.0,0.0,10000.0,1015.74,,,,,,,,,,,,,,,,,,,,,,0.101574,,,0.0,,1.1167584878635648,0.0,False,False,False,False
Hurricane_Rita1,rita1,2015,1,disaster,Hurricane_Rita1|rita1,1,2.0,0.0,2.0,0.0,0.0,,0.0,1141632.8,682.75,10000.0,1698.49,1.0,10000.0,682.75,10000.0,1698.49,,,,,,,,,,,,,,,,,,,,,14.646649578908825,0.169849,,,0.0,,1.1167584878635648,0.0,False,False,False,False
Hurricane_Rita1,rita1,2015,2,disaster,Hurricane_Rita1|rita1,1,2.0,1.0,1.0,0.0,0.5,,0.0,1361082.8,0.0,1361082.8,664289.26,,,,,,0.0,1.0,0.0,8.0,0.0,,,,,,,,,,,,,,,,,0.4880594038804987,,,0.5,,1.1167584878635648,0.5,False,False,False,False
Hurricane_Rita1,rita1,2015,3,disaster,Hurricane_Rita1|rita1,1,3.0,1.0,2.0,0.0,0.3333333333333333,,0.0,1370471.04,9388.24,1370471.04,1095589.64,1.0,9388.24,9388.24,9388.24,9388.24,,,8.0,8.0,0.0,,,,,,,,,,,,,,,,145.97741855768493,0.799425604790598,,,0.3333333333333333,,1.1167584878635648,0.3333333333333333,False,False,False,False
Hurricane_Rita1,rita1,2015,4,disaster,Hurricane_Rita1|rita1,1,1.0,1.0,0.0,0.0,1.0,,0.0,4442.21,1108.33,10000.0,4069.0,1.0,4442.21,1108.33,10000.0,4069.0,,,,,,,,,,,,,,,,,,,,,9.022583526566997,0.4069,,,1.0,,1.1167584878635648,1.0,False,False,False,False
Hurricane_Rita1,rita1,2016,1,disaster,Hurricane_Rita1|rita1,1,4.0,2.0,1.0,0.0,0.5,,0.0,1096201.4,484.55,1097316.98,1097316.98,2.0,10000.0,484.5499999999999,11115.58,11115.58,,,8.0,8.0,,,,,,,,,,,,,,,,,2264.610422041069,1.0,,,0.5,,1.1167584878635648,0.5,False,False,False,False
Hurricane_Rita1,rita1,2016,2,disaster,Hurricane_Rita1|rita1,1,2.0,0.0,2.0,0.0,0.0,,0.0,5557.79,0.0,50989.19,1277.51,1.0,5557.79,0.0,5557.79,1277.51,,,,,,,,,,,,,,,,,,,,,,0.02505452626331189,,,0.0,,1.1167584878635648,0.0,False,False,False,False
Hurricane_Rita1,rita1,2016,3,disaster,Hurricane_Rita1|rita1,1,12.0,8.0,2.0,2.0,0.6666666666666666,,0.0,760458534492.3401,46526.31,6294513.9399999995,3409387.52,1.0,5557.79,1526.31,5557.79,2803.82,,,8.0,8.0,2066.0,120.0,,,,,,,,,,,,,,,135.28934359935272,0.5416442877875334,,,0.6666666666666666,,1.1167584878635648,0.6666666666666666,False,False,False,False
Hurricane_Rita1,rita1,2016,4,disaster,Hurricane_Rita1|rita1,1,29.0,29.0,0.0,0.0,1.0,,0.0,16356463.67,2753.97,47079054.92,45992853.52,10.0,3545015.0,2753.97,3545015.0,3545015.0,,,542.0,602.0,2066.0,,,,,,,,,,,,,,,,17094.977403530178,0.9769281392363176,,,1.0,,1.1167584878635648,1.0,False,False,False,False
Hurricane_Rita2,rita2,2011,3,disaster,Hurricane_Rita2|rita2,1,40.0,8.0,31.0,0.0,0.2,,0.0,592234828.73,5889723.34,422090005.04,414422427.67,6.0,216399707.0,2164646.94,16031226.0,14042869.58,,,,,1022.0,170.0,1.0,0.76,,,,,100000.0,1.0,,,,,,,71.66550628505414,0.9818342598060966,,,0.2,1.0,1.2131449235018208,0.2,False,False,False,False
Hurricane_Rita2,rita2,2011,4,disaster,Hurricane_Rita2|rita2,1,28.0,12.0,16.0,0.0,0.4285714285714285,,0.0,310463246.63,1302426.23,338758974.38,337112858.90999997,1.0,235275.0,0.0,235275.0,235275.0,,,,,1022.0,170.0,,,,,,,,,,,,,,,260.09839680516876,0.9951407472731526,,,0.4285714285714285,,1.2131449235018208,0.4285714285714285,False,False,False,False
Hurricane_Rita2,rita2,2012,1,disaster,Hurricane_Rita2|rita2,1,12.0,6.0,6.0,0.0,0.5,,0.0,233555898.81,112766.04,259743229.81,253316614.23,1.0,800000.0,0.0,800000.0,680460.14,,,,,1022.0,170.0,,,,,,,,,,,,,,,2303.3816724432286,0.9752578129381811,,,0.5,,1.2131449235018208,0.5,False,False,False,False
Hurricane_Rita2,rita2,2012,2,disaster,Hurricane_Rita2|rita2,1,31.0,16.0,14.0,1.0,0.5161290322580645,,0.0,512679754.41,1503735.0,329037107.81,334681803.21000004,6.0,215912937.71,0.0,16031226.0,5414970.84,,,,,1022.0,170.0,1.0,0.76,,,,,100000.0,1.0,,,,,,,218.8132269382571,1.0171551939462693,,,0.5161290322580645,1.0,1.2131449235018208,0.5161290322580645,False,False,False,False
Hurricane_Rita2,rita2,2012,3,disaster,Hurricane_Rita2|rita2,1,21.0,15.0,5.0,1.0,0.7142857142857143,,0.0,84511188.99,1504744.0,98668330.77,98179849.64,3.0,5082007.81,0.0,4929361.51,4725216.8,,,,,1022.0,170.0,1.0,0.76,,,,,100000.0,1.0,,,,,,,65.57150636254406,0.9950492612352116,,,0.7142857142857143,1.0,1.2131449235018208,0.7142857142857143,False,False,False,False
Hurricane_Rita2,rita2,2012,4,disaster,Hurricane_Rita2|rita2,1,7.0,1.0,6.0,0.0,0.1428571428571428,,0.0,226345190.0,12546.48,24887266.0,14889815.54,3.0,214962268.0,7939.48,14492931.0,4622824.61,,,,,1022.0,,,,,,,,,,,,,,,,1983.605441526229,0.5982905289797601,,,0.1428571428571428,,1.2131449235018208,0.1428571428571428,False,False,False,False
Hurricane_Rita2,rita2,2013,1,disaster,Hurricane_Rita2|rita2,1,9.0,0.0,9.0,0.0,0.0,,0.0,233875117.0,954.0,232886530.0,232142985.17,2.0,4962268.0,0.0,4962268.0,4532563.66,,,,,849.0,,,,,,,,,,,,,,,,244115.85953878408,0.9968072656241647,,,0.0,,1.2131449235018208,0.0,False,False,False,False
Hurricane_Rita2,rita2,2013,2,disaster,Hurricane_Rita2|rita2,1,10.0,1.0,8.0,0.0,0.1,,0.0,217626815.11,0.0,214808964.34,214808964.34,2.0,4573296.87,0.0,4538374.79,4538374.79,,,,,1022.0,,,,,,,,,,,,,,,,,1.0,,,0.1,,1.2131449235018208,0.1,False,False,False,False
Hurricane_Rita2,rita2,2013,3,disaster,Hurricane_Rita2|rita2,1,4.0,0.0,1.0,0.0,0.0,,0.0,5568814.42,0.0,5518137.0,5550299.76,1.0,3884590.66,0.0,3884590.66,3856076.0,,,,,849.0,,,,,,,,,,,,,,,,,1.0058285540935283,,,0.0,,1.2131449235018208,0.0,False,False,False,False
Hurricane_Rita2,rita2,2013,4,disaster,Hurricane_Rita2|rita2,1,5.0,0.0,4.0,0.0,0.0,,0.0,5752329.07,0.0,5752329.07,3856076.0,3.0,3995768.08,0.0,3995768.08,3856076.0,,,,,849.0,,,,,,,,,,,,,,,,,0.6703503838315703,,,0.0,,1.2131449235018208,0.0,False,False,False,False
Hurricane_Rita2,rita2,2014,1,disaster,Hurricane_Rita2|rita2,1,23.0,16.0,5.0,1.0,0.6956521739130435,,0.0,459386072.16,153087.78,258087991.26,248272171.01,7.0,215540550.8,0.0,14875635.88,5655451.48,,,,,1022.0,,,,,,,,,,,,,,,,1685.8823823821863,0.9619671562319555,,,0.6956521739130435,,1.2131449235018208,0.6956521739130435,False,False,False,False
Hurricane_Rita2,rita2,2014,2,disaster,Hurricane_Rita2|rita2,1,4.0,0.0,3.0,0.0,0.0,,0.0,1918316.34,400.0,1918316.34,1149701.62,2.0,111177.33,0.0,111177.33,16515.190000000002,,,,,849.0,,,,,,,,,,,,,,,,4795.79085,0.5993284819749802,,,0.0,,1.2131449235018208,0.0,False,False,False,False
Hurricane_Rita2,rita2,2014,3,disaster,Hurricane_Rita2|rita2,1,5.0,2.0,3.0,0.0,0.4,,0.0,22133475.73,3630.52,21790578.24,18930113.05,1.0,57680.67,0.0,40500.0,20521.86,,,,,849.0,,,,,,,,,,,,,,,,6002.0543172878815,0.8687292664519949,,,0.4,,1.2131449235018208,0.4,False,False,False,False
Hurricane_Rita2,rita2,2014,4,disaster,Hurricane_Rita2|rita2,1,5.0,1.0,4.0,0.0,0.2,,0.0,15638967.72,0.0,15696648.39,13831008.78,2.0,53496.66,0.0,111177.33,52676.73,,,,,849.0,,,,,,,,,,,,,,,,,0.8811440784270507,,,0.2,,1.2131449235018208,0.2,False,False,False,False
Hurricane_Rita2,rita2,2015,1,disaster,Hurricane_Rita2|rita2,1,5.0,1.0,3.0,0.0,0.2,,0.0,9703542.82,0.0,9761223.49,6498915.88,2.0,53496.66,0.0,111177.33,87733.61,,,,,849.0,,,,,,,,,,,,,,,,,0.6657890669809876,,,0.2,,1.2131449235018208,0.2,False,False,False,False
Hurricane_Rita2,rita2,2015,2,disaster,Hurricane_Rita2|rita2,1,3.0,1.0,2.0,0.0,0.3333333333333333,,0.0,2125826.35,20499.66,12329323.01,10371389.19,1.0,0.0,20499.66,53496.66,20499.66,,,175.0,321.0,849.0,,,,,,,,,,,,,,,,601.440365840214,0.8411969725821953,,,0.3333333333333333,,1.2131449235018208,0.3333333333333333,False,False,False,False
Hurricane_Rita2,rita2,2015,3,disaster,Hurricane_Rita2|rita2,1,6.0,3.0,3.0,0.0,0.5,,0.0,8400234.77,240681.0,19662694.77,23019168.56,1.0,153753.54,0.0,153753.54,96072.87,,,246.0,403.0,849.0,,,,,,,,,,,,,,,,81.69608224163935,1.1707026340621978,,,0.5,,1.2131449235018208,0.5,False,False,False,False
Hurricane_Rita2,rita2,2015,4,disaster,Hurricane_Rita2|rita2,1,6.0,4.0,2.0,0.0,0.6666666666666666,,0.0,14356386.9,114317.04,28039672.94,27448091.09,2.0,222106.92,19271.03,127504.3,131558.3,,,126.0,233.0,849.0,,,,,,,,,,,,,,,,245.27990700249063,0.9789019703879612,,,0.6666666666666666,,1.2131449235018208,0.6666666666666666,False,False,False,False
Hurricane_Rita2,rita2,2016,1,disaster,Hurricane_Rita2|rita2,1,10.0,8.0,2.0,0.0,0.8,,0.0,62208639.14,0.0,86306423.58,86239704.86,1.0,0.0,0.0,169452.39,103177.06,,,1216.0,1681.0,849.0,,,,,,,,,,,,,,,,,0.9992269553385195,,,0.8,,1.2131449235018208,0.8,False,False,False,False
Hurricane_Rita2,rita2,2016,2,disaster,Hurricane_Rita2|rita2,1,2.0,0.0,2.0,0.0,0.0,,0.0,169452.39,443.39,2401388.8200000003,2354869.33,1.0,169452.39,0.0,169452.39,123376.29,,,15.0,19.0,849.0,,,,,,,,,,,,,,,,5415.974243893638,0.9806280892071446,,,0.0,,1.2131449235018208,0.0,False,False,False,False
Hurricane_Rita2,rita2,2016,3,disaster,Hurricane_Rita2|rita2,1,2.0,0.0,2.0,0.0,0.0,,0.0,2401388.82,180728.97,2220659.85,2356872.09,1.0,169895.78,0.0,169895.78,125379.05,,,15.0,19.0,849.0,,,,,,,,,,,,,,,,12.287237901040436,1.061338633199497,,,0.0,,1.2131449235018208,0.0,False,False,False,False
Hurricane_Rita2,rita2,2016,4,disaster,Hurricane_Rita2|rita2,1,29.0,27.0,1.0,1.0,0.9310344827586208,,0.0,301616469.43,1506407.55,315549069.45,314942946.64,2.0,405170.78,6407.55,405170.78,367061.6,40305.0,38417.0,2781.0,2781.0,1022.0,120.0,1.0,0.76,,,,,100000.0,1.0,,,,,,,209.47124797004633,0.998079148795918,,,0.9310344827586208,1.0,1.2131449235018208,0.9310344827586208,False,False,False,False
Hurricane_Rita2,rita2,2017,1,disaster,Hurricane_Rita2|rita2,1,7.0,5.0,1.0,1.0,0.7142857142857143,,0.0,27815926.26,1606982.56,33704425.97,29968428.950000003,2.0,222550.31,0.0,222550.31,184938.2,423189.0,36619.0,64.0,68.0,849.0,,1.0,0.76,,,,,100000.0,1.0,,,,,,,20.97373475540394,0.8891541121832078,,,0.7142857142857143,1.0,1.2131449235018208,0.7142857142857143,False,False,False,False
Hurricane_Rita2,rita2,2017,2,disaster,Hurricane_Rita2|rita2,1,1.0,0.0,1.0,0.0,0.0,,0.0,169895.78,339.58,169895.78,132623.25,1.0,169895.78,339.58,169895.78,132623.25,,,,,849.0,,,,,,,,,,,,,,,,500.3115024441958,0.7806153278203849,,,0.0,,1.2131449235018208,0.0,False,False,False,False
Hurricane_Rita2,rita2,2017,3,disaster,Hurricane_Rita2|rita2,1,2.0,1.0,1.0,0.0,0.5,,0.0,4499778.78,6700.0,3713756.67,3680184.14,1.0,172895.78,3700.0,169895.78,136323.25,,,34.0,34.0,849.0,,,,,,,,,,,,,,,,554.2920402985075,0.9909599543041683,,,0.5,,1.2131449235018208,0.5,False,False,False,False
Hurricane_Rita2,rita2,2017,4,disaster,Hurricane_Rita2|rita2,1,7.0,7.0,0.0,0.0,1.0,,0.0,223380020.01,107675.82,223030971.8,220728976.82,1.0,172895.78,0.0,172895.78,136323.25,,,2482.0,2482.0,1022.0,,,,,,,,,,,,,,,,2071.3189999388906,0.9896785860662245,,,1.0,,1.2131449235018208,1.0,False,False,False,False
Mitigation_ActionPlan,mit,2021,1,disaster,Mitigation_ActionPlan|mit,1,38.0,0.0,38.0,0.0,0.0,,0.0,3662273330.0,0.0,0.0,0.0,9.0,208859450.0,0.0,0.0,0.0,,,,,,,34.0,0.95,,,831201.59,34.0,,,,,,,,,,,,,0.0,34.0,,0.0,False,True,False,False
Mitigation_ActionPlan,mit,2021,3,disaster,Mitigation_ActionPlan|mit,1,38.0,0.0,38.0,0.0,0.0,,0.0,0.0,0.0,0.0,0.0,9.0,0.0,0.0,0.0,0.0,,,,,,,36.0,0.9499999999999998,,,461407.11,36.0,,,,,,,,,,,,,0.0,36.0,,0.0,False,True,False,False
Mitigation_ActionPlan,mit,2021,4,disaster,Mitigation_ActionPlan|mit,1,126.0,0.0,126.0,0.0,0.0,,0.0,105400.0,0.0,0.0,0.0,9.0,0.0,0.0,0.0,0.0,,,,,,,39.0,0.9456410256410256,,,3052556.96,39.0,,,,,,,,,,,,,0.0,39.0,,0.0,False,True,False,False
Mitigation_ActionPlan,mit,2022,1,disaster,Mitigation_ActionPlan|mit,1,153.0,0.0,152.0,0.0,0.0,,0.0,0.0,0.0,0.0,0.0,9.0,0.0,0.0,0.0,0.0,,,,,,,35.0,0.9451428571428572,,,2872175.32,35.0,,,,,,,,,,,,,0.0,35.0,,0.0,False,True,False,False
Mitigation_ActionPlan,mit,2022,2,disaster,Mitigation_ActionPlan|mit,1,165.0,0.0,165.0,0.0,0.0,,0.0,0.0,0.0,0.0,0.0,11.0,0.0,0.0,0.0,0.0,,,,,,,56.0,0.9469642857142856,,,2851592.08,56.0,,,,,,,,,,,,,0.0,56.0,,0.0,False,True,False,False
Mitigation_ActionPlan,mit,2022,3,disaster,Mitigation_ActionPlan|mit,1,174.0,0.0,173.0,0.0,0.0,,0.0,27813110.7,0.0,0.0,0.0,12.0,0.0,0.0,0.0,0.0,,,,,,,70.0,0.9475714285714284,,,3326403.83,70.0,,,,,,,,,,,,,0.0,70.0,,0.0,False,True,False,False
Mitigation_ActionPlan,mit,2022,4,disaster,Mitigation_ActionPlan|mit,1,190.0,0.0,189.0,0.0,0.0,,0.0,27813110.7,0.0,0.0,0.0,12.0,0.0,0.0,0.0,0.0,,,,,,,57.0,0.9470175438596492,,,2929939.4,57.0,,,,,,,,,,,,,0.0,57.0,,0.0,False,True,False,False
Mitigation_ActionPlan,mit,2023,1,disaster,Mitigation_ActionPlan|mit,1,195.0,0.0,194.0,0.0,0.0,,0.0,27813110.7,0.0,0.0,0.0,12.0,0.0,0.0,0.0,0.0,,,,,,,71.0,0.9476056338028168,,,3741372.25,71.0,,,,,,,,,,,,,0.0,71.0,,0.0,False,True,False,False
Mitigation_ActionPlan,mit,2023,2,disaster,Mitigation_ActionPlan|mit,1,200.0,0.0,198.0,0.0,0.0,,0.0,27813110.7,0.0,0.0,0.0,12.0,0.0,0.0,0.0,0.0,,,,,,,66.0,0.9474242424242424,,,3054124.96,66.0,,,,,,,,,,,,,0.0,66.0,,0.0,False,True,False,False
Mitigation_ActionPlan,mit,2023,3,disaster,Mitigation_ActionPlan|mit,1,211.0,0.0,209.0,0.0,0.0,,0.0,22962171.66,0.0,0.0,0.0,11.0,0.0,0.0,0.0,0.0,,,,,,,1.0,0.78,,,2250000.0,1.0,,,,,,,,,,,,,0.0,1.0,,0.0,False,True,False,False
Mitigation_ActionPlan,mit,2023,4,disaster,Mitigation_ActionPlan|mit,1,243.0,0.0,242.0,0.0,0.0,,0.0,19803033.66,0.0,0.0,0.0,11.0,0.0,0.0,0.0,0.0,,,,,,,1.0,0.78,,,2250000.0,1.0,,,,,,,,,,,,,0.0,1.0,,0.0,False,True,False,False
Mitigation_ActionPlan,mit,2024,1,disaster,Mitigation_ActionPlan|mit,1,340.0,2.0,338.0,0.0,0.0058823529411764,,0.0,20785010.16,0.0,0.0,0.0,11.0,0.0,0.0,0.0,0.0,,,,,,,1.0,0.78,,,2250000.0,1.0,,,,,,,,,,,,,0.0058823529411764,1.0,,0.0058823529411764,False,True,False,False
Mitigation_ActionPlan,mit,2024,2,disaster,Mitigation_ActionPlan|mit,1,386.0,3.0,383.0,0.0,0.0077720207253886,,0.0,38739135.16,0.0,0.0,0.0,11.0,0.0,0.0,0.0,0.0,,,,,2012.0,,1.0,0.78,,,2250000.0,1.0,,,,,,,,,,,,,0.0077720207253886,1.0,,0.0077720207253886,False,True,False,False
Mitigation_ActionPlan,mit,2024,3,disaster,Mitigation_ActionPlan|mit,1,433.0,6.0,426.0,0.0,0.0138568129330254,,0.0,39686935.16,0.0,0.0,0.0,11.0,0.0,0.0,0.0,0.0,,,,,2012.0,,1.0,0.78,,,2250000.0,1.0,,,,,,,,,,,,,0.0138568129330254,1.0,,0.0138568129330254,False,True,False,False
Mitigation_ActionPlan,mit,2024,4,disaster,Mitigation_ActionPlan|mit,1,469.0,6.0,457.0,5.0,0.0127931769722814,,0.0,55498124.66,0.0,0.0,0.0,11.0,0.0,0.0,0.0,0.0,,,,,2012.0,,1.0,0.78,,,2250000.0,1.0,,,,,,,,,,,,,0.0127931769722814,1.0,,0.0127931769722814,False,True,False,False
Mitigation_ActionPlan,mit,2025,1,disaster,Mitigation_ActionPlan|mit,1,541.0,6.0,528.0,5.0,0.011090573012939,,0.0,56410724.66,0.0,0.0,0.0,11.0,0.0,0.0,0.0,0.0,,,,,2012.0,,1.0,0.78,,,2250000.0,1.0,,,,,,,,,,,,,0.011090573012939,1.0,,0.011090573012939,False,True,False,False
Mitigation_ActionPlan,mit,2025,2,disaster,Mitigation_ActionPlan|mit,1,611.0,6.0,598.0,5.0,0.0098199672667757,,0.0,79915696.66,0.0,0.0,0.0,11.0,0.0,0.0,0.0,0.0,,,,,2012.0,,1.0,0.78,,,2250000.0,1.0,,,,,,,,,,,,,0.0098199672667757,1.0,,0.0098199672667757,False,True,False,False
Mitigation_ActionPlan,mit,2025,3,disaster,Mitigation_ActionPlan|mit,1,661.0,7.0,649.0,5.0,0.010590015128593,,0.0,79915632.66,0.0,0.0,0.0,11.0,0.0,0.0,0.0,0.0,,,,,2012.0,,1.0,0.78,,,2250000.0,1.0,,,,,,,,,,,,,0.010590015128593,1.0,,0.010590015128593,False,True,False,False
Mitigation_ActionPlan,mit,2025,4,disaster,Mitigation_ActionPlan|mit,1,711.0,7.0,699.0,5.0,0.0098452883263009,,0.0,79915632.66,0.0,0.0,0.0,11.0,0.0,0.0,0.0,0.0,,,,,2012.0,,1.0,0.78,,,2250000.0,1.0,,,,,,,,,,,,,0.0098452883263009,1.0,,0.0098452883263009,False,True,False,False
Mitigation_Performance,mit,2021,1,disaster,Mitigation_Performance|mit,1,38.0,0.0,38.0,0.0,0.0,,0.0,1735399660.0,630261.72,716704276.75,4011288266.67,9.0,214859450.0,428705.72,1444660.75,214859450.0,,,,,330.0,,,,,,,,,,,,,,,,1137.1534300861554,5.596852700335167,,,0.0,,0.9654239473188652,0.0,False,False,False,False
Mitigation_Performance,mit,2021,2,disaster,Mitigation_Performance|mit,1,,,,,,,,,,,,,,,,,,,,,0.0,,,,,,,,,,,,,,,,,,,,,,0.9654239473188652,,False,False,False,False
Mitigation_Performance,mit,2021,3,disaster,Mitigation_Performance|mit,1,30.0,0.0,30.0,0.0,0.0,,0.0,857718900.0,2167858.12,921022878.67,579604887.73,9.0,214859450.0,1451113.16,214859450.0,197996068.93,,,44.0,226.0,,,,,,,,,,,,,,,,,424.85385467476993,0.6293056352378309,,,0.0,,0.9654239473188652,0.0,False,False,False,False
Mitigation_Performance,mit,2021,4,disaster,Mitigation_Performance|mit,1,132.0,0.0,132.0,0.0,0.0,,0.0,3782124647.98,6355990.92,8527328475460706.0,4627985183.16,9.0,244859450.0,895611.7999999999,216126032.82,14929709.01,,,114.0,1009.0,,,1.0,0.78,,,2250000.0,1.0,,,,,,,,,1341620619.4738722,5.427239253745252e-07,,,0.0,1.0,0.9654239473188652,0.0,False,True,False,False
Mitigation_Performance,mit,2022,1,disaster,Mitigation_Performance|mit,1,73.0,0.0,72.0,0.0,0.0,,0.0,2228742464.78,0.0,1.1155793581049186e+16,18944836954855.688,9.0,429718900.0,0.0,401144376.82,5141908186843.5,,,,,,,,,,,,,,,,,,,,,,0.0016982061219775594,,,0.0,,0.9654239473188652,0.0,False,False,False,False
Mitigation_Performance,mit,2022,2,disaster,Mitigation_Performance|mit,1,130.0,0.0,130.0,0.0,0.0,,0.0,2475751424.42,0.0,1.223108857012737e+16,12606995675092.62,9.0,429718900.0,0.0,218409691.91,198765323.01,,,,,,,1.0,0.78,,,2250000.0,1.0,,,,,,,,,,0.0010307337407304323,,,0.0,1.0,0.9654239473188652,0.0,False,True,False,False
Mitigation_Performance,mit,2022,3,disaster,Mitigation_Performance|mit,1,116.0,0.0,116.0,0.0,0.0,,0.0,2922037710.02,0.0,1.5134151347283686e+16,18272470688217.94,10.0,1142218900.0,0.0,1115007556.45,6624895988375.87,,,,,,,,,,,,,,,,,,,,,,0.0012073667210614706,,,0.0,,0.9654239473188652,0.0,False,False,False,False
Mitigation_Performance,mit,2022,4,disaster,Mitigation_Performance|mit,1,118.0,0.0,118.0,0.0,0.0,,0.0,2189423831.1,0.0,2.334026984137704e+16,21436904832432.35,9.0,429718900.0,0.0,402745760.51,1027056137475.18,,,,,,,1.0,0.78,,,2250000.0,1.0,,,,,,,,,,0.0009184514565649772,,,0.0,1.0,0.9654239473188652,0.0,False,True,False,False
Mitigation_Performance,mit,2023,2,disaster,Mitigation_Performance|mit,1,113.0,0.0,112.0,0.0,0.0,,0.0,2398780964.68,0.0,1.5717380907867156e+16,17251957589307.88,9.0,409718900.0,0.0,215279536.91,2536401501837.74,,,,,,,1.0,0.78,,,2250000.0,1.0,,,,,,,,,,0.0010976356487404724,,,0.0,1.0,0.9654239473188652,0.0,False,True,False,False
Mitigation_Performance,mit,2023,3,disaster,Mitigation_Performance|mit,1,135.0,0.0,135.0,0.0,0.0,,0.0,1180583125.86,0.0,2.6774593844117564e+16,9854487548303.78,11.0,214859450.0,0.0,214859450.0,3096254383407.5103,,,,,,,1.0,0.78,,,2250000.0,1.0,,,,,,,,,,0.00036805367079242667,,,0.0,1.0,0.9654239473188652,0.0,False,True,False,False
Mitigation_Performance,mit,2023,4,disaster,Mitigation_Performance|mit,1,155.0,0.0,155.0,0.0,0.0,,0.0,1184471110.64,25666068.72,2.384816242367569e+16,12098972056883.58,10.0,211359450.0,0.0,211359450.0,2508131320069.1,,,,,,,1.0,0.78,,,2250000.0,1.0,,,,,,,,,929170831.8809367,0.0005073335145047533,,,0.0,1.0,0.9654239473188652,0.0,False,True,False,False
Mitigation_Performance,mit,2024,1,disaster,Mitigation_Performance|mit,1,183.0,2.0,181.0,0.0,0.0109289617486338,,0.0,895176688.31,0.0,2.3113432543593172e+16,31718688842910.39,10.0,47000000.0,0.0,47000000.0,1302151389609.81,,,,,,,1.0,0.78,,,2250000.0,1.0,,,,,,,,,,0.001372305423830374,,,0.0109289617486338,1.0,0.9654239473188652,0.0109289617486338,False,True,False,False
Mitigation_Performance,mit,2024,2,disaster,Mitigation_Performance|mit,1,221.0,1.0,220.0,0.0,0.004524886877828,,0.0,1165571042.24,0.0,2.674835164931916e+16,44166556993237.61,10.0,211359450.0,0.0,211359450.0,7718011833103.37,,,,,2012.0,,1.0,0.78,,,2250000.0,1.0,,,,,,,,,,0.0016511879899097186,,,0.004524886877828,1.0,0.9654239473188652,0.004524886877828,False,True,False,False
Mitigation_Performance,mit,2024,3,disaster,Mitigation_Performance|mit,1,271.0,3.0,268.0,0.0,0.011070110701107,,0.0,1514534622.18,21843239.84,4.015248170310264e+16,84640052596780.55,11.0,214859450.0,0.0,214859450.0,5343980998189.38,,,,,,,1.0,0.78,,,2250000.0,1.0,,,,,,,,,1838210906.3131835,0.002107965660071275,,,0.011070110701107,1.0,0.9654239473188652,0.011070110701107,False,True,False,False
Mitigation_Performance,mit,2024,4,disaster,Mitigation_Performance|mit,1,248.0,0.0,246.0,1.0,0.0,,0.0,1388003986.73,0.0,3.510975428943999e+16,86586264375416.58,10.0,212859450.0,0.0,212859450.0,15500001268419.238,,,,,,,1.0,0.78,,,2250000.0,1.0,,,,,,,,,,0.002466159793133592,,,0.0,1.0,0.9654239473188652,0.0,False,True,False,False
Mitigation_Performance,mit,2025,1,disaster,Mitigation_Performance|mit,1,344.0,0.0,343.0,0.0,0.0,,0.0,1722363263.82,500000.0,3.512817290660811e+16,84507221364030.19,11.0,214859450.0,0.0,214859450.0,1811629853831.66,,,,,525.13,,1.0,0.78,,,2250000.0,1.0,,,,,,,,,70256345813.21622,0.002405682230860722,,,0.0,1.0,0.9654239473188652,0.0,False,True,False,False
Mitigation_Performance,mit,2025,2,disaster,Mitigation_Performance|mit,1,378.0,0.0,378.0,0.0,0.0,,0.0,1869398671.7,3956545.65,4.6947108099429016e+16,86245065045638.94,11.0,214859450.0,0.0,249967798.08,242200918.52,,,,,525.13,,1.0,0.78,,,2250000.0,1.0,,,,,,,,,11865680887.424871,0.0018370687468753347,,,0.0,1.0,0.9654239473188652,0.0,False,True,False,False
Mitigation_Performance,mit,2025,3,disaster,Mitigation_Performance|mit,1,436.0,0.0,436.0,0.0,0.0,,0.0,2188756280.21,0.0,5.3974754035093256e+16,91565936283962.95,3.0,213913624.04,0.0,213913624.04,206618281.83,,,,,800.0,,1.0,0.78,,,2250000.0,1.0,,,,,,,,,,0.0016964586114543237,,,0.0,1.0,0.9654239473188652,0.0,False,True,False,False
Mitigation_Performance,mitigationgrantreport,2023,1,disaster,Mitigation_Performance|mitigationgrantreport,1,117.0,0.0,117.0,0.0,0.0,,0.0,2254997002.64,0.0,1.218442369347026e+16,31564260527719.09,11.0,429718900.0,0.0,225082172.65,8332021130639.061,,,,,,,1.0,0.78,,,2250000.0,1.0,,,,,,,,,,0.0025905419346698077,,,0.0,1.0,,0.0,False,True,False,False
Wildfire_I,wf1,2013,3,disaster,Wildfire_I|wf1,1,5.0,0.0,5.0,0.0,0.0,,0.0,17001541.0,12095.54,25292773.619999997,1731861.82,2.0,1088160.0,8513.54,1088160.0,209234.86,,,,,999.0,,,,,,,,,,,,,,,,2091.0826321106783,0.06847259403099028,,,0.0,,1.6334721741422287,0.0,False,False,False,False
Wildfire_I,wf1,2014,1,disaster,Wildfire_I|wf1,1,8.0,0.0,7.0,0.0,0.0,,0.0,22277317.0,17966.39,30443485.21,4289058.2700000005,3.0,1565984.0,17966.39,1565984.0,403186.5,,,,,999.0,,,,,,,,,,,,,,,,1694.4686834695228,0.14088591501314512,,,0.0,,1.6334721741422287,0.0,False,False,False,False
Wildfire_I,wf1,2014,2,disaster,Wildfire_I|wf1,1,8.0,0.0,7.0,0.0,0.0,,0.0,21351358.0,1493327.59,30544476.56,10602260.26,3.0,1540025.0,32697.8,1540025.0,493437.47,,,,,999.0,,,,,,,,,,,,,,,,20.453969219171793,0.3471089196494648,,,0.0,,1.6334721741422287,0.0,False,False,False,False
Wildfire_I,wf1,2014,3,disaster,Wildfire_I|wf1,1,6.0,0.0,5.0,0.0,0.0,,0.0,26304367.81,670562.9,16716702.74,5062273.47,2.0,1316324.81,0.0,1397350.0,409121.96,,,,,999.0,,,,,,,,,,,,,,,,24.929358215314327,0.3028272709478113,,,0.0,,1.6334721741422287,0.0,False,False,False,False
Wildfire_I,wf1,2014,4,disaster,Wildfire_I|wf1,1,7.0,0.0,6.0,0.0,0.0,,0.0,30134963.0,200114.06,31746649.51,11158301.38,2.0,1315135.92,7499.79,1316324.81,439309.68,,,,,999.0,,,,,,,,,,,,,,,,158.64277357622947,0.3514796538288302,,,0.0,,1.6334721741422287,0.0,False,False,False,False
Wildfire_I,wf1,2015,1,disaster,Wildfire_I|wf1,1,12.0,0.0,9.0,0.0,0.0,,0.0,26408284.89,198784.77,30369372.0,16839950.44,3.0,1198793.11,156016.01,1315135.92,900745.55,,,,,999.0,,,,,,,,,,,,,,,,152.7751446954412,0.5545044013422471,,,0.0,,1.6334721741422287,0.0,False,False,False,False
Wildfire_I,wf1,2015,2,disaster,Wildfire_I|wf1,1,15.0,0.0,13.0,0.0,0.0,,0.0,22520876046.91,489625.5,22906633.53,18899382.84,2.0,819618.22,15450.54,819618.22,570110.32,,,34.0,34.0,999.0,,,,,,,,,,,,,,,,46.78398802758435,0.8250615619815174,,,0.0,,1.6334721741422287,0.0,False,False,False,False
Wildfire_I,wf1,2015,3,disaster,Wildfire_I|wf1,1,5.0,0.0,5.0,0.0,0.0,,0.0,839134.22,44326.14,5222382.989999999,3096657.52,2.0,819618.22,22516.26,819618.22,506327.48,,,,,999.0,,,,,,,,,,,,,,,,117.81722906618982,0.5929587174915336,,,0.0,,1.6334721741422287,0.0,False,False,False,False
Wildfire_I,wf1,2015,4,disaster,Wildfire_I|wf1,1,16.0,0.0,16.0,0.0,0.0,,0.0,25750437.68,80043.35,21484312.28,4880358.24,2.0,819618.22,0.0,819618.22,524849.9,,,,,999.0,,,,,,,,,,,,,,,,268.40845966591854,0.22715915577819928,,,0.0,,1.6334721741422287,0.0,False,False,False,False
Wildfire_I,wf1,2016,1,disaster,Wildfire_I|wf1,1,17.0,0.0,17.0,0.0,0.0,,0.0,22810494.75,176592.48,25952539.85,5611901.75,2.0,819618.22,42185.54,819618.22,523837.77,,,6.0,6.0,999.0,,,,,,,,,,,,,,,,146.962882281284,0.21623709210873246,,,0.0,,1.6334721741422287,0.0,False,False,False,False
Wildfire_I,wf1,2016,2,disaster,Wildfire_I|wf1,1,14.0,0.0,14.0,0.0,0.0,,0.0,28362057.14,209511.23,26382373.17,8860560.2,2.0,819618.0,7038.81,819618.22,553506.64,,,,,999.0,,,,,,,,,,,,,,,,125.92343221888393,0.3358515226399551,,,0.0,,1.6334721741422287,0.0,False,False,False,False
Wildfire_I,wf1,2016,3,disaster,Wildfire_I|wf1,1,16.0,1.0,15.0,0.0,0.0625,,0.0,21478217.32,475404.83,23613584.28,9057294.51,3.0,962293.0,1934.64,962293.0,693449.16,122746.0,122746.0,,,999.0,,,,,,,,,,,,,,,,49.67047617080373,0.38356288493108,,,0.0625,,1.6334721741422287,0.0625,False,False,False,False
Wildfire_I,wf1,2016,4,disaster,Wildfire_I|wf1,1,20.0,7.0,13.0,0.0,0.35,,0.0,24871218.83,606752.55,31084910.71,10642783.85,4.0,1292430.42,8523.1,1293306.0,1032985.26,122746.0,122746.0,29.0,34.0,999.0,,,,,,,,,,,,,,,,51.23161115680519,0.34237781633955994,,,0.35,,1.6334721741422287,0.35,False,False,False,False
Wildfire_I,wf1,2017,1,disaster,Wildfire_I|wf1,1,17.0,3.0,13.0,1.0,0.1764705882352941,,0.0,21291076.69,1023242.16,24339920.32,9663619.33,3.0,962293.0,5605.3,727741.61,721196.93,,,29.0,34.0,999.0,,,,,,,,,,,,,,,,23.78705771857563,0.3970275663581137,,,0.1764705882352941,,1.6334721741422287,0.1764705882352941,False,False,False,False
Wildfire_I,wf1,2017,2,disaster,Wildfire_I|wf1,1,12.0,0.0,12.0,0.0,0.0,,0.0,22749883.85,7334.38,17685822.79,5769790.83,2.0,820493.5800000001,5737.5,585135.01,585135.01,,,,,737.5,,,,,,,,,,,,,,,,2411.358941042051,0.32623819081023375,,,0.0,,1.6334721741422287,0.0,False,False,False,False
Wildfire_I,wf1,2017,3,disaster,Wildfire_I|wf1,1,10.0,0.0,10.0,0.0,0.0,,0.0,17465568.19,961964.57,3168664681024.3003,6041900.35,1.0,542998.26,2541.1,310180.79,310180.79,,,,,10.0,,,,,,,,,,,,,,,,3293951.5444153007,1.9067654542881133e-06,,,0.0,,1.6334721741422287,0.0,False,False,False,False
Wildfire_I,wf1,2017,4,disaster,Wildfire_I|wf1,1,9.0,0.0,9.0,0.0,0.0,,0.0,16942558.62,1278985.48,20652549.86,3164150620625.46,1.0,542998.26,0.0,312644.15,310180.79,,,,,10.0,,,,,,,,,,,,,,,,16.147603067393696,153208.7147628104,,,0.0,,1.6334721741422287,0.0,False,False,False,False
Wildfire_I,wf1,2018,1,disaster,Wildfire_I|wf1,1,10.0,0.0,10.0,0.0,0.0,,0.0,15610440.71,1043275.96,20947791.14,12542946.49,1.0,542998.26,5305.23,315486.02,315486.02,,,,,305.23,,,,,,,,,,,,,,,,20.07885923107056,0.5987717944184162,,,0.0,,1.6334721741422287,0.0,False,False,False,False
Wildfire_I,wf1,2018,2,disaster,Wildfire_I|wf1,1,10.0,0.0,10.0,0.0,0.0,,0.0,15610440.71,1137635.07,17817108.71,13697795.95,1.0,542998.26,0.0,356265.2,329885.71,,,,,10.0,,,,,,,,,,,,,,,,15.661532577401996,0.7688001556791308,,,0.0,,1.6334721741422287,0.0,False,False,False,False
Wildfire_I,wf1,2018,3,disaster,Wildfire_I|wf1,1,10.0,0.0,10.0,0.0,0.0,,0.0,15610440.71,9057.12,20994307.57,1136495845285.5198,1.0,542998.26,4734.29,356265.2,334620.0,,,,,10.0,,,,,,,,,,,,,,,,2317.9893354620453,54133.52364664436,,,0.0,,1.6334721741422287,0.0,False,False,False,False
Wildfire_I,wf1,2018,4,disaster,Wildfire_I|wf1,1,12.0,0.0,12.0,0.0,0.0,,0.0,12318729.29,270999.74,22608798.16,5193305102799.73,1.0,542998.26,2164.69,356265.2,336784.69,,,,,10.0,,,,,,,,,,,,,,,,83.42737952442316,229702.83807424334,,,0.0,,1.6334721741422287,0.0,False,False,False,False
Wildfire_I,wf1,2019,1,disaster,Wildfire_I|wf1,1,12.0,0.0,12.0,0.0,0.0,,0.0,12318729.29,1084.81,22609087.93,15578547.45,1.0,542998.26,0.0,356265.2,338947.92,,,,,163.23,,,,,,,,,,,,,,,,20841.51872678165,0.6890391818649537,,,0.0,,1.6334721741422287,0.0,False,False,False,False
Wildfire_I,wf1,2019,2,disaster,Wildfire_I|wf1,1,13.0,1.0,12.0,0.0,0.0769230769230769,,0.0,22849951.97,1011.63,22522797263.65,15578959.31,1.0,542998.26,623.41,542998.26,338324.51,,,,,10.0,,,,,,,,,,,,,,,,22263868.47330546,0.0006916973556896149,,,0.0769230769230769,,1.6334721741422287,0.0769230769230769,False,False,False,False
Wildfire_I,wf1,2019,3,disaster,Wildfire_I|wf1,1,10.0,0.0,10.0,0.0,0.0,,0.0,20095926.43,3185.2999999999997,18496353.76,11284831.7,1.0,542998.26,3010.7,542998.26,341335.21,,,,,10.0,,,,,,,,,,,,,,,,5806.785470756287,0.6101111519830705,,,0.0,,1.6334721741422287,0.0,False,False,False,False
Wildfire_I,wf1,2019,4,disaster,Wildfire_I|wf1,1,11.0,0.0,11.0,0.0,0.0,26.545454545454547,11.0,10268083.07,0.0,9003215.23,7953548921618.641,1.0,0.0,0.0,542998.26,354137.54,,,,,10.0,,,,,,,,,,,,,,,,,883412.060961986,26.545454545454547,0.03767123287671233,0.0,,1.6334721741422287,0.0,False,False,False,False
Wildfire_I,wf1,2020,1,disaster,Wildfire_I|wf1,1,10.0,0.0,10.0,0.0,0.0,,0.0,18497900.2,2788.07,21701511.26,11301977.56,1.0,542998.26,2667.79,542998.26,356805.33,,,,,10.0,,,,,,,,,,,,,,,,7783.703874006033,0.5207921892901388,,,0.0,,1.6334721741422287,0.0,False,False,False,False
Wildfire_I,wf1,2020,2,disaster,Wildfire_I|wf1,1,12.0,2.0,10.0,0.0,0.1666666666666666,,0.0,16168772.69,531342.61,26361127.97,1427183710807.39,1.0,542998.26,2510.09,542998.26,359315.42,,,29.0,34.0,10.0,,,,,,,,,,,,,,,,49.61229811778129,54139.705722440296,,,0.1666666666666666,,1.6334721741422287,0.1666666666666666,False,False,False,False
Wildfire_I,wf1,2020,3,disaster,Wildfire_I|wf1,1,10.0,1.0,9.0,0.0,0.1,,0.0,19832617.45,635.84,21436685.01,2933626060854.69,1.0,542998.26,565.71,542998.26,359881.13,,,23.0,28.0,10.0,,,,,,,,,,,,,,,,33713.961075113235,136850.7331934104,,,0.1,,1.6334721741422287,0.1,False,False,False,False
Wildfire_I,wf1,2020,4,disaster,Wildfire_I|wf1,1,9.0,0.0,9.0,0.0,0.0,,0.0,16602861.91,436265.59,13999609.27,1427296613846.69,1.0,542998.26,6914.49,366795.62,366795.62,,,,,10.0,,1.0,0.9,,,79.02,1.0,,,,,,,,,32.08964812008208,101952.60355624839,,,0.0,1.0,1.6334721741422287,0.0,False,True,False,False
Wildfire_I,wf1,2021,1,disaster,Wildfire_I|wf1,1,11.0,1.0,10.0,0.0,0.0909090909090909,,0.0,14338381.62,903318.61,18113905.02,1427478347035.97,1.0,542998.26,1802.64,1802.64,368598.26,,,6.0,6.0,10.0,,,,,,,,,,,,,,,,20.05262021558484,78805.66589367983,,,0.0909090909090909,,1.6334721741422287,0.0909090909090909,False,False,False,False
Wildfire_I,wf1,2021,2,disaster,Wildfire_I|wf1,1,,,,,,,,,,,,,,,,,,,,,,,,,,,,,,,,,,,,,,,,,,,1.6334721741422287,,False,False,False,False
Wildfire_I,wf1,2021,3,disaster,Wildfire_I|wf1,1,13.0,3.0,10.0,0.0,0.2307692307692307,,0.0,4836180.5600000005,762.94,21466623.7,3894384990840.29,1.0,542998.26,0.0,371115.84,371115.84,55645.0,55645.0,29.0,34.0,2021.0,,,,,,,,,,,,,,,,28136.712847668226,181415.81299719203,,,0.2307692307692307,,1.6334721741422287,0.2307692307692307,False,False,False,False
Wildfire_I,wf1,2021,4,disaster,Wildfire_I|wf1,1,9.0,0.0,9.0,0.0,0.0,,0.0,21439472.0,42.9,19094158.15,7041213620437.5,1.0,542998.26,0.0,2663.13,373778.97,,,,,10.0,,,,,,,,,,,,,,,,445085.2715617715,368762.71606860554,,,0.0,,1.6334721741422287,0.0,False,False,False,False
Wildfire_I,wf1,2022,1,disaster,Wildfire_I|wf1,1,9.0,0.0,9.0,0.0,0.0,,0.0,21439472.0,0.0,18374989.22,17539778261962.61,1.0,542998.26,0.0,376032.46,376032.46,,,,,10.0,,8.0,0.9,,,195.52,8.0,,,,,,,,,,954546.3157535725,,,0.0,8.0,1.6334721741422287,0.0,False,True,False,False
Wildfire_I,wf1,2022,2,disaster,Wildfire_I|wf1,1,9.0,0.0,9.0,0.0,0.0,,0.0,21439472.0,0.0,17996552.18,9016653252676.04,1.0,542998.26,0.0,7206.26,383238.72,,,,,10.0,,,,,,,,,,,,,,,,,501021.1490785697,,,0.0,,1.6334721741422287,0.0,False,False,False,False
Wildfire_I,wf1,2022,3,disaster,Wildfire_I|wf1,1,9.0,0.0,9.0,0.0,0.0,,0.0,21439472.0,0.0,19504092.22,1506310394589.4,1.0,542998.26,0.0,1432.05,384670.77,,,,,10.0,,,,,,,,,,,,,,,,,77230.47951161707,,,0.0,,1.6334721741422287,0.0,False,False,False,False
Wildfire_I,wf1,2022,4,disaster,Wildfire_I|wf1,1,9.0,0.0,9.0,0.0,0.0,,0.0,21446088.74,0.0,20001936.57,9014373914385.2,1.0,542998.26,0.0,1950.18,386620.95,,,,,10.0,,,,,,,,,,,,,,,,,450675.05752945197,,,0.0,,1.6334721741422287,0.0,False,False,False,False
Wildfire_I,wf1,2023,1,disaster,Wildfire_I|wf1,1,9.0,0.0,9.0,0.0,0.0,,0.0,21077930.67,0.0,20970786.74,5506444453321.23,1.0,542998.26,0.0,387984.11,387984.11,,,,,10.0,,,,,,,,,,,,,,,,,262576.91337913205,,,0.0,,1.6334721741422287,0.0,False,False,False,False
Wildfire_I,wf1,2023,2,disaster,Wildfire_I|wf1,1,9.0,0.0,9.0,0.0,0.0,,0.0,13967404.56,0.0,12508345.28,1507539043367.16,1.0,542998.26,0.0,773.89,388758.0,,,,,10.0,,,,,,,,,,,,,,,,,120522.65984195474,,,0.0,,1.6334721741422287,0.0,False,False,False,False
Wildfire_I,wf1,2023,3,disaster,Wildfire_I|wf1,1,12.0,2.0,10.0,0.0,0.1666666666666666,,0.0,23787165.66,0.0,18168945.17,3172904395038.6104,1.0,542998.48,0.0,391412.75,391412.75,,,,,10.0,,,,,,,,,,,,,,,,,174633.38489664285,,,0.1666666666666666,,1.6334721741422287,0.1666666666666666,False,False,False,False
Wildfire_I,wf1,2023,4,disaster,Wildfire_I|wf1,1,9.0,0.0,9.0,0.0,0.0,,0.0,29089510.66,0.0,12495716.14,3932024883609.7,1.0,542998.48,0.0,401395.63,401395.63,,,,,10.0,,,,,,,,,,,,,,,,,314669.8308088887,,,0.0,,1.6334721741422287,0.0,False,False,False,False
Wildfire_I,wf1,2024,1,disaster,Wildfire_I|wf1,1,3.0,0.0,3.0,0.0,0.0,,0.0,9465111.2,0.0,10365041.6,6108606037835.85,1.0,542998.48,0.0,1007.22,402402.85,,,,,8.0,,,,,,,,,,,,,,,,,589346.9870719911,,,0.0,,1.6334721741422287,0.0,False,False,False,False
Wildfire_I,wf1,2024,2,disaster,Wildfire_I|wf1,1,,,,,,,,,,,,,,,,,,,,,,,,,,,,,,,,,,,,,,,,,,,1.6334721741422287,,False,False,False,False
Wildfire_I,wf1,2024,3,disaster,Wildfire_I|wf1,1,1.0,0.0,1.0,0.0,0.0,,0.0,542998.48,0.0,406847.98,406847.98,1.0,542998.48,0.0,406847.98,406847.98,,,,,,,,,,,,,,,,,,,,,,1.0,,,0.0,,1.6334721741422287,0.0,False,False,False,False
Wildfire_I,wf1,2024,4,disaster,Wildfire_I|wf1,1,1.0,0.0,1.0,0.0,0.0,,0.0,542998.48,0.0,1186.11,408034.09,1.0,542998.48,0.0,1186.11,408034.09,,,,,,,,,,,,,,,,,,,,,,344.01032787852733,,,0.0,,1.6334721741422287,0.0,False,False,False,False
Wildfire_I,wf1,2025,1,disaster,Wildfire_I|wf1,1,3.0,0.0,3.0,0.0,0.0,,0.0,5746658.420000001,0.0,780447.9,6108602160386.61,1.0,542998.48,0.0,408363.63,408363.63,,,,,8.0,,,,,,,,,,,,,,,,,7827046.700217414,,,0.0,,1.6334721741422287,0.0,False,False,False,False
Wildfire_I,wf1,2025,2,disaster,Wildfire_I|wf1,1,1.0,0.0,1.0,0.0,0.0,,0.0,542998.48,0.0,742.44,409106.07,1.0,542998.48,0.0,742.44,409106.07,,,,,,,,,,,,,,,,,,,,,,551.029133667367,,,0.0,,1.6334721741422287,0.0,False,False,False,False
Wildfire_I,wf1,2025,3,disaster,Wildfire_I|wf1,1,,,,,,,,,,,,,,,,,,,,,,,,,,,,,,,,,,,,,,,,,,,1.6334721741422287,,False,False,False,False
