canonical_activity_id,source_count,in_a32,in_p31,in_p33,in_b17_f31,in_b18_f31,in_b_any_f31,a32_row_count,p31_row_count,p33_row_count,b17_f31_row_count,b18_f31_row_count,b_any_f31_row_count,a32_quarter_count,a32_date_min,a32_date_max,b17_f31_quarter_count,b17_f31_date_min,b17_f31_date_max,b18_f31_quarter_count,b18_f31_date_min,b18_f31_date_max,a32_title_example,p31_title_example,p33_title_example,b17_title_example,b18_title_example,a32_type_example,p31_type_example,p33_type_example,b17_type_example,b18_type_example,a32_org_example,p31_org_example,p33_org_example,b17_org_example,b18_org_example,raw_ids_a32,raw_ids_p31,raw_ids_p33,raw_ids_b17_f31,raw_ids_b18_f31
19-097-004_00_MULTI-LMI_DANIELREINVESTMENTGROUPLLC,1,0,0,0,1,0,1,0,0,0,2,0,2,0,,,2,2019-04-01,2019-07-01,0,,,,,,0,,,,,Affordable Rental Housing,,,,,Daniel RE Investment Group LLC,,,,,19-097-004_00_Multi-LMI_DanielREInvestmentGroupLLC-091320191,
19-097-005_MI_MULTI-LMI_SIERRA HOUSING,1,0,0,0,1,0,1,0,0,0,2,0,2,0,,,2,2019-04-01,2019-07-01,0,,,,,,LMI-Multi - Sierra Royale Apartments,,,,,Affordable Rental Housing,,,,,"Sierra Housing, Ltd",,,,,19-097-005_MI_Multi-LMI_Sierra Housing-09132019161726,
19-097-006_MI_MULTI-LMI_REFUGIO ELDERLY HOUSING,1,0,0,0,1,0,1,0,0,0,2,0,2,0,,,2,2019-04-01,2019-07-01,0,,,,,,LMI-Multi - Refugio Elderly Apartments,,,,,Affordable Rental Housing,,,,,"Refugio Elderly Housing, Ltd.",,,,,19-097-006_MI_Multi-LMI_Refugio Elderly Housing-091320191618,
19-097-007_MI_MULTI-LMI_ROCKPORT RETIREMENT,1,0,0,0,1,0,1,0,0,0,2,0,2,0,,,2,2019-04-01,2019-07-01,0,,,,,,LMI-Multi - Linden Oaks Apartments,,,,,Affordable Rental Housing,,,,,"Rockport Retirement, LTD",,,,,19-097-007_MI_Multi-LMI_Rockport Retirement-09132019161936,
19-097-008_MI_MULTI-LMI_HVM ARANSAS PASS,1,0,0,0,1,0,1,0,0,0,2,0,2,0,,,2,2019-04-01,2019-07-01,0,,,,,,LMI-Multi - The Palms I Apartments,,,,,Affordable Rental Housing,,,,,"HVM Aransas Pass, Ltd",,,,,19-097-008_MI_Multi-LMI_HVM Aransas Pass-09132019162046,
19-097-009_MI_MULTI-LMI_SINTON RETIREMENT,1,0,0,0,1,0,1,0,0,0,2,0,2,0,,,2,2019-04-01,2019-07-01,0,,,,,,LMI-Multi - Windridge Apartments,,,,,Affordable Rental Housing,,,,,"Sinton Retirement, Ltd",,,,,19-097-009_MI_Multi-LMI_Sinton Retirement-09132019162643,
19-097-010_MI_MULTI-LMI_HVM ARANSAS PASS I,1,0,0,0,1,0,1,0,0,0,2,0,2,0,,,2,2019-04-01,2019-07-01,0,,,,,,LMI-Multi - The Palms II Apartments,,,,,Affordable Rental Housing,,,,,"HVM Aransas Pass II, LTD.",,,,,19-097-010_MI_Multi-LMI_HVM Aransas Pass I-09132019162726,
19-097-016_SI_MULTI-LMI_AMERICAN ACADEMY OF CRISIS,1,0,0,0,1,0,1,0,0,0,2,0,2,0,,,2,2019-04-01,2019-07-01,0,,,,,,LMI-Multi - American Academy of Crisis Counseling,,,,,Affordable Rental Housing,,,,,American Academy of Crisis Counseling,,,,,19-097-016_SI_Multi-LMI_American Academy of Crisis-091320191,
19-097-029_MI_MULTI-LMI_HVM GLO ANGLETON SRS,1,0,0,0,1,0,1,0,0,0,2,0,2,0,,,2,2019-04-01,2019-07-01,0,,,,,,LMI-Multi - Orchard Park Apts,,,,,Affordable Rental Housing,,,,,"HVM GLO Angleton SRS., LLC",,,,,19-097-029_MI_Multi-LMI_HVM GLO Angleton SRS-09132019162824,
19-097-030_MI_MULTI-LMI_BAH WILLOW CREEK MANOR,1,0,0,0,1,0,1,0,0,0,2,0,2,0,,,2,2019-04-01,2019-07-01,0,,,,,,0,,,,,Affordable Rental Housing,,,,,"BAH Willow Creek Manor, LLC",,,,,19-097-030_MI_Multi-LMI_BAH Willow Creek Manor-0918201912584,
19-097-031_MI_MULTI-LMI_BAY CITY BB HOUSING LLC,1,0,0,0,1,0,1,0,0,0,2,0,2,0,,,2,2019-04-01,2019-07-01,0,,,,,,LMI-Multi - Bay Breeze Apartments,,,,,Affordable Rental Housing,,,,,"Bay City BB Housing, LLC",,,,,19-097-031_MI_Multi-LMI_Bay City BB Housing LLC-091320191629,
19-097-032_MI_MULTI-LMI_EL CAMPO RETIREMENT,1,0,0,0,1,0,1,0,0,0,2,0,2,0,,,2,2019-04-01,2019-07-01,0,,,,,,LMI-Multi - El Campo Retirement,,,,,Affordable Rental Housing,,,,,"El Campo Retirement, Ltd.",,,,,19-097-032_MI_Multi-LMI_El Campo Retirement-09132019163103,
19-097-037_MI_MULTI-LMI_CHAPELCREEKINVESTMENTSLLC,1,0,0,0,1,0,1,0,0,0,2,0,2,0,,,2,2019-04-01,2019-07-01,0,,,,,,LMI-Multi - Brooks at Caney Creek,,,,,Affordable Rental Housing,,,,,CHAPEL CREEK INVESTMENTS LLC,,,,,19-097-037_MI_Multi-LMI_ChapelCreekInvestmentsLLC-0913201916,
19-097-038_MI_MULTI-LMI_SENIOR CITIZENS Y-HOUSE,1,0,0,0,1,0,1,0,0,0,2,0,2,0,,,2,2019-04-01,2019-07-01,0,,,,,,CANCELLED,,,,,Affordable Rental Housing,,,,,Senior Citizens Y House of Beaumont Inc,,,,,19-097-038_MI_Multi-LMI_Senior Citizens y-House-091820191254,
19-097-039_MI_MULTI-LMI_PORTARTHURHOUSINGAUTHORITY,1,0,0,0,1,0,1,0,0,0,2,0,2,0,,,2,2019-04-01,2019-07-01,0,,,,,,LMI-Multi - Southwood Crossing I & II,,,,,Affordable Rental Housing,,,,,"Port Arthur, City of",,,,,19-097-039_MI_Multi-LMI_PortArthurHousingAuthority-091320191,
19-097-040_MI_MULTI-LMI_PORT ARTHUR,1,0,0,0,1,0,1,0,0,0,2,0,2,0,,,2,2019-04-01,2019-07-01,0,,,,,,Valley View Estates,,,,,Affordable Rental Housing,,,,,"Port Arthur, City of",,,,,19-097-040_MI_Multi-LMI_Port Arthur-09132019164034,
19-097-042_MI_MULTI-LMI_MYRA SUE WINN,1,0,0,0,1,0,1,0,0,0,2,0,2,0,,,2,2019-04-01,2019-07-01,0,,,,,,CANCELLED,,,,,Affordable Rental Housing,,,,,Myra Sue Winn,,,,,19-097-042_MI_Multi-LMI_Myra Sue Winn-09182019125507,
ADMINISTRATION,3,1,0,0,1,1,1,31,0,0,31,5,36,31,2018-07-01,2026-01-01,31,2018-07-01,2026-01-01,5,2020-01-01,2025-07-01,Administration,,,Administration,Administration,Administration,,,Administration,Administration,Texas General Land Office,,,Texas General Land Office,Texas General Land Office,ADMINISTRATION,,,ADMINISTRATION,ADMINISTRATION
ADMIN[INF PD HOLDING],2,1,0,0,1,0,1,25,0,0,25,0,25,25,2019-04-01,2025-04-01,25,2019-04-01,2025-04-01,0,,,Administration,,,Administration,,Rehabilitation/reconstruction of a public improvement,,,Rehabilitation/reconstruction of a public improvement,,Texas General Land Office,,,Texas General Land Office,,ADMIN[INF PD HOLDING],,,ADMIN[INF PD HOLDING],
ADMIN[LBAP PD HOLDING],2,1,0,0,1,0,1,24,0,0,24,0,24,24,2019-07-01,2025-07-01,24,2019-07-01,2025-07-01,0,,,Administration,,,Administration,,Acquisition - buyout of residential properties,,,Acquisition - buyout of residential properties,,Texas General Land Office,,,Texas General Land Office,,ADMIN[LBAP PD HOLDING],,,ADMIN[LBAP PD HOLDING],
ARP_HMID_LMI,5,1,1,1,1,1,1,28,12,1,28,2,30,28,2019-04-01,2026-01-01,28,2019-04-01,2026-01-01,2,2019-07-01,2021-01-01,Affordable Rental Program,Affordable Rental Program,Affordable Rental Program,Affordable Rental Program,Affordable Rental Program,Affordable Rental Housing,Affordable Rental Housing,Affordable Rental Housing,Affordable Rental Housing,Affordable Rental Housing,Texas General Land Office,Texas General Land Office,Texas General Land Office,Texas General Land Office,Texas General Land Office,ARP_HMID_LMI,ARP_HMID_LMI,ARP_HMID_LMI,ARP_HMID_LMI,ARP_HMID_LMI
ARP_SMID_LMI,4,1,1,1,1,0,1,23,9,1,23,0,23,23,2019-04-01,2025-10-01,23,2019-04-01,2025-10-01,0,,,Affordable Rental Program,Affordable Rental Program,Affordable Rental Program,Affordable Rental Program,,Affordable Rental Housing,Affordable Rental Housing,Affordable Rental Housing,Affordable Rental Housing,,Texas General Land Office,Texas General Land Office,Texas General Land Office,Texas General Land Office,,ARP_SMID_LMI,ARP_SMID_LMI,ARP_SMID_LMI,ARP_SMID_LMI,
DELETED-PH_CBCOG,1,0,0,0,1,0,1,0,0,0,2,0,2,0,,,2,2019-04-01,2019-07-01,0,,,,,,0,,,,,Administration,,,,,Texas General Land Office,,,,,DELETED-PH_CBCOG-09122019162547,
DRRP[H5B]_HMID_LMH_25-142-001-F191_GALVESTONHA_MF,2,1,0,0,1,0,1,1,0,0,1,0,1,1,2025-07-01,2025-07-01,1,2025-07-01,2025-07-01,0,,,Multifamily Rehabilitation,,,Multifamily Rehabilitation,,Affordable Rental Housing,,,Affordable Rental Housing,,Galveston Housing Authority,,,Galveston Housing Authority,,DRRP[H5b]_HMID_LMH_25-142-001-F191_GalvestonHA_MF,,,DRRP[H5b]_HMID_LMH_25-142-001-F191_GalvestonHA_MF,
DRRP[H5B]_HMID_LMH_25-142-002-F206_HARRISCOHA_MF,2,1,0,0,1,0,1,1,0,0,1,0,1,1,2025-07-01,2025-07-01,1,2025-07-01,2025-07-01,0,,,Multifamily New Construction,,,Multifamily New Construction,,Affordable Rental Housing,,,Affordable Rental Housing,,Harris County Housing Authority,,,Harris County Housing Authority,,DRRP[H5b]_HMID_LMH_25-142-002-F206_HarrisCoHA_MF,,,DRRP[H5b]_HMID_LMH_25-142-002-F206_HarrisCoHA_MF,
DRRP[H5B]_HMID_LMH_25-142-003-F207_PAHA_MF,2,1,0,0,1,0,1,1,0,0,1,0,1,1,2025-10-01,2025-10-01,1,2025-10-01,2025-10-01,0,,,Multifamily Rehabilitation,,,Multifamily Rehabilitation,,Affordable Rental Housing,,,Affordable Rental Housing,,Housing authority of the city of port arthur,,,Housing authority of the city of port arthur,,DRRP[H5b]_HMID_LMH_25-142-003-F207_PAHA_MF,,,DRRP[H5b]_HMID_LMH_25-142-003-F207_PAHA_MF,
DRRP[H5B]_HMID_LMH_25-142-004-F208_PAHA_MF,2,1,0,0,1,0,1,1,0,0,1,0,1,1,2025-10-01,2025-10-01,1,2025-10-01,2025-10-01,0,,,Multifamily Rehabilitation,,,Multifamily Rehabilitation,,Affordable Rental Housing,,,Affordable Rental Housing,,Housing authority of the city of port arthur,,,Housing authority of the city of port arthur,,DRRP[H5b]_HMID_LMH_25-142-004-F208_PAHA_MF,,,DRRP[H5b]_HMID_LMH_25-142-004-F208_PAHA_MF,
DRRP[H5B]_HMID_LMH_25-142-005-F209_PAHA_MF,2,1,0,0,1,0,1,1,0,0,1,0,1,1,2025-10-01,2025-10-01,1,2025-10-01,2025-10-01,0,,,Multifamily Rehabilitation,,,Multifamily Rehabilitation,,Affordable Rental Housing,,,Affordable Rental Housing,,Housing authority of the city of port arthur,,,Housing authority of the city of port arthur,,DRRP[H5b]_HMID_LMH_25-142-005-F209_PAHA_MF,,,DRRP[H5b]_HMID_LMH_25-142-005-F209_PAHA_MF,
DRRP[H5B]_HMID_LMI_25-143-001-F192_AMES_SI,2,1,0,0,1,0,1,3,0,0,3,0,3,3,2025-07-01,2026-01-01,3,2025-07-01,2026-01-01,0,,,Street Improvements,,,Street Improvements,,Construction/reconstruction of streets,,,Construction/reconstruction of streets,,Ames,,,Ames,,DRRP[H5b]_HMID_LMI_25-143-001-F192_Ames_SI,,,DRRP[H5b]_HMID_LMI_25-143-001-F192_Ames_SI,
DRRP[H5B]_HMID_LMI_25-143-002-F338_AMES_F&D,2,1,0,0,1,0,1,3,0,0,3,0,3,3,2025-07-01,2026-01-01,3,2025-07-01,2026-01-01,0,,,Flood and Drainage Improvements,,,Flood and Drainage Improvements,,Rehabilitation/reconstruction of a public improvement,,,Rehabilitation/reconstruction of a public improvement,,Ames,,,Ames,,DRRP[H5b]_HMID_LMI_25-143-002-F338_Ames_F&D,,,DRRP[H5b]_HMID_LMI_25-143-002-F338_Ames_F&D,
DRRP[H5B]_HMID_LMI_25-143-003-F339_BAYTOWN_F&D,2,1,0,0,1,0,1,1,0,0,1,0,1,1,2025-07-01,2025-07-01,1,2025-07-01,2025-07-01,0,,,Flood and Drainage Improvements,,,Flood and Drainage Improvements,,Rehabilitation/reconstruction of a public improvement,,,Rehabilitation/reconstruction of a public improvement,,City of Baytown,,,City of Baytown,,DRRP[H5b]_HMID_LMI_25-143-003-F339_Baytown_F&D,,,DRRP[H5b]_HMID_LMI_25-143-003-F339_Baytown_F&D,
DRRP[H5B]_HMID_LMI_25-143-004-F340_BAYTOWN_SI,2,1,0,0,1,0,1,1,0,0,1,0,1,1,2026-01-01,2026-01-01,1,2026-01-01,2026-01-01,0,,,Street Improvements,,,Street Improvements,,Construction/reconstruction of streets,,,Construction/reconstruction of streets,,City of Baytown,,,City of Baytown,,DRRP[H5b]_HMID_LMI_25-143-004-F340_Baytown_SI,,,DRRP[H5b]_HMID_LMI_25-143-004-F340_Baytown_SI,
DRRP[H5B]_HMID_LMI_25-143-005-F341_CLEVELAND_SF,2,1,0,0,1,0,1,2,0,0,2,0,2,2,2025-07-01,2026-01-01,2,2025-07-01,2026-01-01,0,,,Sewer Facilities and Improvements,,,Sewer Facilities and Improvements,,Construction/reconstruction of water/sewer lines or systems,,,Construction/reconstruction of water/sewer lines or systems,,"Cleveland, City of",,,"Cleveland, City of",,DRRP[H5b]_HMID_LMI_25-143-005-F341_Cleveland_SF,,,DRRP[H5b]_HMID_LMI_25-143-005-F341_Cleveland_SF,
DRRP[H5B]_HMID_LMI_25-143-006-F342_CLEVELAND_WF,2,1,0,0,1,0,1,2,0,0,2,0,2,2,2025-07-01,2026-01-01,2,2025-07-01,2026-01-01,0,,,Water Facilities and Improvements,,,Water Facilities and Improvements,,Construction/reconstruction of water/sewer lines or systems,,,Construction/reconstruction of water/sewer lines or systems,,"Cleveland, City of",,,"Cleveland, City of",,DRRP[H5b]_HMID_LMI_25-143-006-F342_Cleveland_WF,,,DRRP[H5b]_HMID_LMI_25-143-006-F342_Cleveland_WF,
DRRP[H5B]_HMID_LMI_25-143-007-F343_CLEVELAND_F&D,2,1,0,0,1,0,1,2,0,0,2,0,2,2,2025-07-01,2026-01-01,2,2025-07-01,2026-01-01,0,,,Flood and Drainage,,,Flood and Drainage,,Rehabilitation/reconstruction of a public improvement,,,Rehabilitation/reconstruction of a public improvement,,"Cleveland, City of",,,"Cleveland, City of",,DRRP[H5b]_HMID_LMI_25-143-007-F343_Cleveland_F&D,,,DRRP[H5b]_HMID_LMI_25-143-007-F343_Cleveland_F&D,
DRRP[H5B]_HMID_LMI_25-143-008-F344_DAYTON_SI,2,1,0,0,1,0,1,3,0,0,2,0,2,3,2025-07-01,2026-01-01,2,2025-10-01,2026-01-01,0,,,Street Improvements,,,Street Improvements,,Construction/reconstruction of streets,,,Construction/reconstruction of streets,,Dayton,,,Dayton,,DRRP[H5b]_HMID_LMI_25-143-008-F344_Dayton_SI,,,DRRP[H5b]_HMID_LMI_25-143-008-F344_Dayton_SI,
DRRP[H5B]_HMID_LMI_25-143-009-F345_DAYTON_SI,2,1,0,0,1,0,1,2,0,0,2,0,2,2,2025-07-01,2026-01-01,2,2025-07-01,2026-01-01,0,,,Street Improvements,,,Street Improvements,,Construction/reconstruction of streets,,,Construction/reconstruction of streets,,Dayton,,,Dayton,,DRRP[H5b]_HMID_LMI_25-143-009-F345_Dayton_SI,,,DRRP[H5b]_HMID_LMI_25-143-009-F345_Dayton_SI,
DRRP[H5B]_HMID_LMI_25-143-010-F346_JASPER_SF,2,1,0,0,1,0,1,2,0,0,2,0,2,2,2025-10-01,2026-01-01,2,2025-10-01,2026-01-01,0,,,Sewer Facilities and Improvements,,,Sewer Facilities and Improvements,,Construction/reconstruction of water/sewer lines or systems,,,Construction/reconstruction of water/sewer lines or systems,,Jasper,,,Jasper,,DRRP[H5b]_HMID_LMI_25-143-010-F346_Jasper_SF,,,DRRP[H5b]_HMID_LMI_25-143-010-F346_Jasper_SF,
DRRP[H5B]_HMID_LMI_25-143-011-F347_JASPER_WF,2,1,0,0,1,0,1,2,0,0,2,0,2,2,2025-07-01,2026-01-01,2,2025-07-01,2026-01-01,0,,,Water Facilities and Improvements,,,Water Facilities and Improvements,,Construction/reconstruction of water/sewer lines or systems,,,Construction/reconstruction of water/sewer lines or systems,,Jasper,,,Jasper,,DRRP[H5b]_HMID_LMI_25-143-011-F347_Jasper_WF,,,DRRP[H5b]_HMID_LMI_25-143-011-F347_Jasper_WF,
DRRP[H5B]_HMID_LMI_25-143-012-F348_KIRBYVILLE_SF,2,1,0,0,1,0,1,1,0,0,1,0,1,1,2025-07-01,2025-07-01,1,2025-07-01,2025-07-01,0,,,Sewer Facilities and Improvements,,,Sewer Facilities and Improvements,,Construction/reconstruction of water/sewer lines or systems,,,Construction/reconstruction of water/sewer lines or systems,,Kirbyville,,,Kirbyville,,DRRP[H5b]_HMID_LMI_25-143-012-F348_Kirbyville_SF,,,DRRP[H5b]_HMID_LMI_25-143-012-F348_Kirbyville_SF,
DRRP[H5B]_HMID_LMI_25-143-013-F349_KIRBYVILLE_SF,2,1,0,0,1,0,1,2,0,0,2,0,2,2,2025-07-01,2026-01-01,2,2025-07-01,2026-01-01,0,,,Sewer Facilities and Improvements,,,Sewer Facilities and Improvements,,Construction/reconstruction of water/sewer lines or systems,,,Construction/reconstruction of water/sewer lines or systems,,Kirbyville,,,Kirbyville,,DRRP[H5b]_HMID_LMI_25-143-013-F349_Kirbyville_SF,,,DRRP[H5b]_HMID_LMI_25-143-013-F349_Kirbyville_SF,
DRRP[H5B]_HMID_LMI_25-143-014-F350_PASADENA_SF,2,1,0,0,1,0,1,1,0,0,1,0,1,1,2025-10-01,2025-10-01,1,2025-10-01,2025-10-01,0,,,Sewer Facilities and Improvements,,,Sewer Facilities and Improvements,,Construction/reconstruction of water/sewer lines or systems,,,Construction/reconstruction of water/sewer lines or systems,,"Pasadena, City of",,,"Pasadena, City of",,DRRP[H5b]_HMID_LMI_25-143-014-F350_Pasadena_SF,,,DRRP[H5b]_HMID_LMI_25-143-014-F350_Pasadena_SF,
DRRP[H5B]_HMID_LMI_25-143-015-F351_PASADENA_SI,2,1,0,0,1,0,1,1,0,0,1,0,1,1,2025-10-01,2025-10-01,1,2025-10-01,2025-10-01,0,,,Street Improvements,,,Street Improvements,,Construction/reconstruction of streets,,,Construction/reconstruction of streets,,"Pasadena, City of",,,"Pasadena, City of",,DRRP[H5b]_HMID_LMI_25-143-015-F351_Pasadena_SI,,,DRRP[H5b]_HMID_LMI_25-143-015-F351_Pasadena_SI,
DRRP[H5B]_HMID_LMI_25-143-016-F352_PASADENA_SI,2,1,0,0,1,0,1,1,0,0,1,0,1,1,2025-10-01,2025-10-01,1,2025-10-01,2025-10-01,0,,,Street Improvements,,,Street Improvements,,Construction/reconstruction of streets,,,Construction/reconstruction of streets,,"Pasadena, City of",,,"Pasadena, City of",,DRRP[H5b]_HMID_LMI_25-143-016-F352_Pasadena_SI,,,DRRP[H5b]_HMID_LMI_25-143-016-F352_Pasadena_SI,
DRRP_HMID_LMI_GRANTEESUPPORT[H5B]_F&D,2,1,0,0,1,0,1,1,0,0,1,0,1,1,2026-01-01,2026-01-01,1,2026-01-01,2026-01-01,0,,,Flood and Drainage Facilities,,,Flood and Drainage Facilities,,Rehabilitation/reconstruction of a public improvement,,,Rehabilitation/reconstruction of a public improvement,,Texas General Land Office,,,Texas General Land Office,,DRRP_HMID_LMI_GranteeSupport[H5b]_F&D,,,DRRP_HMID_LMI_GranteeSupport[H5b]_F&D,
DRRP_HMID_LMI_GRANTEESUPPORT[H5B]_MFH,2,1,0,0,1,0,1,1,0,0,1,0,1,1,2026-01-01,2026-01-01,1,2026-01-01,2026-01-01,0,,,Multifamily Rental Housing,,,Multifamily Rental Housing,,Affordable Rental Housing,,,Affordable Rental Housing,,Texas General Land Office,,,Texas General Land Office,,DRRP_HMID_LMI_GranteeSupport[H5b]_MFH,,,DRRP_HMID_LMI_GranteeSupport[H5b]_MFH,
DRRP_HMID_LMI_GRANTEESUPPORT[H5B]_SI,2,1,0,0,1,0,1,1,0,0,1,0,1,1,2026-01-01,2026-01-01,1,2026-01-01,2026-01-01,0,,,Street Improvements,,,Street Improvements,,Construction/reconstruction of streets,,,Construction/reconstruction of streets,,Texas General Land Office,,,Texas General Land Office,,DRRP_HMID_LMI_GranteeSupport[H5b]_SI,,,DRRP_HMID_LMI_GranteeSupport[H5b]_SI,
DRRP_HMID_LMI_GRANTEESUPPORT[H5B]_WSF,2,1,0,0,1,0,1,1,0,0,1,0,1,1,2026-01-01,2026-01-01,1,2026-01-01,2026-01-01,0,,,Water and Sewer Facility Improvements,,,Water and Sewer Facility Improvements,,Construction/reconstruction of water/sewer lines or systems,,,Construction/reconstruction of water/sewer lines or systems,,Texas General Land Office,,,Texas General Land Office,,DRRP_HMID_LMI_GranteeSupport[H5b]_WSF,,,DRRP_HMID_LMI_GranteeSupport[H5b]_WSF,
ERP_HMID_LMI,4,1,1,1,1,0,1,24,7,1,24,0,24,24,2019-04-01,2025-10-01,24,2019-04-01,2025-10-01,0,,,Economic Revitalization Program,Economic Revitalization Program,Economic Revitalization Program,Economic Revitalization Program,,Econ. development or recovery activity that creates/retains jobs,Econ. development or recovery activity that creates/retains jobs,Econ. development or recovery activity that creates/retains jobs,Econ. development or recovery activity that creates/retains jobs,,Texas General Land Office,Texas General Land Office,Texas General Land Office,Texas General Land Office,,ERP_HMID_LMI,ERP_HMID_LMI,ERP_HMID_LMI,ERP_HMID_LMI,
ERP_SMID_LMI,4,1,1,1,1,0,1,24,7,1,24,0,24,24,2019-04-01,2025-10-01,24,2019-04-01,2025-10-01,0,,,Economic Revitalization Program,Economic Revitalization Program,Economic Revitalization Program,Economic Revitalization Program,,Econ. development or recovery activity that creates/retains jobs,Econ. development or recovery activity that creates/retains jobs,Econ. development or recovery activity that creates/retains jobs,Econ. development or recovery activity that creates/retains jobs,,Texas General Land Office,Texas General Land Office,Texas General Land Office,Texas General Land Office,,ERP_SMID_LMI,ERP_SMID_LMI,ERP_SMID_LMI,ERP_SMID_LMI,
HAP[AACOG]_SMID_LMI,4,1,1,1,1,0,1,26,9,1,26,0,26,26,2019-04-01,2025-10-01,26,2019-04-01,2025-10-01,0,,,HAP - AACOG,HAP - AACOG,HAP - AACOG,HAP - AACOG,,Rehabilitation/reconstruction of residential structures,Rehabilitation/reconstruction of residential structures,Rehabilitation/reconstruction of residential structures,Rehabilitation/reconstruction of residential structures,,Texas General Land Office,Texas General Land Office,Texas General Land Office,Texas General Land Office,,HAP[AACOG]_SMID_LMI,HAP[AACOG]_SMID_LMI,HAP[AACOG]_SMID_LMI,HAP[AACOG]_SMID_LMI,
HAP[AACOG]_SMID_UN,4,1,1,1,1,0,1,19,12,1,19,0,19,19,2019-04-01,2025-10-01,19,2019-04-01,2025-10-01,0,,,HAP - AACOG,HAP - AACOG,HAP - AACOG,HAP - AACOG,,Rehabilitation/reconstruction of residential structures,Rehabilitation/reconstruction of residential structures,Rehabilitation/reconstruction of residential structures,Rehabilitation/reconstruction of residential structures,,Texas General Land Office,Texas General Land Office,Texas General Land Office,Texas General Land Office,,HAP[AACOG]_SMID_UN,HAP[AACOG]_SMID_UN,HAP[AACOG]_SMID_UN,HAP[AACOG]_SMID_UN,
HAP[BVCOG]_SMID_LMI,4,1,1,1,1,0,1,27,9,1,27,0,27,27,2019-04-01,2025-10-01,27,2019-04-01,2025-10-01,0,,,HAP - BVCOG,HAP - BVCOG,HAP - BVCOG,HAP - BVCOG,,Rehabilitation/reconstruction of residential structures,Rehabilitation/reconstruction of residential structures,Rehabilitation/reconstruction of residential structures,Rehabilitation/reconstruction of residential structures,,Texas General Land Office,Texas General Land Office,Texas General Land Office,Texas General Land Office,,HAP[BVCOG]_SMID_LMI,HAP[BVCOG]_SMID_LMI,HAP[BVCOG]_SMID_LMI,HAP[BVCOG]_SMID_LMI,
HAP[BVCOG]_SMID_UN,4,1,1,1,1,0,1,20,4,1,20,0,20,20,2019-04-01,2025-10-01,20,2019-04-01,2025-10-01,0,,,HAP - BVCOG,HAP - BVCOG,HAP - BVCOG,HAP - BVCOG,,Rehabilitation/reconstruction of residential structures,Rehabilitation/reconstruction of residential structures,Rehabilitation/reconstruction of residential structures,Rehabilitation/reconstruction of residential structures,,Texas General Land Office,Texas General Land Office,Texas General Land Office,Texas General Land Office,,HAP[BVCOG]_SMID_UN,HAP[BVCOG]_SMID_UN,HAP[BVCOG]_SMID_UN,HAP[BVCOG]_SMID_UN,
HAP[CAPCOG]_HMID_LMI,4,1,1,1,1,0,1,27,9,1,27,0,27,27,2019-04-01,2025-10-01,27,2019-04-01,2025-10-01,0,,,HAP - CAPCOG,HAP - CAPCOG,HAP - CAPCOG,HAP - CAPCOG,,Rehabilitation/reconstruction of residential structures,Rehabilitation/reconstruction of residential structures,Rehabilitation/reconstruction of residential structures,Rehabilitation/reconstruction of residential structures,,Texas General Land Office,Texas General Land Office,Texas General Land Office,Texas General Land Office,,HAP[CAPCOG]_HMID_LMI,HAP[CAPCOG]_HMID_LMI,HAP[CAPCOG]_HMID_LMI,HAP[CAPCOG]_HMID_LMI,
HAP[CAPCOG]_HMID_UN,2,1,0,0,1,0,1,9,0,0,8,0,8,9,2019-04-01,2024-01-01,8,2019-04-01,2024-01-01,0,,,HAP - CAPCOG,,,HAP - CAPCOG,,Rehabilitation/reconstruction of residential structures,,,Rehabilitation/reconstruction of residential structures,,Texas General Land Office,,,Texas General Land Office,,HAP[CAPCOG]_HMID_UN-02182022160330,,,HAP[CAPCOG]_HMID_UN-02182022160330,
HAP[CAPCOG]_SMID_LMI,4,1,1,1,1,0,1,28,9,1,28,0,28,28,2019-04-01,2026-01-01,28,2019-04-01,2026-01-01,0,,,HAP - CAPCOG,HAP - CAPCOG,HAP - CAPCOG,HAP - CAPCOG,,Rehabilitation/reconstruction of residential structures,Rehabilitation/reconstruction of residential structures,Rehabilitation/reconstruction of residential structures,Rehabilitation/reconstruction of residential structures,,Texas General Land Office,Texas General Land Office,Texas General Land Office,Texas General Land Office,,HAP[CAPCOG]_SMID_LMI,HAP[CAPCOG]_SMID_LMI,HAP[CAPCOG]_SMID_LMI,HAP[CAPCOG]_SMID_LMI,
HAP[CAPCOG]_SMID_UN,4,1,1,1,1,0,1,19,5,1,19,0,19,19,2019-04-01,2025-10-01,19,2019-04-01,2025-10-01,0,,,HAP - CAPCOG,HAP - CAPCOG,HAP - CAPCOG,HAP - CAPCOG,,Rehabilitation/reconstruction of residential structures,Rehabilitation/reconstruction of residential structures,Rehabilitation/reconstruction of residential structures,Rehabilitation/reconstruction of residential structures,,Texas General Land Office,Texas General Land Office,Texas General Land Office,Texas General Land Office,,HAP[CAPCOG]_SMID_UN,HAP[CAPCOG]_SMID_UN,HAP[CAPCOG]_SMID_UN,HAP[CAPCOG]_SMID_UN,
HAP[CBCOG]_HMID_LMI,5,1,1,1,1,1,1,28,9,1,28,2,30,28,2019-04-01,2026-01-01,28,2019-04-01,2026-01-01,2,2019-07-01,2021-01-01,HAP - CBCOG,HAP - CBCOG,HAP - CBCOG,HAP - CBCOG,HAP - CBCOG,Rehabilitation/reconstruction of residential structures,Rehabilitation/reconstruction of residential structures,Rehabilitation/reconstruction of residential structures,Rehabilitation/reconstruction of residential structures,Rehabilitation/reconstruction of residential structures,Texas General Land Office,Texas General Land Office,Texas General Land Office,Texas General Land Office,Texas General Land Office,HAP[CBCOG]_HMID_LMI,HAP[CBCOG]_HMID_LMI,HAP[CBCOG]_HMID_LMI,HAP[CBCOG]_HMID_LMI,HAP[CBCOG]_HMID_LMI
HAP[CBCOG]_HMID_UN,4,1,1,1,1,0,1,28,9,1,28,0,28,28,2019-04-01,2026-01-01,28,2019-04-01,2026-01-01,0,,,HAP - CBCOG,HAP - CBCOG,HAP - CBCOG,HAP - CBCOG,,Rehabilitation/reconstruction of residential structures,Rehabilitation/reconstruction of residential structures,Rehabilitation/reconstruction of residential structures,Rehabilitation/reconstruction of residential structures,,Texas General Land Office,Texas General Land Office,Texas General Land Office,Texas General Land Office,,HAP[CBCOG]_HMID_UN,HAP[CBCOG]_HMID_UN,HAP[CBCOG]_HMID_UN,HAP[CBCOG]_HMID_UN,
HAP[CBCOG]_SMID_LMI,4,1,1,1,1,0,1,28,9,1,28,0,28,28,2019-04-01,2026-01-01,28,2019-04-01,2026-01-01,0,,,HAP - CBCOG,HAP - CBCOG,HAP - CBCOG,HAP - CBCOG,,Rehabilitation/reconstruction of residential structures,Rehabilitation/reconstruction of residential structures,Rehabilitation/reconstruction of residential structures,Rehabilitation/reconstruction of residential structures,,Texas General Land Office,Texas General Land Office,Texas General Land Office,Texas General Land Office,,HAP[CBCOG]_SMID_LMI,HAP[CBCOG]_SMID_LMI,HAP[CBCOG]_SMID_LMI,HAP[CBCOG]_SMID_LMI,
HAP[CBCOG]_SMID_UN,4,1,1,1,1,0,1,27,9,1,27,0,27,27,2019-04-01,2026-01-01,27,2019-04-01,2026-01-01,0,,,HAP - CBCOG,HAP - CBCOG,HAP - CBCOG,HAP - CBCOG,,Rehabilitation/reconstruction of residential structures,Rehabilitation/reconstruction of residential structures,Rehabilitation/reconstruction of residential structures,Rehabilitation/reconstruction of residential structures,,Texas General Land Office,Texas General Land Office,Texas General Land Office,Texas General Land Office,,HAP[CBCOG]_SMID_UN,HAP[CBCOG]_SMID_UN,HAP[CBCOG]_SMID_UN,HAP[CBCOG]_SMID_UN,
HAP[CTCOG]_SMID_LMI,2,0,1,0,1,0,1,0,3,0,6,0,6,0,,,6,2019-04-01,2021-01-01,0,,,,HAP - CTCOG,,HAP - CTCOG,,,Rehabilitation/reconstruction of residential structures,,Rehabilitation/reconstruction of residential structures,,,Texas General Land Office,,Texas General Land Office,,,HAP[CTCOG]_SMID_LMI-12102021094836,,HAP[CTCOG]_SMID_LMI-12102021094836,
HAP[DETCOG]_HMID_LMI,5,1,1,1,1,1,1,28,9,1,28,2,30,28,2019-04-01,2026-01-01,28,2019-04-01,2026-01-01,2,2019-07-01,2021-01-01,HAP - DETCOG,HAP - DETCOG,HAP - DETCOG,HAP - DETCOG,HAP - DETCOG,Rehabilitation/reconstruction of residential structures,Rehabilitation/reconstruction of residential structures,Rehabilitation/reconstruction of residential structures,Rehabilitation/reconstruction of residential structures,Rehabilitation/reconstruction of residential structures,Texas General Land Office,Texas General Land Office,Texas General Land Office,Texas General Land Office,Texas General Land Office,HAP[DETCOG]_HMID_LMI,HAP[DETCOG]_HMID_LMI,HAP[DETCOG]_HMID_LMI,HAP[DETCOG]_HMID_LMI,HAP[DETCOG]_HMID_LMI
HAP[DETCOG]_HMID_UN,4,1,1,1,1,0,1,28,9,1,28,0,28,28,2019-04-01,2026-01-01,28,2019-04-01,2026-01-01,0,,,HAP - DETCOG,HAP - DETCOG,HAP - DETCOG,HAP - DETCOG,,Rehabilitation/reconstruction of residential structures,Rehabilitation/reconstruction of residential structures,Rehabilitation/reconstruction of residential structures,Rehabilitation/reconstruction of residential structures,,Texas General Land Office,Texas General Land Office,Texas General Land Office,Texas General Land Office,,HAP[DETCOG]_HMID_UN,HAP[DETCOG]_HMID_UN,HAP[DETCOG]_HMID_UN,HAP[DETCOG]_HMID_UN,
HAP[DETCOG]_SMID_LMI,4,1,1,1,1,0,1,27,9,1,27,0,27,27,2019-04-01,2025-10-01,27,2019-04-01,2025-10-01,0,,,HAP - DETCOG,HAP - DETCOG,HAP - DETCOG,HAP - DETCOG,,Rehabilitation/reconstruction of residential structures,Rehabilitation/reconstruction of residential structures,Rehabilitation/reconstruction of residential structures,Rehabilitation/reconstruction of residential structures,,Texas General Land Office,Texas General Land Office,Texas General Land Office,Texas General Land Office,,HAP[DETCOG]_SMID_LMI,HAP[DETCOG]_SMID_LMI,HAP[DETCOG]_SMID_LMI,HAP[DETCOG]_SMID_LMI,
HAP[DETCOG]_SMID_UN,4,1,1,1,1,0,1,27,9,1,27,0,27,27,2019-04-01,2025-10-01,27,2019-04-01,2025-10-01,0,,,HAP - DETCOG,HAP - DETCOG,HAP - DETCOG,HAP - DETCOG,,Rehabilitation/reconstruction of residential structures,Rehabilitation/reconstruction of residential structures,Rehabilitation/reconstruction of residential structures,Rehabilitation/reconstruction of residential structures,,Texas General Land Office,Texas General Land Office,Texas General Land Office,Texas General Land Office,,HAP[DETCOG]_SMID_UN,HAP[DETCOG]_SMID_UN,HAP[DETCOG]_SMID_UN,HAP[DETCOG]_SMID_UN,
HAP[GCRPC]_HMID_LMI,4,1,1,1,1,0,1,28,9,1,28,0,28,28,2019-04-01,2026-01-01,28,2019-04-01,2026-01-01,0,,,HAP - GCRPC,HAP - GCRPC,HAP - GCRPC,HAP - GCRPC,,Rehabilitation/reconstruction of residential structures,Rehabilitation/reconstruction of residential structures,Rehabilitation/reconstruction of residential structures,Rehabilitation/reconstruction of residential structures,,Texas General Land Office,Texas General Land Office,Texas General Land Office,Texas General Land Office,,HAP[GCRPC]_HMID_LMI,HAP[GCRPC]_HMID_LMI,HAP[GCRPC]_HMID_LMI,HAP[GCRPC]_HMID_LMI,
HAP[GCRPC]_HMID_UN,4,1,1,1,1,0,1,28,9,1,28,0,28,28,2019-04-01,2026-01-01,28,2019-04-01,2026-01-01,0,,,HAP - GCRPC,HAP - GCRPC,HAP - GCRPC,HAP - GCRPC,,Rehabilitation/reconstruction of residential structures,Rehabilitation/reconstruction of residential structures,Rehabilitation/reconstruction of residential structures,Rehabilitation/reconstruction of residential structures,,Texas General Land Office,Texas General Land Office,Texas General Land Office,Texas General Land Office,,HAP[GCRPC]_HMID_UN,HAP[GCRPC]_HMID_UN,HAP[GCRPC]_HMID_UN,HAP[GCRPC]_HMID_UN,
HAP[GCRPC]_SMID_LMI,4,1,1,1,1,0,1,28,9,1,28,0,28,28,2019-04-01,2026-01-01,28,2019-04-01,2026-01-01,0,,,HAP - GCRPC,HAP - GCRPC,HAP - GCRPC,HAP - GCRPC,,Rehabilitation/reconstruction of residential structures,Rehabilitation/reconstruction of residential structures,Rehabilitation/reconstruction of residential structures,Rehabilitation/reconstruction of residential structures,,Texas General Land Office,Texas General Land Office,Texas General Land Office,Texas General Land Office,,HAP[GCRPC]_SMID_LMI,HAP[GCRPC]_SMID_LMI,HAP[GCRPC]_SMID_LMI,HAP[GCRPC]_SMID_LMI,
HAP[GCRPC]_SMID_UN,4,1,1,1,1,0,1,28,5,1,28,0,28,28,2019-04-01,2026-01-01,28,2019-04-01,2026-01-01,0,,,HAP - GCRPC,HAP - GCRPC,HAP - GCRPC,HAP - GCRPC,,Rehabilitation/reconstruction of residential structures,Rehabilitation/reconstruction of residential structures,Rehabilitation/reconstruction of residential structures,Rehabilitation/reconstruction of residential structures,,Texas General Land Office,Texas General Land Office,Texas General Land Office,Texas General Land Office,,HAP[GCRPC]_SMID_UN,HAP[GCRPC]_SMID_UN,HAP[GCRPC]_SMID_UN,HAP[GCRPC]_SMID_UN,
HAP[HARRIS]_HMID_LMI,5,1,1,1,1,1,1,21,10,1,20,3,23,21,2021-01-01,2026-01-01,20,2021-01-01,2026-01-01,3,2021-04-01,2023-01-01,HC HAP State Run,HC HAP State Run,HC HAP State Run,HC HAP State Run,HC HAP State Run,Rehabilitation/reconstruction of residential structures,Rehabilitation/reconstruction of residential structures,Rehabilitation/reconstruction of residential structures,Rehabilitation/reconstruction of residential structures,Rehabilitation/reconstruction of residential structures,Texas General Land Office,Texas General Land Office,Texas General Land Office,Texas General Land Office,Texas General Land Office,HAP[Harris]_HMID_LMI,HAP[Harris]_HMID_LMI,HAP[Harris]_HMID_LMI,HAP[Harris]_HMID_LMI,HAP[Harris]_HMID_LMI
HAP[HARRIS]_HMID_UN,4,1,1,1,1,0,1,21,6,1,21,0,21,21,2021-01-01,2026-01-01,21,2021-01-01,2026-01-01,0,,,HC HAP State Run,HC HAP State Run,HC HAP State Run,HC HAP State Run,,Rehabilitation/reconstruction of residential structures,Rehabilitation/reconstruction of residential structures,Rehabilitation/reconstruction of residential structures,Rehabilitation/reconstruction of residential structures,,Texas General Land Office,Texas General Land Office,Texas General Land Office,Texas General Land Office,,HAP[Harris]_HMID_UN,HAP[Harris]_HMID_UN,HAP[Harris]_HMID_UN,HAP[Harris]_HMID_UN,
HAP[HGAC]_HMID_LMI,5,1,1,1,1,1,1,28,9,1,28,2,30,28,2019-04-01,2026-01-01,28,2019-04-01,2026-01-01,2,2019-07-01,2021-01-01,HAP - HGAC,HAP - HGAC,HAP - HGAC,HAP - HGAC,HAP - HGAC,Rehabilitation/reconstruction of residential structures,Rehabilitation/reconstruction of residential structures,Rehabilitation/reconstruction of residential structures,Rehabilitation/reconstruction of residential structures,Rehabilitation/reconstruction of residential structures,Texas General Land Office,Texas General Land Office,Texas General Land Office,Texas General Land Office,Texas General Land Office,HAP[HGAC]_HMID_LMI,HAP[HGAC]_HMID_LMI,HAP[HGAC]_HMID_LMI,HAP[HGAC]_HMID_LMI,HAP[HGAC]_HMID_LMI
HAP[HGAC]_HMID_UN,5,1,1,1,1,1,1,28,9,1,28,2,30,28,2019-04-01,2026-01-01,28,2019-04-01,2026-01-01,2,2019-07-01,2021-01-01,HAP - HGAC,HAP - HGAC,HAP - HGAC,HAP - HGAC,HAP - HGAC,Rehabilitation/reconstruction of residential structures,Rehabilitation/reconstruction of residential structures,Rehabilitation/reconstruction of residential structures,Rehabilitation/reconstruction of residential structures,Rehabilitation/reconstruction of residential structures,Texas General Land Office,Texas General Land Office,Texas General Land Office,Texas General Land Office,Texas General Land Office,HAP[HGAC]_HMID_UN,HAP[HGAC]_HMID_UN,HAP[HGAC]_HMID_UN,HAP[HGAC]_HMID_UN,HAP[HGAC]_HMID_UN
HAP[HGAC]_SMID_LMI,4,1,1,1,1,0,1,27,9,1,27,0,27,27,2019-04-01,2025-10-01,27,2019-04-01,2025-10-01,0,,,HAP - HGAC,HAP - HGAC,HAP - HGAC,HAP - HGAC,,Rehabilitation/reconstruction of residential structures,Rehabilitation/reconstruction of residential structures,Rehabilitation/reconstruction of residential structures,Rehabilitation/reconstruction of residential structures,,Texas General Land Office,Texas General Land Office,Texas General Land Office,Texas General Land Office,,HAP[HGAC]_SMID_LMI,HAP[HGAC]_SMID_LMI,HAP[HGAC]_SMID_LMI,HAP[HGAC]_SMID_LMI,
HAP[HGAC]_SMID_UN,4,1,1,1,1,0,1,27,9,1,27,0,27,27,2019-04-01,2025-10-01,27,2019-04-01,2025-10-01,0,,,HAP - HGAC,HAP - HGAC,HAP - HGAC,HAP - HGAC,,Rehabilitation/reconstruction of residential structures,Rehabilitation/reconstruction of residential structures,Rehabilitation/reconstruction of residential structures,Rehabilitation/reconstruction of residential structures,,Texas General Land Office,Texas General Land Office,Texas General Land Office,Texas General Land Office,,HAP[HGAC]_SMID_UN,HAP[HGAC]_SMID_UN,HAP[HGAC]_SMID_UN,HAP[HGAC]_SMID_UN,
HAP[HOUSTON]_HMID_LMI,5,1,1,1,1,1,1,21,10,1,20,12,32,21,2021-01-01,2026-01-01,20,2021-01-01,2025-10-01,12,2021-04-01,2026-01-01,City of Houston HAP,City of Houston HAP,City of Houston HAP,City of Houston HAP,City of Houston HAP,Rehabilitation/reconstruction of residential structures,Rehabilitation/reconstruction of residential structures,Rehabilitation/reconstruction of residential structures,Rehabilitation/reconstruction of residential structures,Rehabilitation/reconstruction of residential structures,Texas General Land Office,Texas General Land Office,Texas General Land Office,Texas General Land Office,Texas General Land Office,HAP[Houston]_HMID_LMI,HAP[Houston]_HMID_LMI,HAP[Houston]_HMID_LMI,HAP[Houston]_HMID_LMI,HAP[Houston]_HMID_LMI
HAP[HOUSTON]_HMID_UN,5,1,1,1,1,1,1,21,6,1,20,6,26,21,2021-01-01,2026-01-01,20,2021-01-01,2025-10-01,6,2024-07-01,2026-01-01,City of Houston HAP,City of Houston HAP,City of Houston HAP,City of Houston HAP,City of Houston HAP,Rehabilitation/reconstruction of residential structures,Rehabilitation/reconstruction of residential structures,Rehabilitation/reconstruction of residential structures,Rehabilitation/reconstruction of residential structures,Rehabilitation/reconstruction of residential structures,Texas General Land Office,Texas General Land Office,Texas General Land Office,Texas General Land Office,Texas General Land Office,HAP[Houston]_HMID_UN,HAP[Houston]_HMID_UN,HAP[Houston]_HMID_UN,HAP[Houston]_HMID_UN,HAP[Houston]_HMID_UN
HAP[SETRPC]_HMID_LMI,5,1,1,1,1,1,1,28,9,1,28,2,30,28,2019-04-01,2026-01-01,28,2019-04-01,2026-01-01,2,2019-07-01,2021-01-01,HAP - SETRPC,HAP - SETRPC,HAP - SETRPC,HAP - SETRPC,HAP - SETRPC,Rehabilitation/reconstruction of residential structures,Rehabilitation/reconstruction of residential structures,Rehabilitation/reconstruction of residential structures,Rehabilitation/reconstruction of residential structures,Rehabilitation/reconstruction of residential structures,Texas General Land Office,Texas General Land Office,Texas General Land Office,Texas General Land Office,Texas General Land Office,HAP[SETRPC]_HMID_LMI,HAP[SETRPC]_HMID_LMI,HAP[SETRPC]_HMID_LMI,HAP[SETRPC]_HMID_LMI,HAP[SETRPC]_HMID_LMI
HAP[SETRPC]_HMID_UN,4,1,1,1,1,0,1,28,9,1,28,0,28,28,2019-04-01,2026-01-01,28,2019-04-01,2026-01-01,0,,,HAP - SETRPC,HAP - SETRPC,HAP - SETRPC,HAP - SETRPC,,Rehabilitation/reconstruction of residential structures,Rehabilitation/reconstruction of residential structures,Rehabilitation/reconstruction of residential structures,Rehabilitation/reconstruction of residential structures,,Texas General Land Office,Texas General Land Office,Texas General Land Office,Texas General Land Office,,HAP[SETRPC]_HMID_UN,HAP[SETRPC]_HMID_UN,HAP[SETRPC]_HMID_UN,HAP[SETRPC]_HMID_UN,
HCACQG_DA_LMI_19-147-002-B490,1,0,0,0,1,0,1,0,0,0,2,0,2,0,,,2,2019-04-01,2021-01-01,0,,,,,,HC SF Affordable Housing Preservation,,,,,Acquisition - general,,,,,"Harris, County",,,,,HCAcqG_DA_LMI_19-147-002-B490-09162021104152,
HCACQG_DA_UN_19-147-002-B490,1,0,0,0,1,0,1,0,0,0,2,0,2,0,,,2,2019-04-01,2021-01-01,0,,,,,,HC SF Affordable Housing Preservation,,,,,Acquisition - general,,,,,"Harris, County",,,,,HCAcqG_DA_UN_19-147-002-B490-09162021104345,
HCADMIN_DA_NA_19-147-002-B490,3,1,0,0,1,1,1,23,0,0,21,8,29,23,2019-04-01,2026-01-01,21,2019-04-01,2026-01-01,8,2024-01-01,2026-01-01,Administration,,,Administration,Administration,Administration,,,Administration,Administration,"Harris, County",,,"Harris, County","Harris, County",HCADMIN_DA_NA_19-147-002-B490,,,HCADMIN_DA_NA_19-147-002-B490,HCADMIN_DA_NA_19-147-002-B490
HCARP_DA_LMI_19-147-002-B490,5,1,1,1,1,1,1,24,8,1,21,13,34,24,2019-04-01,2026-01-01,21,2019-04-01,2025-07-01,13,2019-07-01,2026-01-01,HC Affordable Rental Program,HC Affordable Rental Program,HC Affordable Rental Program,HC Affordable Rental Program,HC Affordable Rental Program,Affordable Rental Housing,Affordable Rental Housing,Affordable Rental Housing,Affordable Rental Housing,Affordable Rental Housing,"Harris, County","Harris, County","Harris, County","Harris, County","Harris, County",HCARP_DA_LMI_19-147-002-B490,HCARP_DA_LMI_19-147-002-B490,HCARP_DA_LMI_19-147-002-B490,HCARP_DA_LMI_19-147-002-B490,HCARP_DA_LMI_19-147-002-B490
HCARP_DA_LMI_19-147-002-B490_PS,2,1,0,0,1,0,1,14,0,0,14,0,14,14,2021-10-01,2025-10-01,14,2021-10-01,2025-10-01,0,,,HC Affordable Rental Program,,,HC Affordable Rental Program,,Public services,,,Public services,,"Harris, County",,,"Harris, County",,HCARP_DA_LMI_19-147-002-B490_PS,,,HCARP_DA_LMI_19-147-002-B490_PS,
HCBP_DA_LMHI_19-147-002-B490_HI,5,1,1,1,1,1,1,14,10,1,14,6,20,14,2021-07-01,2025-10-01,14,2021-07-01,2025-10-01,6,2024-04-01,2025-10-01,HC Buyout & Acquisition,HC Buyout & Acquisition,HC Buyout & Acquisition,HC Buyout & Acquisition,HC Buyout & Acquisition,Housing incentives to encourage resettlement,Housing incentives to encourage resettlement,Housing incentives to encourage resettlement,Housing incentives to encourage resettlement,Housing incentives to encourage resettlement,"Harris, County","Harris, County","Harris, County","Harris, County","Harris, County",HCBP_DA_LMHI_19-147-002-B490_HI,HCBP_DA_LMHI_19-147-002-B490_HI,HCBP_DA_LMHI_19-147-002-B490_HI,HCBP_DA_LMHI_19-147-002-B490_HI,HCBP_DA_LMHI_19-147-002-B490_HI
HCBP_DA_LMH_19-147-002-B490_HA,2,1,0,0,1,0,1,8,0,0,8,0,8,8,2021-07-01,2024-07-01,8,2021-07-01,2024-07-01,0,,,HC Buyout & Acquisition,,,HC Buyout & Acquisition,,Homeownership Assistance to low- and moderate-income,,,Homeownership Assistance to low- and moderate-income,,"Harris, County",,,"Harris, County",,HCBP_DA_LMH_19-147-002-B490_HA,,,HCBP_DA_LMH_19-147-002-B490_HA,
HCBP_DA_LMI_19-147-002-B490_ACQ,3,1,0,0,1,1,1,24,0,0,22,8,30,24,2019-04-01,2026-01-01,22,2019-04-01,2026-01-01,8,2024-04-01,2026-01-01,HC Buyout & Acquisition,,,HC Buyout & Acquisition,HC Buyout & Acquisition,Acquisition - buyout of residential properties,,,Acquisition - buyout of residential properties,Acquisition - buyout of residential properties,"Harris, County",,,"Harris, County","Harris, County",HCBP_DA_LMI_19-147-002-B490_ACQ,,,HCBP_DA_LMI_19-147-002-B490_ACQ,HCBP_DA_LMI_19-147-002-B490_ACQ
HCBP_DA_LMI_19-147-002-B490_RA,3,1,0,0,1,1,1,16,0,0,14,10,24,16,2021-07-01,2026-01-01,14,2021-07-01,2025-10-01,10,2022-04-01,2026-01-01,HC Buyout & Acquisition,,,HC Buyout & Acquisition,HC Buyout & Acquisition,Relocation payments and assistance,,,Relocation payments and assistance,Relocation payments and assistance,"Harris, County",,,"Harris, County","Harris, County",HCBP_DA_LMI_19-147-002-B490_RA,,,HCBP_DA_LMI_19-147-002-B490_RA,HCBP_DA_LMI_19-147-002-B490_RA
HCBP_DA_UN_19-147-002-B490_ACQ,1,0,0,0,1,0,1,0,0,0,5,0,5,0,,,5,2019-04-01,2021-10-01,0,,,,,,HC Buyout & Acquisition,,,,,Acquisition - buyout of residential properties,,,,,"Harris, County",,,,,HCBP_DA_UN_19-147-002-B490_ACQ-12032021094158,
HCBP_DA_UN_19-147-002-B490_HI,3,1,0,0,1,1,1,6,0,0,6,6,12,6,2024-07-01,2025-10-01,6,2024-07-01,2025-10-01,6,2024-07-01,2025-10-01,HC Buyout & Acquisition,,,HC Buyout & Acquisition,HC Buyout & Acquisition,Housing incentives to encourage resettlement,,,Housing incentives to encourage resettlement,Housing incentives to encourage resettlement,"Harris, County",,,"Harris, County","Harris, County",HCBP_DA_UN_19-147-002-B490_HI,,,HCBP_DA_UN_19-147-002-B490_HI,HCBP_DA_UN_19-147-002-B490_HI
HCCOMBP_DA_LMI_19-147-002-B490_ACQ,3,1,0,0,1,1,1,17,0,0,17,2,19,17,2021-07-01,2026-01-01,17,2021-07-01,2026-01-01,2,2025-10-01,2026-01-01,HC Commercial Buyout,,,HC Commercial Buyout,HC Commercial Buyout,Acquisition - general,,,Acquisition - general,Acquisition - general,"Harris, County",,,"Harris, County","Harris, County",HCComBP_DA_LMI_19-147-002-B490_ACQ,,,HCComBP_DA_LMI_19-147-002-B490_ACQ,HCComBP_DA_LMI_19-147-002-B490_ACQ
HCCOMBP_DA_LMI_19-147-002-B490_RA,3,1,0,0,1,1,1,14,0,0,14,1,15,14,2021-07-01,2026-01-01,14,2021-07-01,2026-01-01,1,2025-10-01,2025-10-01,HC Commercial Buyout,,,HC Commercial Buyout,HC Commercial Buyout,Relocation payments and assistance,,,Relocation payments and assistance,Relocation payments and assistance,"Harris, County",,,"Harris, County","Harris, County",HCComBP_DA_LMI_19-147-002-B490_RA,,,HCComBP_DA_LMI_19-147-002-B490_RA,HCComBP_DA_LMI_19-147-002-B490_RA
HCCOMPAPP_DA_LMI_19-147-002-B490_F&D,3,1,0,0,1,1,1,20,0,0,20,1,21,20,2020-04-01,2026-01-01,20,2020-04-01,2026-01-01,1,2025-10-01,2025-10-01,Flood and Drainage Facilities,,,Flood and Drainage Facilities,Flood and Drainage Facilities,Rehabilitation/reconstruction of a public improvement,,,Rehabilitation/reconstruction of a public improvement,Rehabilitation/reconstruction of a public improvement,"Harris, County",,,"Harris, County","Harris, County",HCCompApp_DA_LMI_19-147-002-B490_F&D,,,HCCompApp_DA_LMI_19-147-002-B490_F&D,HCCompApp_DA_LMI_19-147-002-B490_F&D
HCCOMPAPP_DA_LMI_19-147-002-B490_PF,3,1,0,0,1,1,1,19,0,0,19,1,20,19,2021-01-01,2026-01-01,19,2021-01-01,2026-01-01,1,2025-10-01,2025-10-01,Public Facilities,,,Public Facilities,Public Facilities,Rehabilitation/reconstruction of public facilities,,,Rehabilitation/reconstruction of public facilities,Rehabilitation/reconstruction of public facilities,"Harris, County",,,"Harris, County","Harris, County",HCCompApp_DA_LMI_19-147-002-B490_PF,,,HCCompApp_DA_LMI_19-147-002-B490_PF,HCCompApp_DA_LMI_19-147-002-B490_PF
HCCOMPAPP_DA_LMI_19-147-002-B490_PS,2,1,0,0,1,0,1,23,0,0,23,0,23,23,2019-07-01,2025-10-01,23,2019-07-01,2025-10-01,0,,,Public Services,,,Public Services,,Public services,,,Public services,,"Harris, County",,,"Harris, County",,HCCompApp_DA_LMI_19-147-002-B490_PS,,,HCCompApp_DA_LMI_19-147-002-B490_PS,
HCCOMPAPP_DA_LMI_19-147-002-B490_SF,2,1,0,0,1,0,1,19,0,0,19,0,19,19,2021-01-01,2026-01-01,19,2021-01-01,2026-01-01,0,,,Sewer Facilities,,,Sewer Facilities,,Construction/reconstruction of water/sewer lines or systems,,,Construction/reconstruction of water/sewer lines or systems,,"Harris, County",,,"Harris, County",,HCCompApp_DA_LMI_19-147-002-B490_SF,,,HCCompApp_DA_LMI_19-147-002-B490_SF,
HCCOMPAPP_DA_UN_19-147-002-B490_F&D,2,1,0,0,1,0,1,18,0,0,18,0,18,18,2021-01-01,2026-01-01,18,2021-01-01,2026-01-01,0,,,Flood and Drainage,,,Flood and Drainage,,Rehabilitation/reconstruction of a public improvement,,,Rehabilitation/reconstruction of a public improvement,,"Harris, County",,,"Harris, County",,HCCompApp_DA_UN_19-147-002-B490_F&D,,,HCCompApp_DA_UN_19-147-002-B490_F&D,
HCFCD_DA_HMID_LMI_24-033-000-E072,3,1,1,0,0,1,1,8,3,0,0,8,8,8,2024-04-01,2026-01-01,0,,,8,2024-04-01,2026-01-01,Flood and Drainage,Flood and Drainage,,,Flood and Drainage,Rehabilitation/reconstruction of public facilities,Rehabilitation/reconstruction of public facilities,,,Rehabilitation/reconstruction of public facilities,HARRIS COUNTY FLOOD CONTROL,HARRIS COUNTY FLOOD CONTROL,,,HARRIS COUNTY FLOOD CONTROL,HCFCD_DA_HMID_LMI_24-033-000-E072,HCFCD_DA_HMID_LMI_24-033-000-E072,,,HCFCD_DA_HMID_LMI_24-033-000-E072
HCFCD_DA_HMID_UN_24-033-000-E072,3,1,1,0,0,1,1,8,3,0,0,8,8,8,2024-04-01,2026-01-01,0,,,8,2024-04-01,2026-01-01,Flood and Drainage,Flood and Drainage,,,Flood and Drainage,Rehabilitation/reconstruction of public facilities,Rehabilitation/reconstruction of public facilities,,,Rehabilitation/reconstruction of public facilities,HARRIS COUNTY FLOOD CONTROL,HARRIS COUNTY FLOOD CONTROL,,,HARRIS COUNTY FLOOD CONTROL,HCFCD_DA_HMID_UN_24-033-000-E072,HCFCD_DA_HMID_UN_24-033-000-E072,,,HCFCD_DA_HMID_UN_24-033-000-E072
HCHAP_DA_LMI_19-147-002-B490,5,1,1,1,1,1,1,27,10,1,25,2,27,27,2019-04-01,2026-01-01,25,2019-04-01,2026-01-01,2,2019-07-01,2020-07-01,HC HAP,HC HAP,HC HAP,HC HAP,HC HAP,Rehabilitation/reconstruction of residential structures,Rehabilitation/reconstruction of residential structures,Rehabilitation/reconstruction of residential structures,Rehabilitation/reconstruction of residential structures,Rehabilitation/reconstruction of residential structures,"Harris, County","Harris, County","Harris, County","Harris, County","Harris, County",HCHAP_DA_LMI_19-147-002-B490,HCHAP_DA_LMI_19-147-002-B490,HCHAP_DA_LMI_19-147-002-B490,HCHAP_DA_LMI_19-147-002-B490,HCHAP_DA_LMI_19-147-002-B490
HCHAP_DA_LMI_19-147-002-B490_PS,2,1,0,0,1,0,1,15,0,0,15,0,15,15,2021-10-01,2026-01-01,15,2021-10-01,2026-01-01,0,,,HC HAP,,,HC HAP,,Public services,,,Public services,,"Harris, County",,,"Harris, County",,HCHAP_DA_LMI_19-147-002-B490_PS,,,HCHAP_DA_LMI_19-147-002-B490_PS,
HCHAP_DA_UN_19-147-002-B490,5,1,1,1,1,1,1,27,6,1,25,2,27,27,2019-04-01,2026-01-01,25,2019-04-01,2026-01-01,2,2019-07-01,2020-07-01,HC HAP,HC HAP,HC HAP,HC HAP,HC HAP,Rehabilitation/reconstruction of residential structures,Rehabilitation/reconstruction of residential structures,Rehabilitation/reconstruction of residential structures,Rehabilitation/reconstruction of residential structures,Rehabilitation/reconstruction of residential structures,"Harris, County","Harris, County","Harris, County","Harris, County","Harris, County",HCHAP_DA_UN_19-147-002-B490,HCHAP_DA_UN_19-147-002-B490,HCHAP_DA_UN_19-147-002-B490,HCHAP_DA_UN_19-147-002-B490,HCHAP_DA_UN_19-147-002-B490
HCHAP_DA_UN_19-147-002-B490_PS,2,1,0,0,1,0,1,12,0,0,12,0,12,12,2021-10-01,2025-10-01,12,2021-10-01,2025-10-01,0,,,HC HAP,,,HC HAP,,Public services,,,Public services,,"Harris, County",,,"Harris, County",,HCHAP_DA_UN_19-147-002-B490_PS,,,HCHAP_DA_UN_19-147-002-B490_PS,
HCHRP_DA_LMI_19-147-002-B490,4,1,1,1,1,0,1,25,9,1,25,0,25,25,2019-04-01,2026-01-01,25,2019-04-01,2026-01-01,0,,,HC Reimbursement,HC Reimbursement,HC Reimbursement,HC Reimbursement,,Rehabilitation/reconstruction of residential structures,Rehabilitation/reconstruction of residential structures,Rehabilitation/reconstruction of residential structures,Rehabilitation/reconstruction of residential structures,,"Harris, County","Harris, County","Harris, County","Harris, County",,HCHRP_DA_LMI_19-147-002-B490,HCHRP_DA_LMI_19-147-002-B490,HCHRP_DA_LMI_19-147-002-B490,HCHRP_DA_LMI_19-147-002-B490,
HCHRP_DA_UN_19-147-002-B490,4,1,1,1,1,0,1,24,4,1,23,0,23,24,2019-04-01,2026-01-01,23,2019-04-01,2026-01-01,0,,,HC Reimbursement,HC Reimbursement,HC Reimbursement,HC Reimbursement,,Rehabilitation/reconstruction of residential structures,Rehabilitation/reconstruction of residential structures,Rehabilitation/reconstruction of residential structures,Rehabilitation/reconstruction of residential structures,,"Harris, County","Harris, County","Harris, County","Harris, County",,HCHRP_DA_UN_19-147-002-B490,HCHRP_DA_UN_19-147-002-B490,HCHRP_DA_UN_19-147-002-B490,HCHRP_DA_UN_19-147-002-B490,
HCMOD_DA_LMI_19-147-002-B490_F&D,3,1,0,0,1,1,1,26,0,0,23,10,33,26,2019-04-01,2026-01-01,23,2019-04-01,2025-07-01,10,2022-04-01,2026-01-01,Flood and Drainage Facilities,,,Flood and Drainage Facilities,Flood and Drainage Facilities,Rehabilitation/reconstruction of a public improvement,,,Rehabilitation/reconstruction of a public improvement,Rehabilitation/reconstruction of a public improvement,"Harris, County",,,"Harris, County","Harris, County",HCMOD_DA_LMI_19-147-002-B490_F&D,,,HCMOD_DA_LMI_19-147-002-B490_F&D,HCMOD_DA_LMI_19-147-002-B490_F&D
HCMOD_DA_LMI_19-147-002-B490_PF,2,1,0,0,1,0,1,18,0,0,18,0,18,18,2021-01-01,2026-01-01,18,2021-01-01,2026-01-01,0,,,Public Facilities,,,Public Facilities,,Rehabilitation/reconstruction of public facilities,,,Rehabilitation/reconstruction of public facilities,,"Harris, County",,,"Harris, County",,HCMOD_DA_LMI_19-147-002-B490_PF,,,HCMOD_DA_LMI_19-147-002-B490_PF,
HCMOD_DA_LMI_19-147-002-B490_SF,2,1,0,0,1,0,1,23,0,0,23,0,23,23,2019-07-01,2026-01-01,23,2019-07-01,2026-01-01,0,,,Sewer Facilities,,,Sewer Facilities,,Construction/reconstruction of water/sewer lines or systems,,,Construction/reconstruction of water/sewer lines or systems,,"Harris, County",,,"Harris, County",,HCMOD_DA_LMI_19-147-002-B490_SF,,,HCMOD_DA_LMI_19-147-002-B490_SF,
HCMOD_DA_UN_19-147-002-B490_F&D,2,1,0,0,1,0,1,20,0,0,20,0,20,20,2021-01-01,2026-01-01,20,2021-01-01,2026-01-01,0,,,Flood and Drainage,,,Flood and Drainage,,Rehabilitation/reconstruction of a public improvement,,,Rehabilitation/reconstruction of a public improvement,,"Harris, County",,,"Harris, County",,HCMOD_DA_UN_19-147-002-B490_F&D,,,HCMOD_DA_UN_19-147-002-B490_F&D,
HCMOD_DA_UN_19-147-002-B490_PF,2,1,0,0,1,0,1,21,0,0,21,0,21,21,2019-10-01,2026-01-01,21,2019-10-01,2026-01-01,0,,,Public Facilities,,,Public Facilities,,Rehabilitation/reconstruction of public facilities,,,Rehabilitation/reconstruction of public facilities,,"Harris, County",,,"Harris, County",,HCMOD_DA_UN_19-147-002-B490_PF,,,HCMOD_DA_UN_19-147-002-B490_PF,
HCPLAN_DA_NA_19-147-002-B490,2,1,0,0,1,0,1,27,0,0,25,0,25,27,2019-04-01,2025-10-01,25,2019-04-01,2025-10-01,0,,,Harris County Planning,,,Harris County Planning,,Planning,,,Planning,,"Harris, County",,,"Harris, County",,HCPLAN_DA_NA_19-147-002-B490,,,HCPLAN_DA_NA_19-147-002-B490,
HCPS_DA_LMA_19-147-002-B490,2,1,0,0,1,0,1,9,0,0,9,0,9,9,2023-10-01,2025-10-01,9,2023-10-01,2025-10-01,0,,,Public Services Area Benefit,,,Public Services Area Benefit,,Public services,,,Public services,,"Harris, County",,,"Harris, County",,HCPS_DA_LMA_19-147-002-B490,,,HCPS_DA_LMA_19-147-002-B490,
HCPS_DA_LMI_19-147-002-B490,4,1,1,1,1,0,1,15,3,1,15,0,15,15,2021-07-01,2025-10-01,15,2021-07-01,2025-10-01,0,,,Public Services,Public Services,Public Services,Public Services,,Public services,Public services,Public services,Public services,,"Harris, County","Harris, County","Harris, County","Harris, County",,HCPS_DA_LMI_19-147-002-B490,HCPS_DA_LMI_19-147-002-B490,HCPS_DA_LMI_19-147-002-B490,HCPS_DA_LMI_19-147-002-B490,
HCSFNC_DA_LMI_19-147-002-B490,4,1,1,1,1,0,1,24,8,1,24,0,24,24,2019-04-01,2026-01-01,24,2019-04-01,2026-01-01,0,,,HC Single Family New Construction,HC Single Family New Construction,HC Single Family New Construction,HC Single Family New Construction,,Construction of new housing,Construction of new housing,Construction of new housing,Construction of new housing,,"Harris, County","Harris, County","Harris, County","Harris, County",,HCSFNC_DA_LMI_19-147-002-B490,HCSFNC_DA_LMI_19-147-002-B490,HCSFNC_DA_LMI_19-147-002-B490,HCSFNC_DA_LMI_19-147-002-B490,
HC_PROGRAMINCOMETRANSFER,2,1,0,0,1,0,1,2,0,0,1,0,1,2,2023-10-01,2025-04-01,1,2025-04-01,2025-04-01,0,,,HC Program Income Transfer Activity,,,HC Program Income Transfer Activity,,Program Income Transfer to CDBG Entitlement,,,Program Income Transfer to CDBG Entitlement,,"Harris, County",,,"Harris, County",,HC_ProgramIncomeTransfer,,,HC_ProgramIncomeTransfer,
HOUADMIN_DA_NA_21-134-000-C788,2,1,0,0,1,0,1,21,0,0,21,0,21,21,2019-04-01,2025-10-01,21,2019-04-01,2025-10-01,0,,,HOU Administration,,,HOU Administration,,Administration,,,Administration,,"Houston, City of",,,"Houston, City of",,HouADMIN_DA_NA_21-134-000-C788,,,HouADMIN_DA_NA_21-134-000-C788,
HOUBP_DA_LMI_21-134-000-C788_ACQ,2,1,0,0,1,0,1,21,0,0,21,0,21,21,2019-04-01,2026-01-01,21,2019-04-01,2026-01-01,0,,,HOU Buyout,,,HOU Buyout,,Acquisition - buyout of residential properties,,,Acquisition - buyout of residential properties,,"Houston, City of",,,"Houston, City of",,HouBP_DA_LMI_21-134-000-C788_ACQ,,,HouBP_DA_LMI_21-134-000-C788_ACQ,
HOUBP_DA_LMI_21-134-000-C788_RA,4,1,1,1,1,0,1,13,6,1,13,0,13,13,2021-07-01,2025-10-01,13,2021-07-01,2025-10-01,0,,,HOU Relocation Assistance,HOU Relocation Assistance,HOU Relocation Assistance,HOU Relocation Assistance,,Relocation payments and assistance,Relocation payments and assistance,Relocation payments and assistance,Relocation payments and assistance,,"Houston, City of","Houston, City of","Houston, City of","Houston, City of",,HouBP_DA_LMI_21-134-000-C788_RA,HouBP_DA_LMI_21-134-000-C788_RA,HouBP_DA_LMI_21-134-000-C788_RA,HouBP_DA_LMI_21-134-000-C788_RA,
HOUBP_DA_UN_19-147-001-B489,1,0,0,0,1,0,1,0,0,0,2,0,2,0,,,2,2019-04-01,2021-04-01,0,,,,,,HOU Buyout,,,,,Acquisition - buyout of residential properties,,,,,"Houston, City of",,,,,HouBP_DA_UN_19-147-001-B489-08122021093854,
HOUERP_DA_LMI_21-134-000-C788,4,1,1,1,1,0,1,19,4,1,19,0,19,19,2019-04-01,2025-10-01,19,2019-04-01,2025-10-01,0,,,HOU Economic Revitalization,HOU Economic Revitalization,HOU Economic Revitalization,HOU Economic Revitalization,,Econ. development or recovery activity that creates/retains jobs,Econ. development or recovery activity that creates/retains jobs,Econ. development or recovery activity that creates/retains jobs,Econ. development or recovery activity that creates/retains jobs,,"Houston, City of","Houston, City of","Houston, City of","Houston, City of",,HouERP_DA_LMI_21-134-000-C788,HouERP_DA_LMI_21-134-000-C788,HouERP_DA_LMI_21-134-000-C788,HouERP_DA_LMI_21-134-000-C788,
HOUHBAP-2_DA_LMI_21-134-000-C788,4,1,1,1,1,0,1,4,8,1,3,0,3,4,2025-04-01,2026-01-01,3,2025-07-01,2026-01-01,0,,,HOU Homebuyer Assistance Round 2,HOU Homebuyer Assistance Round 2,HOU Homebuyer Assistance Round 2,HOU Homebuyer Assistance Round 2,,Homeownership Assistance to low- and moderate-income,Homeownership Assistance to low- and moderate-income,Homeownership Assistance to low- and moderate-income,Homeownership Assistance to low- and moderate-income,,"Houston, City of","Houston, City of","Houston, City of","Houston, City of",,HouHBAP-2_DA_LMI_21-134-000-C788,HouHBAP-2_DA_LMI_21-134-000-C788,HouHBAP-2_DA_LMI_21-134-000-C788,HouHBAP-2_DA_LMI_21-134-000-C788,
HOUHBAP-2_DA_UN_21-134-000-C788,4,1,1,1,1,0,1,4,4,1,3,0,3,4,2025-04-01,2026-01-01,3,2025-07-01,2026-01-01,0,,,HOU Homebuyer Assistance Round 2,HOU Homebuyer Assistance Round 2,HOU Homebuyer Assistance Round 2,HOU Homebuyer Assistance Round 2,,Homeownership Assistance (with waiver only),Homeownership Assistance (with waiver only),Homeownership Assistance (with waiver only),Homeownership Assistance (with waiver only),,"Houston, City of","Houston, City of","Houston, City of","Houston, City of",,HouHBAP-2_DA_UN_21-134-000-C788,HouHBAP-2_DA_UN_21-134-000-C788,HouHBAP-2_DA_UN_21-134-000-C788,HouHBAP-2_DA_UN_21-134-000-C788,
HOUHBAP_DA_LMI_21-134-000-C788,5,1,1,1,1,1,1,26,8,1,26,2,28,26,2019-04-01,2025-10-01,26,2019-04-01,2025-10-01,2,2019-07-01,2021-01-01,HOU Homebuyer Assistance,HOU Homebuyer Assistance,HOU Homebuyer Assistance,HOU Homebuyer Assistance,HOU Homebuyer Assistance,Homeownership Assistance to low- and moderate-income,Homeownership Assistance to low- and moderate-income,Homeownership Assistance to low- and moderate-income,Homeownership Assistance to low- and moderate-income,Homeownership Assistance to low- and moderate-income,"Houston, City of","Houston, City of","Houston, City of","Houston, City of","Houston, City of",HouHBAP_DA_LMI_21-134-000-C788,HouHBAP_DA_LMI_21-134-000-C788,HouHBAP_DA_LMI_21-134-000-C788,HouHBAP_DA_LMI_21-134-000-C788,HouHBAP_DA_LMI_21-134-000-C788
HOUHBAP_DA_UN_21-134-000-C788,5,1,1,1,1,1,1,26,8,1,26,2,28,26,2019-04-01,2025-10-01,26,2019-04-01,2025-10-01,2,2019-07-01,2020-01-01,HOU Homebuyer Assistance,HOU Homebuyer Assistance,HOU Homebuyer Assistance,HOU Homebuyer Assistance,HOU Homebuyer Assistance,Homeownership Assistance (with waiver only),Homeownership Assistance (with waiver only),Homeownership Assistance (with waiver only),Homeownership Assistance (with waiver only),Homeownership Assistance (with waiver only),"Houston, City of","Houston, City of","Houston, City of","Houston, City of","Houston, City of",HouHBAP_DA_UN_21-134-000-C788,HouHBAP_DA_UN_21-134-000-C788,HouHBAP_DA_UN_21-134-000-C788,HouHBAP_DA_UN_21-134-000-C788,HouHBAP_DA_UN_21-134-000-C788
HOUHOAP[ACQG]_DA_LMI_19-147-001-B489,2,0,0,0,1,1,1,0,0,0,4,2,6,0,,,4,2019-04-01,2021-04-01,2,2019-07-01,2020-01-01,,,,HOU HAP Acquistion,HOU HAP Acquistion,,,,Acquisition - general,Acquisition - general,,,,"Houston, City of","Houston, City of",,,,HouHoAP[AcqG]_DA_LMI_19-147-001-B489-08122021094037,HouHoAP[AcqG]_DA_LMI_19-147-001-B489-08122021094037
HOUHOAP[CM]_DA_LMI_21-134-000-C788,5,1,1,1,1,1,1,24,9,1,24,3,27,24,2019-04-01,2026-01-01,24,2019-04-01,2026-01-01,3,2019-07-01,2021-01-01,HOU HAP City Managed Rehab. and Recon.,HOU HAP City Managed Rehab. and Recon.,HOU HAP City Managed Rehab. and Recon.,HOU HAP City Managed Rehab. and Recon.,HOU HAP City Managed Rehab. and Recon.,Rehabilitation/reconstruction of residential structures,Rehabilitation/reconstruction of residential structures,Rehabilitation/reconstruction of residential structures,Rehabilitation/reconstruction of residential structures,Rehabilitation/reconstruction of residential structures,"Houston, City of","Houston, City of","Houston, City of","Houston, City of","Houston, City of",HouHoAP[CM]_DA_LMI_21-134-000-C788,HouHoAP[CM]_DA_LMI_21-134-000-C788,HouHoAP[CM]_DA_LMI_21-134-000-C788,HouHoAP[CM]_DA_LMI_21-134-000-C788,HouHoAP[CM]_DA_LMI_21-134-000-C788
HOUHOAP[CM]_DA_UN_21-134-000-C788,5,1,1,1,1,1,1,21,5,1,20,2,22,21,2019-04-01,2025-10-01,20,2019-04-01,2025-10-01,2,2019-07-01,2020-01-01,HOU HAP City Managed Rehab. and Recon.,HOU HAP City Managed Rehab. and Recon.,HOU HAP City Managed Rehab. and Recon.,HOU HAP City Managed Rehab. and Recon.,HOU HAP City Managed Rehab. and Recon.,Rehabilitation/reconstruction of residential structures,Rehabilitation/reconstruction of residential structures,Rehabilitation/reconstruction of residential structures,Rehabilitation/reconstruction of residential structures,Rehabilitation/reconstruction of residential structures,"Houston, City of","Houston, City of","Houston, City of","Houston, City of","Houston, City of",HouHoAP[CM]_DA_UN_21-134-000-C788,HouHoAP[CM]_DA_UN_21-134-000-C788,HouHoAP[CM]_DA_UN_21-134-000-C788,HouHoAP[CM]_DA_UN_21-134-000-C788,HouHoAP[CM]_DA_UN_21-134-000-C788
HOUHOAP[HM]_DA_LMI_19-147-001-B489,2,0,0,0,1,1,1,0,0,0,4,2,6,0,,,4,2019-04-01,2021-04-01,2,2019-07-01,2020-01-01,,,,HOU HAP Homeowner Managed Rehab. and Recon.,HOU HAP Homeowner Managed Rehab. and Recon.,,,,Rehabilitation/reconstruction of residential structures,Rehabilitation/reconstruction of residential structures,,,,"Houston, City of","Houston, City of",,,,HouHoAP[HM]_DA_LMI_19-147-001-B489-08122021094814,HouHoAP[HM]_DA_LMI_19-147-001-B489-08122021094814
HOUHOAP[HM]_DA_UN_19-147-001-B489,2,0,0,0,1,1,1,0,0,0,4,2,6,0,,,4,2019-04-01,2021-04-01,2,2019-07-01,2020-01-01,,,,HOU HAP Homeowner Managed Rehab. and Recon.,HOU HAP Homeowner Managed Rehab. and Recon.,,,,Rehabilitation/reconstruction of residential structures,Rehabilitation/reconstruction of residential structures,,,,"Houston, City of","Houston, City of",,,,HouHoAP[HM]_DA_UN_19-147-001-B489-08122021094913,HouHoAP[HM]_DA_UN_19-147-001-B489-08122021094913
HOUHOAP[IMAO]_DA_LMI_19-147-001-B489,2,0,0,0,1,1,1,0,0,0,4,2,6,0,,,4,2019-04-01,2021-04-01,2,2019-07-01,2020-01-01,,,,HOU HAP Interim Mortgage Assistance,HOU HAP Interim Mortgage Assistance,,,,Rehabilitation/reconstruction of residential structures,Rehabilitation/reconstruction of residential structures,,,,"Houston, City of","Houston, City of",,,,HouHoAP[IMAO]_DA_LMI_19-147-001-B489-08122021095026,HouHoAP[IMAO]_DA_LMI_19-147-001-B489-08122021095026
HOUHOAP[IMAO]_DA_UN_19-147-001-B489,2,0,0,0,1,1,1,0,0,0,4,2,6,0,,,4,2019-04-01,2021-04-01,2,2019-07-01,2020-01-01,,,,HOU HAP Interim Mortgage Assistance,HOU HAP Interim Mortgage Assistance,,,,Rehabilitation/reconstruction of residential structures,Rehabilitation/reconstruction of residential structures,,,,"Houston, City of","Houston, City of",,,,HouHoAP[IMAO]_DA_UN_19-147-001-B489-08122021095131,HouHoAP[IMAO]_DA_UN_19-147-001-B489-08122021095131
HOUHOAP[REIMB]_DA_LMI_21-134-000-C788,5,1,1,1,1,1,1,27,8,1,26,2,28,27,2019-04-01,2026-01-01,26,2019-04-01,2026-01-01,2,2019-07-01,2020-01-01,HOU HAP Reimbursement,HOU HAP Reimbursement,HOU HAP Reimbursement,HOU HAP Reimbursement,HOU HAP Reimbursement,Rehabilitation/reconstruction of residential structures,Rehabilitation/reconstruction of residential structures,Rehabilitation/reconstruction of residential structures,Rehabilitation/reconstruction of residential structures,Rehabilitation/reconstruction of residential structures,"Houston, City of","Houston, City of","Houston, City of","Houston, City of","Houston, City of",HouHoAP[Reimb]_DA_LMI_21-134-000-C788,HouHoAP[Reimb]_DA_LMI_21-134-000-C788,HouHoAP[Reimb]_DA_LMI_21-134-000-C788,HouHoAP[Reimb]_DA_LMI_21-134-000-C788,HouHoAP[Reimb]_DA_LMI_21-134-000-C788
HOUHOAP[REIMB]_DA_UN_21-134-000-C788,5,1,1,1,1,1,1,26,9,1,26,3,29,26,2019-04-01,2026-01-01,26,2019-04-01,2026-01-01,3,2019-07-01,2021-01-01,HOU HAP Reimbursement,HOU HAP Reimbursement,HOU HAP Reimbursement,HOU HAP Reimbursement,HOU HAP Reimbursement,Rehabilitation/reconstruction of residential structures,Rehabilitation/reconstruction of residential structures,Rehabilitation/reconstruction of residential structures,Rehabilitation/reconstruction of residential structures,Rehabilitation/reconstruction of residential structures,"Houston, City of","Houston, City of","Houston, City of","Houston, City of","Houston, City of",HouHoAP[Reimb]_DA_UN_21-134-000-C788,HouHoAP[Reimb]_DA_UN_21-134-000-C788,HouHoAP[Reimb]_DA_UN_21-134-000-C788,HouHoAP[Reimb]_DA_UN_21-134-000-C788,HouHoAP[Reimb]_DA_UN_21-134-000-C788
HOUMFRP_DA_LMI_21-134-000-C788,5,1,1,1,1,1,1,27,8,1,26,11,37,27,2019-04-01,2026-01-01,26,2019-04-01,2026-01-01,11,2019-07-01,2025-10-01,HOU Multifamily Rental,HOU Multifamily Rental,HOU Multifamily Rental,HOU Multifamily Rental,HOU Multifamily Rental,Affordable Rental Housing,Affordable Rental Housing,Affordable Rental Housing,Affordable Rental Housing,Affordable Rental Housing,"Houston, City of","Houston, City of","Houston, City of","Houston, City of","Houston, City of",HouMFRP_DA_LMI_21-134-000-C788,HouMFRP_DA_LMI_21-134-000-C788,HouMFRP_DA_LMI_21-134-000-C788,HouMFRP_DA_LMI_21-134-000-C788,HouMFRP_DA_LMI_21-134-000-C788
HOUPLN_DA_NA_21-134-000-C788,3,1,1,0,1,0,1,21,1,0,21,0,21,21,2019-04-01,2025-10-01,21,2019-04-01,2025-10-01,0,,,HOU Planning,HOU Planning,,HOU Planning,,Planning,Planning,,Planning,,"Houston, City of","Houston, City of",,"Houston, City of",,HouPLN_DA_NA_21-134-000-C788,HouPLN_DA_NA_21-134-000-C788,,HouPLN_DA_NA_21-134-000-C788,
HOUPS_DA_LMI_21-134-000-C788,4,1,1,1,1,0,1,21,3,1,21,0,21,21,2019-04-01,2025-10-01,21,2019-04-01,2025-10-01,0,,,HOU Public Services,HOU Public Services,HOU Public Services,HOU Public Services,,Public services,Public services,Public services,Public services,,"Houston, City of","Houston, City of","Houston, City of","Houston, City of",,HouPS_DA_LMI_21-134-000-C788,HouPS_DA_LMI_21-134-000-C788,HouPS_DA_LMI_21-134-000-C788,HouPS_DA_LMI_21-134-000-C788,
HOUSFDP_DA_LMI_21-134-000-C788,3,1,0,0,1,1,1,24,0,0,24,6,30,24,2019-04-01,2026-01-01,24,2019-04-01,2026-01-01,6,2019-07-01,2025-01-01,HOU Single Family Development,,,HOU Single Family Development,HOU Single Family Development,Construction of new housing,,,Construction of new housing,Construction of new housing,"Houston, City of",,,"Houston, City of","Houston, City of",HouSFDP_DA_LMI_21-134-000-C788,,,HouSFDP_DA_LMI_21-134-000-C788,HouSFDP_DA_LMI_21-134-000-C788
HOUSRP_DA_LMI_21-134-000-C788,5,1,1,1,1,1,1,22,8,1,22,2,24,22,2019-04-01,2025-10-01,22,2019-04-01,2025-10-01,2,2019-07-01,2020-01-01,HOU Small Rental,HOU Small Rental,HOU Small Rental,HOU Small Rental,HOU Small Rental,Affordable Rental Housing,Affordable Rental Housing,Affordable Rental Housing,Affordable Rental Housing,Affordable Rental Housing,"Houston, City of","Houston, City of","Houston, City of","Houston, City of","Houston, City of",HouSRP_DA_LMI_21-134-000-C788,HouSRP_DA_LMI_21-134-000-C788,HouSRP_DA_LMI_21-134-000-C788,HouSRP_DA_LMI_21-134-000-C788,HouSRP_DA_LMI_21-134-000-C788
HRP_HMID_LMI,4,1,1,1,1,0,1,18,9,1,15,0,15,18,2019-04-01,2025-10-01,15,2019-04-01,2025-10-01,0,,,Homeowner Reimbursement Program,Homeowner Reimbursement Program,Homeowner Reimbursement Program,Homeowner Reimbursement Program,,Rehabilitation/reconstruction of residential structures,Rehabilitation/reconstruction of residential structures,Rehabilitation/reconstruction of residential structures,Rehabilitation/reconstruction of residential structures,,Texas General Land Office,Texas General Land Office,Texas General Land Office,Texas General Land Office,,HRP_HMID_LMI,HRP_HMID_LMI,HRP_HMID_LMI,HRP_HMID_LMI,
HRP_HMID_UN,4,1,1,1,1,0,1,17,9,1,15,0,15,17,2019-04-01,2025-10-01,15,2019-04-01,2025-10-01,0,,,Homeowner Reimbursement Program,Homeowner Reimbursement Program,Homeowner Reimbursement Program,Homeowner Reimbursement Program,,Rehabilitation/reconstruction of residential structures,Rehabilitation/reconstruction of residential structures,Rehabilitation/reconstruction of residential structures,Rehabilitation/reconstruction of residential structures,,Texas General Land Office,Texas General Land Office,Texas General Land Office,Texas General Land Office,,HRP_HMID_UN,HRP_HMID_UN,HRP_HMID_UN,HRP_HMID_UN,
HRP_SMID_LMI,4,1,1,1,1,0,1,16,9,1,14,0,14,16,2019-04-01,2025-10-01,14,2019-04-01,2025-10-01,0,,,Homeowner Reimbursement Program,Homeowner Reimbursement Program,Homeowner Reimbursement Program,Homeowner Reimbursement Program,,Rehabilitation/reconstruction of residential structures,Rehabilitation/reconstruction of residential structures,Rehabilitation/reconstruction of residential structures,Rehabilitation/reconstruction of residential structures,,Texas General Land Office,Texas General Land Office,Texas General Land Office,Texas General Land Office,,HRP_SMID_LMI,HRP_SMID_LMI,HRP_SMID_LMI,HRP_SMID_LMI,
HRP_SMID_UN,4,1,1,1,1,0,1,16,9,1,14,0,14,16,2019-04-01,2025-10-01,14,2019-04-01,2025-10-01,0,,,Homeowner Reimbursement Program,Homeowner Reimbursement Program,Homeowner Reimbursement Program,Homeowner Reimbursement Program,,Rehabilitation/reconstruction of residential structures,Rehabilitation/reconstruction of residential structures,Rehabilitation/reconstruction of residential structures,Rehabilitation/reconstruction of residential structures,,Texas General Land Office,Texas General Land Office,Texas General Land Office,Texas General Land Office,,HRP_SMID_UN,HRP_SMID_UN,HRP_SMID_UN,HRP_SMID_UN,
INF_HMID_LMB_20-065-136-C491_MONTGOMERYCOUNTY_ACQ,2,0,1,0,1,0,1,0,3,0,5,0,5,0,,,5,2020-07-01,2024-04-01,0,,,,Buyout Program,,Buyout Program,,,Acquisition - general,,Acquisition - general,,,Montgomery County,,Montgomery County,,,INF_HMID_LMB_20-065-136-C491_MontgomeryCounty_ACQ-05162024145542,,INF_HMID_LMB_20-065-136-C491_MontgomeryCounty_ACQ-05162024145542,
INF_HMID_LMI_20-065-001-B947_GALVESTON,3,1,1,0,1,0,1,7,1,0,5,0,5,7,2019-10-01,2025-01-01,5,2019-10-01,2025-01-01,0,,,Street Improvements,Street Improvements,,Street Improvements,,Construction/reconstruction of streets,Construction/reconstruction of streets,,Construction/reconstruction of streets,,City of Galveston,City of Galveston,,City of Galveston,,INF_HMID_LMI_20-065-001-B947_Galveston,INF_HMID_LMI_20-065-001-B947_Galveston,,INF_HMID_LMI_20-065-001-B947_Galveston,
INF_HMID_LMI_20-065-003-B965_LIBERTY,2,1,0,0,1,0,1,6,0,0,5,0,5,6,2019-10-01,2023-04-01,5,2019-10-01,2023-04-01,0,,,Sewer Facilities,,,Sewer Facilities,,Construction/reconstruction of water/sewer lines or systems,,,Construction/reconstruction of water/sewer lines or systems,,Liberty,,,Liberty,,INF_HMID_LMI_20-065-003-B965_Liberty,,,INF_HMID_LMI_20-065-003-B965_Liberty,
INF_HMID_LMI_20-065-004-B995_SINTON,2,1,0,0,1,0,1,13,0,0,12,0,12,13,2019-10-01,2024-07-01,12,2019-10-01,2024-07-01,0,,,Sewer Facilities,,,Sewer Facilities,,Construction/reconstruction of water/sewer lines or systems,,,Construction/reconstruction of water/sewer lines or systems,,City of Sinton,,,City of Sinton,,INF_HMID_LMI_20-065-004-B995_Sinton,,,INF_HMID_LMI_20-065-004-B995_Sinton,
INF_HMID_LMI_20-065-006-C004_GALVESTONCOUNTY,3,1,1,0,1,0,1,13,1,0,12,0,12,13,2020-01-01,2025-01-01,12,2020-01-01,2025-01-01,0,,,Flood and Drainage Facilities,Flood and Drainage Facilities,,Flood and Drainage Facilities,,Rehabilitation/reconstruction of a public improvement,Rehabilitation/reconstruction of a public improvement,,Rehabilitation/reconstruction of a public improvement,,Galveston County,Galveston County,,Galveston County,,INF_HMID_LMI_20-065-006-C004_GalvestonCounty,INF_HMID_LMI_20-065-006-C004_GalvestonCounty,,INF_HMID_LMI_20-065-006-C004_GalvestonCounty,
INF_HMID_LMI_20-065-007-C010_CHAMBERSCOUNTY,2,1,0,0,1,0,1,9,0,0,9,0,9,9,2020-01-01,2024-07-01,9,2020-01-01,2024-07-01,0,,,Sewer Facilities,,,Sewer Facilities,,Construction/reconstruction of water/sewer lines or systems,,,Construction/reconstruction of water/sewer lines or systems,,Chambers County,,,Chambers County,,INF_HMID_LMI_20-065-007-C010_ChambersCounty,,,INF_HMID_LMI_20-065-007-C010_ChambersCounty,
INF_HMID_LMI_20-065-008-C011_IOWACOLONY,3,1,1,0,1,0,1,10,1,0,8,0,8,10,2019-10-01,2024-04-01,8,2019-10-01,2024-04-01,0,,,Flood and Drainage Facilities,Flood and Drainage Facilities,,Flood and Drainage Facilities,,Rehabilitation/reconstruction of a public improvement,Rehabilitation/reconstruction of a public improvement,,Rehabilitation/reconstruction of a public improvement,,City of Iowa Colony,City of Iowa Colony,,City of Iowa Colony,,INF_HMID_LMI_20-065-008-C011_IowaColony,INF_HMID_LMI_20-065-008-C011_IowaColony,,INF_HMID_LMI_20-065-008-C011_IowaColony,
INF_HMID_LMI_20-065-009-C022_CLEVELAND_F&D,2,1,0,0,1,0,1,12,0,0,11,0,11,12,2019-10-01,2025-07-01,11,2019-10-01,2025-07-01,0,,,Flood and Drainage Facilities,,,Flood and Drainage Facilities,,Rehabilitation/reconstruction of a public improvement,,,Rehabilitation/reconstruction of a public improvement,,"Cleveland, City of",,,"Cleveland, City of",,INF_HMID_LMI_20-065-009-C022_Cleveland_F&D,,,INF_HMID_LMI_20-065-009-C022_Cleveland_F&D,
INF_HMID_LMI_20-065-009-C022_CLEVELAND_SF,3,1,1,0,1,0,1,10,1,0,9,0,9,10,2019-10-01,2025-07-01,9,2019-10-01,2025-07-01,0,,,Sewer Facilities,Sewer Facilities,,Sewer Facilities,,Construction/reconstruction of water/sewer lines or systems,Construction/reconstruction of water/sewer lines or systems,,Construction/reconstruction of water/sewer lines or systems,,"Cleveland, City of","Cleveland, City of",,"Cleveland, City of",,INF_HMID_LMI_20-065-009-C022_Cleveland_SF,INF_HMID_LMI_20-065-009-C022_Cleveland_SF,,INF_HMID_LMI_20-065-009-C022_Cleveland_SF,
INF_HMID_LMI_20-065-010-C027_CONROE,3,1,1,0,1,0,1,9,2,0,9,0,9,9,2020-01-01,2024-01-01,9,2020-01-01,2024-01-01,0,,,Sewer Facilities,Sewer Facilities,,Sewer Facilities,,Construction/reconstruction of water/sewer lines or systems,Construction/reconstruction of water/sewer lines or systems,,Construction/reconstruction of water/sewer lines or systems,,Conroe,Conroe,,Conroe,,INF_HMID_LMI_20-065-010-C027_Conroe,INF_HMID_LMI_20-065-010-C027_Conroe,,INF_HMID_LMI_20-065-010-C027_Conroe,
INF_HMID_LMI_20-065-013-C049_JASPERCOUNTY,2,1,0,0,1,0,1,12,0,0,11,0,11,12,2019-10-01,2023-10-01,11,2019-10-01,2023-10-01,0,,,Street Improvements,,,Street Improvements,,Construction/reconstruction of streets,,,Construction/reconstruction of streets,,Jasper County,,,Jasper County,,INF_HMID_LMI_20-065-013-C049_JasperCounty,,,INF_HMID_LMI_20-065-013-C049_JasperCounty,
INF_HMID_LMI_20-065-014-C053_SHEPHERD,2,1,0,0,1,0,1,5,0,0,4,0,4,5,2019-10-01,2023-04-01,4,2019-10-01,2022-10-01,0,,,Sewer Facilities,,,Sewer Facilities,,Construction/reconstruction of water/sewer lines or systems,,,Construction/reconstruction of water/sewer lines or systems,,Shepherd,,,Shepherd,,INF_HMID_LMI_20-065-014-C053_Shepherd,,,INF_HMID_LMI_20-065-014-C053_Shepherd,
INF_HMID_LMI_20-065-017-C058_ANAHUAC,3,1,1,0,1,0,1,7,2,0,7,0,7,7,2019-10-01,2023-04-01,7,2019-10-01,2023-04-01,0,,,Sewer Facilities,Sewer Facilities,,Sewer Facilities,,Construction/reconstruction of water/sewer lines or systems,Construction/reconstruction of water/sewer lines or systems,,Construction/reconstruction of water/sewer lines or systems,,Anahuac,Anahuac,,Anahuac,,INF_HMID_LMI_20-065-017-C058_Anahuac,INF_HMID_LMI_20-065-017-C058_Anahuac,,INF_HMID_LMI_20-065-017-C058_Anahuac,
INF_HMID_LMI_20-065-018-C064_POLKCOUNTY,2,1,0,0,1,0,1,10,0,0,9,0,9,10,2019-10-01,2025-10-01,9,2019-10-01,2025-10-01,0,,,Street Improvements,,,Street Improvements,,Construction/reconstruction of streets,,,Construction/reconstruction of streets,,Polk County,,,Polk County,,INF_HMID_LMI_20-065-018-C064_PolkCounty,,,INF_HMID_LMI_20-065-018-C064_PolkCounty,
INF_HMID_LMI_20-065-022-C079_EASTBERNARD,2,1,0,0,1,0,1,12,0,0,10,0,10,12,2019-10-01,2023-10-01,10,2019-10-01,2023-10-01,0,,,Street Improvements,,,Street Improvements,,Construction/reconstruction of streets,,,Construction/reconstruction of streets,,East Bernard City Hall,,,East Bernard City Hall,,INF_HMID_LMI_20-065-022-C079_EastBernard,,,INF_HMID_LMI_20-065-022-C079_EastBernard,
INF_HMID_LMI_20-065-024-C083_ANGLETON,2,1,0,0,1,0,1,11,0,0,10,0,10,11,2019-10-01,2023-10-01,10,2019-10-01,2023-10-01,0,,,Sewer Facilities,,,Sewer Facilities,,Construction/reconstruction of water/sewer lines or systems,,,Construction/reconstruction of water/sewer lines or systems,,Angleton,,,Angleton,,INF_HMID_LMI_20-065-024-C083_Angleton,,,INF_HMID_LMI_20-065-024-C083_Angleton,
INF_HMID_LMI_20-065-025-C086_MATHIS,3,1,1,0,1,0,1,12,1,0,10,0,10,12,2019-10-01,2023-10-01,10,2019-10-01,2023-10-01,0,,,Sewer Facilities,Sewer Facilities,,Sewer Facilities,,Construction/reconstruction of water/sewer lines or systems,Construction/reconstruction of water/sewer lines or systems,,Construction/reconstruction of water/sewer lines or systems,,"Mathis, City of","Mathis, City of",,"Mathis, City of",,INF_HMID_LMI_20-065-025-C086_Mathis,INF_HMID_LMI_20-065-025-C086_Mathis,,INF_HMID_LMI_20-065-025-C086_Mathis,
INF_HMID_LMI_20-065-026-C093_SANTAFE_F&D,3,1,1,0,1,0,1,11,1,0,11,0,11,11,2019-10-01,2024-01-01,11,2019-10-01,2024-01-01,0,,,Flood and Drainage Facilities,Flood and Drainage Facilities,,Flood and Drainage Facilities,,Rehabilitation/reconstruction of a public improvement,Rehabilitation/reconstruction of a public improvement,,Rehabilitation/reconstruction of a public improvement,,Santa Fe,Santa Fe,,Santa Fe,,INF_HMID_LMI_20-065-026-C093_SantaFe_F&D,INF_HMID_LMI_20-065-026-C093_SantaFe_F&D,,INF_HMID_LMI_20-065-026-C093_SantaFe_F&D,
INF_HMID_LMI_20-065-026-C093_SANTAFE_SI,3,1,1,0,1,0,1,16,1,0,16,0,16,16,2019-10-01,2024-01-01,16,2019-10-01,2024-01-01,0,,,Street Improvements,Street Improvements,,Street Improvements,,Construction/reconstruction of streets,Construction/reconstruction of streets,,Construction/reconstruction of streets,,Santa Fe,Santa Fe,,Santa Fe,,INF_HMID_LMI_20-065-026-C093_SantaFe_SI,INF_HMID_LMI_20-065-026-C093_SantaFe_SI,,INF_HMID_LMI_20-065-026-C093_SantaFe_SI,
INF_HMID_LMI_20-065-027-C092_NOME,2,1,0,0,1,0,1,9,0,0,8,0,8,9,2019-10-01,2024-10-01,8,2019-10-01,2024-10-01,0,,,Street Improvements,,,Street Improvements,,Construction/reconstruction of streets,,,Construction/reconstruction of streets,,Nome,,,Nome,,INF_HMID_LMI_20-065-027-C092_Nome,,,INF_HMID_LMI_20-065-027-C092_Nome,
INF_HMID_LMI_20-065-028-C091_FAYETTECOUNTY,3,1,1,0,1,0,1,15,2,0,14,0,14,15,2019-10-01,2023-07-01,14,2019-10-01,2023-07-01,0,,,Water Facilities,Water Facilities,,Water Facilities,,Construction/reconstruction of water/sewer lines or systems,Construction/reconstruction of water/sewer lines or systems,,Construction/reconstruction of water/sewer lines or systems,,"Fayette, County of","Fayette, County of",,"Fayette, County of",,INF_HMID_LMI_20-065-028-C091_FayetteCounty,INF_HMID_LMI_20-065-028-C091_FayetteCounty,,INF_HMID_LMI_20-065-028-C091_FayetteCounty,
INF_HMID_LMI_20-065-029-C096_DICKINSON,2,1,0,0,1,0,1,12,0,0,12,0,12,12,2019-10-01,2023-10-01,12,2019-10-01,2023-10-01,0,,,Flood and Drainage Facilities,,,Flood and Drainage Facilities,,Rehabilitation/reconstruction of a public improvement,,,Rehabilitation/reconstruction of a public improvement,,Dickinson,,,Dickinson,,INF_HMID_LMI_20-065-029-C096_Dickinson,,,INF_HMID_LMI_20-065-029-C096_Dickinson,
INF_HMID_LMI_20-065-030-C097_COLUMBUS,3,1,1,0,1,0,1,14,1,0,11,0,11,14,2019-10-01,2024-10-01,11,2019-10-01,2023-07-01,0,,,Flood and Drainage Facilities,Flood and Drainage Facilities,,Flood and Drainage Facilities,,Rehabilitation/reconstruction of a public improvement,Rehabilitation/reconstruction of a public improvement,,Rehabilitation/reconstruction of a public improvement,,"Columbus, City of","Columbus, City of",,"Columbus, City of",,INF_HMID_LMI_20-065-030-C097_Columbus,INF_HMID_LMI_20-065-030-C097_Columbus,,INF_HMID_LMI_20-065-030-C097_Columbus,
INF_HMID_LMI_20-065-031-C101_JASPER,3,1,1,0,1,0,1,8,1,0,8,0,8,8,2020-01-01,2023-07-01,8,2020-01-01,2023-07-01,0,,,Flood and Drainage Facilities,Flood and Drainage Facilities,,Flood and Drainage Facilities,,Rehabilitation/reconstruction of a public improvement,Rehabilitation/reconstruction of a public improvement,,Rehabilitation/reconstruction of a public improvement,,Jasper,Jasper,,Jasper,,INF_HMID_LMI_20-065-031-C101_Jasper,INF_HMID_LMI_20-065-031-C101_Jasper,,INF_HMID_LMI_20-065-031-C101_Jasper,
INF_HMID_LMI_20-065-034-C113_PINEHURST_SF,2,1,0,0,1,0,1,13,0,0,13,0,13,13,2020-01-01,2023-10-01,13,2020-01-01,2023-10-01,0,,,Sewer Facilities,,,Sewer Facilities,,Construction/reconstruction of water/sewer lines or systems,,,Construction/reconstruction of water/sewer lines or systems,,Pinehurst,,,Pinehurst,,INF_HMID_LMI_20-065-034-C113_Pinehurst_SF,,,INF_HMID_LMI_20-065-034-C113_Pinehurst_SF,
INF_HMID_LMI_20-065-034-C113_PINEHURST_SI,2,1,0,0,1,0,1,13,0,0,12,0,12,13,2020-01-01,2023-10-01,12,2020-01-01,2023-10-01,0,,,Street Improvements,,,Street Improvements,,Construction/reconstruction of streets,,,Construction/reconstruction of streets,,Pinehurst,,,Pinehurst,,INF_HMID_LMI_20-065-034-C113_Pinehurst_SI,,,INF_HMID_LMI_20-065-034-C113_Pinehurst_SI,
INF_HMID_LMI_20-065-037-C118_BROOKSIDE,2,1,0,0,1,0,1,15,0,0,15,0,15,15,2019-10-01,2024-10-01,15,2019-10-01,2024-10-01,0,,,Street Improvements,,,Street Improvements,,Construction/reconstruction of streets,,,Construction/reconstruction of streets,,CITY OF BROOKSIDE VILLAGE,,,CITY OF BROOKSIDE VILLAGE,,INF_HMID_LMI_20-065-037-C118_Brookside,,,INF_HMID_LMI_20-065-037-C118_Brookside,
INF_HMID_LMI_20-065-038-C119_BROOKSHIRE_F&D,3,1,1,0,1,0,1,18,1,0,16,0,16,18,2019-10-01,2025-07-01,16,2019-10-01,2025-07-01,0,,,Flood and Drainage Facilities,Flood and Drainage Facilities,,Flood and Drainage Facilities,,Rehabilitation/reconstruction of a public improvement,Rehabilitation/reconstruction of a public improvement,,Rehabilitation/reconstruction of a public improvement,,"Brookshire, City of","Brookshire, City of",,"Brookshire, City of",,INF_HMID_LMI_20-065-038-C119_Brookshire_F&D,INF_HMID_LMI_20-065-038-C119_Brookshire_F&D,,INF_HMID_LMI_20-065-038-C119_Brookshire_F&D,
INF_HMID_LMI_20-065-038-C119_BROOKSHIRE_SI,2,1,0,0,1,0,1,15,0,0,13,0,13,15,2019-10-01,2025-01-01,13,2019-10-01,2025-01-01,0,,,Street Improvements,,,Street Improvements,,Construction/reconstruction of streets,,,Construction/reconstruction of streets,,"Brookshire, City of",,,"Brookshire, City of",,INF_HMID_LMI_20-065-038-C119_Brookshire_SI,,,INF_HMID_LMI_20-065-038-C119_Brookshire_SI,
INF_HMID_LMI_20-065-039-C120_GROVES_SI,2,1,0,0,1,0,1,13,0,0,12,0,12,13,2020-01-01,2025-01-01,12,2020-01-01,2025-01-01,0,,,Street Improvements,,,Street Improvements,,Construction/reconstruction of streets,,,Construction/reconstruction of streets,,Groves,,,Groves,,INF_HMID_LMI_20-065-039-C120_Groves_SI,,,INF_HMID_LMI_20-065-039-C120_Groves_SI,
INF_HMID_LMI_20-065-040-C121_WOODLOCH,2,1,0,0,1,0,1,14,0,0,13,0,13,14,2019-10-01,2025-01-01,13,2019-10-01,2025-01-01,0,,,Sewer Facilities,,,Sewer Facilities,,Construction/reconstruction of water/sewer lines or systems,,,Construction/reconstruction of water/sewer lines or systems,,Woodloch,,,Woodloch,,INF_HMID_LMI_20-065-040-C121_Woodloch,,,INF_HMID_LMI_20-065-040-C121_Woodloch,
INF_HMID_LMI_20-065-042-C128_HITCHCOCK_F&D,3,1,1,0,1,0,1,16,1,0,14,0,14,16,2019-10-01,2024-01-01,14,2019-10-01,2023-10-01,0,,,Flood and Drainage Facilities,Flood and Drainage Facilities,,Flood and Drainage Facilities,,Rehabilitation/reconstruction of a public improvement,Rehabilitation/reconstruction of a public improvement,,Rehabilitation/reconstruction of a public improvement,,Hitchcock,Hitchcock,,Hitchcock,,INF_HMID_LMI_20-065-042-C128_Hitchcock_F&D,INF_HMID_LMI_20-065-042-C128_Hitchcock_F&D,,INF_HMID_LMI_20-065-042-C128_Hitchcock_F&D,
INF_HMID_LMI_20-065-042-C128_HITCHCOCK_SF,3,1,1,0,1,0,1,15,1,0,14,0,14,15,2019-10-01,2024-01-01,14,2019-10-01,2024-01-01,0,,,Sewer Facilities,Sewer Facilities,,Sewer Facilities,,Construction/reconstruction of water/sewer lines or systems,Construction/reconstruction of water/sewer lines or systems,,Construction/reconstruction of water/sewer lines or systems,,Hitchcock,Hitchcock,,Hitchcock,,INF_HMID_LMI_20-065-042-C128_Hitchcock_SF,INF_HMID_LMI_20-065-042-C128_Hitchcock_SF,,INF_HMID_LMI_20-065-042-C128_Hitchcock_SF,
INF_HMID_LMI_20-065-043-C129_LIVERPOOL,2,1,0,0,1,0,1,15,0,0,13,0,13,15,2019-10-01,2024-04-01,13,2019-10-01,2024-04-01,0,,,Street Improvements,,,Street Improvements,,Construction/reconstruction of streets,,,Construction/reconstruction of streets,,"Liverpool, city of",,,"Liverpool, city of",,INF_HMID_LMI_20-065-043-C129_Liverpool,,,INF_HMID_LMI_20-065-043-C129_Liverpool,
INF_HMID_LMI_20-065-045-C131_HOLIDAYLAKES,2,1,0,0,1,0,1,13,0,0,11,0,11,13,2019-10-01,2025-01-01,11,2019-10-01,2025-01-01,0,,,Flood and Drainage Facilities,,,Flood and Drainage Facilities,,Rehabilitation/reconstruction of a public improvement,,,Rehabilitation/reconstruction of a public improvement,,"Holiday Lake, Town of",,,"Holiday Lake, Town of",,INF_HMID_LMI_20-065-045-C131_HolidayLakes,,,INF_HMID_LMI_20-065-045-C131_HolidayLakes,
INF_HMID_LMI_20-065-046-C138_ROSENBERG,2,1,0,0,1,0,1,10,0,0,8,0,8,10,2020-01-01,2023-10-01,8,2020-01-01,2023-10-01,0,,,Sewer Facilities,,,Sewer Facilities,,Construction/reconstruction of water/sewer lines or systems,,,Construction/reconstruction of water/sewer lines or systems,,Rosenberg,,,Rosenberg,,INF_HMID_LMI_20-065-046-C138_Rosenberg,,,INF_HMID_LMI_20-065-046-C138_Rosenberg,
INF_HMID_LMI_20-065-048-C142_BAYCITY,3,1,1,0,1,0,1,13,1,0,12,0,12,13,2020-01-01,2024-10-01,12,2020-01-01,2024-04-01,0,,,Flood and Drainage Facilities,Flood and Drainage Facilities,,Flood and Drainage Facilities,,Rehabilitation/reconstruction of a public improvement,Rehabilitation/reconstruction of a public improvement,,Rehabilitation/reconstruction of a public improvement,,Bay City,Bay City,,Bay City,,INF_HMID_LMI_20-065-048-C142_BayCity,INF_HMID_LMI_20-065-048-C142_BayCity,,INF_HMID_LMI_20-065-048-C142_BayCity,
INF_HMID_LMI_20-065-049-C156_CHINA,2,1,0,0,1,0,1,5,0,0,5,0,5,5,2020-01-01,2022-07-01,5,2020-01-01,2022-07-01,0,,,Street Improvements,,,Street Improvements,,Construction/reconstruction of streets,,,Construction/reconstruction of streets,,China,,,China,,INF_HMID_LMI_20-065-049-C156_China,,,INF_HMID_LMI_20-065-049-C156_China,
INF_HMID_LMI_20-065-050-C158_FREEPORT,3,1,1,0,1,0,1,9,1,0,8,0,8,9,2020-01-01,2025-01-01,8,2020-01-01,2025-01-01,0,,,Sewer Facilities,Sewer Facilities,,Sewer Facilities,,Construction/reconstruction of water/sewer lines or systems,Construction/reconstruction of water/sewer lines or systems,,Construction/reconstruction of water/sewer lines or systems,,Freeport,Freeport,,Freeport,,INF_HMID_LMI_20-065-050-C158_Freeport,INF_HMID_LMI_20-065-050-C158_Freeport,,INF_HMID_LMI_20-065-050-C158_Freeport,
INF_HMID_LMI_20-065-054-C164_FULTON_F&D,2,1,0,0,1,0,1,15,0,0,15,0,15,15,2020-01-01,2024-10-01,15,2020-01-01,2024-10-01,0,,,Flood and Drainage Facilities,,,Flood and Drainage Facilities,,Rehabilitation/reconstruction of a public improvement,,,Rehabilitation/reconstruction of a public improvement,,Fulton,,,Fulton,,INF_HMID_LMI_20-065-054-C164_Fulton_F&D,,,INF_HMID_LMI_20-065-054-C164_Fulton_F&D,
INF_HMID_LMI_20-065-054-C164_FULTON_SI,2,1,0,0,1,0,1,9,0,0,9,0,9,9,2022-04-01,2024-10-01,9,2022-04-01,2024-10-01,0,,,Street Improvements,,,Street Improvements,,Construction/reconstruction of streets,,,Construction/reconstruction of streets,,Fulton,,,Fulton,,INF_HMID_LMI_20-065-054-C164_Fulton_SI,,,INF_HMID_LMI_20-065-054-C164_Fulton_SI,
INF_HMID_LMI_20-065-055-C165_VICTORIA,2,1,0,0,1,0,1,13,0,0,13,0,13,13,2020-01-01,2026-01-01,13,2020-01-01,2026-01-01,0,,,Flood and Drainage Facilities,,,Flood and Drainage Facilities,,Rehabilitation/reconstruction of a public improvement,,,Rehabilitation/reconstruction of a public improvement,,"Victoria, City of (INC)",,,"Victoria, City of (INC)",,INF_HMID_LMI_20-065-055-C165_Victoria,,,INF_HMID_LMI_20-065-055-C165_Victoria,
INF_HMID_LMI_20-065-057-C169_REFUGIO_F&D,3,1,1,0,1,0,1,17,1,0,15,0,15,17,2020-01-01,2024-07-01,15,2020-01-01,2024-01-01,0,,,Flood and Drainage Facilities,Flood and Drainage Facilities,,Flood and Drainage Facilities,,Rehabilitation/reconstruction of a public improvement,Rehabilitation/reconstruction of a public improvement,,Rehabilitation/reconstruction of a public improvement,,"Refugio, Town of","Refugio, Town of",,"Refugio, Town of",,INF_HMID_LMI_20-065-057-C169_Refugio_F&D,INF_HMID_LMI_20-065-057-C169_Refugio_F&D,,INF_HMID_LMI_20-065-057-C169_Refugio_F&D,
INF_HMID_LMI_20-065-057-C169_REFUGIO_SF,3,1,1,0,1,0,1,17,1,0,15,0,15,17,2020-01-01,2024-07-01,15,2020-01-01,2024-01-01,0,,,Sewer Facilities,Sewer Facilities,,Sewer Facilities,,Construction/reconstruction of water/sewer lines or systems,Construction/reconstruction of water/sewer lines or systems,,Construction/reconstruction of water/sewer lines or systems,,"Refugio, Town of","Refugio, Town of",,"Refugio, Town of",,INF_HMID_LMI_20-065-057-C169_Refugio_SF,INF_HMID_LMI_20-065-057-C169_Refugio_SF,,INF_HMID_LMI_20-065-057-C169_Refugio_SF,
INF_HMID_LMI_20-065-057-C169_REFUGIO_SI,3,1,1,0,1,0,1,17,1,0,15,0,15,17,2020-01-01,2024-07-01,15,2020-01-01,2024-01-01,0,,,Street Improvements,Street Improvements,,Street Improvements,,Construction/reconstruction of streets,Construction/reconstruction of streets,,Construction/reconstruction of streets,,"Refugio, Town of","Refugio, Town of",,"Refugio, Town of",,INF_HMID_LMI_20-065-057-C169_Refugio_SI,INF_HMID_LMI_20-065-057-C169_Refugio_SI,,INF_HMID_LMI_20-065-057-C169_Refugio_SI,
INF_HMID_LMI_20-065-057-C169_REFUGIO_WF,3,1,1,0,1,0,1,16,2,0,14,0,14,16,2020-01-01,2024-07-01,14,2020-01-01,2024-01-01,0,,,Water Facilities,Water Facilities,,Water Facilities,,Construction/reconstruction of water/sewer lines or systems,Construction/reconstruction of water/sewer lines or systems,,Construction/reconstruction of water/sewer lines or systems,,"Refugio, Town of","Refugio, Town of",,"Refugio, Town of",,INF_HMID_LMI_20-065-057-C169_Refugio_WF,INF_HMID_LMI_20-065-057-C169_Refugio_WF,,INF_HMID_LMI_20-065-057-C169_Refugio_WF,
INF_HMID_LMI_20-065-060-C175_ALVIN_PF,3,1,1,0,1,0,1,7,1,0,6,0,6,7,2020-01-01,2023-04-01,6,2020-01-01,2022-07-01,0,,,Public Facilities,Public Facilities,,Public Facilities,,Rehabilitation/reconstruction of public facilities,Rehabilitation/reconstruction of public facilities,,Rehabilitation/reconstruction of public facilities,,"Alvin, City of","Alvin, City of",,"Alvin, City of",,INF_HMID_LMI_20-065-060-C175_Alvin_PF,INF_HMID_LMI_20-065-060-C175_Alvin_PF,,INF_HMID_LMI_20-065-060-C175_Alvin_PF,
INF_HMID_LMI_20-065-060-C175_ALVIN_SF,3,1,1,0,1,0,1,14,1,0,12,0,12,14,2020-01-01,2024-04-01,12,2020-01-01,2024-04-01,0,,,Sewer Facilities,Sewer Facilities,,Sewer Facilities,,Construction/reconstruction of water/sewer lines or systems,Construction/reconstruction of water/sewer lines or systems,,Construction/reconstruction of water/sewer lines or systems,,"Alvin, City of","Alvin, City of",,"Alvin, City of",,INF_HMID_LMI_20-065-060-C175_Alvin_SF,INF_HMID_LMI_20-065-060-C175_Alvin_SF,,INF_HMID_LMI_20-065-060-C175_Alvin_SF,
INF_HMID_LMI_20-065-060-C175_ALVIN_WF,3,1,1,0,1,0,1,13,1,0,11,0,11,13,2020-01-01,2024-04-01,11,2020-01-01,2024-04-01,0,,,Water Facilities,Water Facilities,,Water Facilities,,Construction/reconstruction of water/sewer lines or systems,Construction/reconstruction of water/sewer lines or systems,,Construction/reconstruction of water/sewer lines or systems,,"Alvin, City of","Alvin, City of",,"Alvin, City of",,INF_HMID_LMI_20-065-060-C175_Alvin_WF,INF_HMID_LMI_20-065-060-C175_Alvin_WF,,INF_HMID_LMI_20-065-060-C175_Alvin_WF,
INF_HMID_LMI_20-065-061-C176_WESTCOLUMBIA,2,1,0,0,1,0,1,7,0,0,7,0,7,7,2020-01-01,2023-10-01,7,2020-01-01,2023-10-01,0,,,Sewer Facilities,,,Sewer Facilities,,Construction/reconstruction of water/sewer lines or systems,,,Construction/reconstruction of water/sewer lines or systems,,West Columbia,,,West Columbia,,INF_HMID_LMI_20-065-061-C176_WestColumbia,,,INF_HMID_LMI_20-065-061-C176_WestColumbia,
INF_HMID_LMI_20-065-062-C180_WALLERCOUNTY,2,1,0,0,1,0,1,16,0,0,15,0,15,16,2020-01-01,2025-10-01,15,2020-01-01,2025-10-01,0,,,Street Improvements,,,Street Improvements,,Construction/reconstruction of streets,,,Construction/reconstruction of streets,,Waller County,,,Waller County,,INF_HMID_LMI_20-065-062-C180_WallerCounty,,,INF_HMID_LMI_20-065-062-C180_WallerCounty,
INF_HMID_LMI_20-065-064-C182_CALHOUNCOUNTY_F&D,2,1,0,0,1,0,1,14,0,0,14,0,14,14,2020-01-01,2026-01-01,14,2020-01-01,2026-01-01,0,,,Flood and Drainage Facilities,,,Flood and Drainage Facilities,,Rehabilitation/reconstruction of a public improvement,,,Rehabilitation/reconstruction of a public improvement,,CALHOUN COUNTY,,,CALHOUN COUNTY,,INF_HMID_LMI_20-065-064-C182_CalhounCounty_F&D,,,INF_HMID_LMI_20-065-064-C182_CalhounCounty_F&D,
INF_HMID_LMI_20-065-064-C182_CALHOUNCOUNTY_PF,2,1,0,0,1,0,1,18,0,0,18,0,18,18,2020-01-01,2026-01-01,18,2020-01-01,2026-01-01,0,,,Public Facilities,,,Public Facilities,,Rehabilitation/reconstruction of public facilities,,,Rehabilitation/reconstruction of public facilities,,CALHOUN COUNTY,,,CALHOUN COUNTY,,INF_HMID_LMI_20-065-064-C182_CalhounCounty_PF,,,INF_HMID_LMI_20-065-064-C182_CalhounCounty_PF,
INF_HMID_LMI_20-065-066-C192_ROBSTOWN,2,1,0,0,1,0,1,4,0,0,3,0,3,4,2020-01-01,2023-10-01,3,2020-01-01,2023-10-01,0,,,Public Facilities,,,Public Facilities,,Rehabilitation/reconstruction of public facilities,,,Rehabilitation/reconstruction of public facilities,,"Robstown, City of",,,"Robstown, City of",,INF_HMID_LMI_20-065-066-C192_Robstown,,,INF_HMID_LMI_20-065-066-C192_Robstown,
INF_HMID_LMI_20-065-068-C194_BAYSIDE,3,1,1,0,1,0,1,11,1,0,11,0,11,11,2020-01-01,2023-04-01,11,2020-01-01,2023-04-01,0,,,Street Improvements,Street Improvements,,Street Improvements,,Construction/reconstruction of streets,Construction/reconstruction of streets,,Construction/reconstruction of streets,,Bayside,Bayside,,Bayside,,INF_HMID_LMI_20-065-068-C194_Bayside,INF_HMID_LMI_20-065-068-C194_Bayside,,INF_HMID_LMI_20-065-068-C194_Bayside,
INF_HMID_LMI_20-065-069-C195_LUMBERTON,2,1,0,0,1,0,1,15,0,0,14,0,14,15,2020-01-01,2023-10-01,14,2020-01-01,2023-10-01,0,,,Flood and Drainage Facilities,,,Flood and Drainage Facilities,,Rehabilitation/reconstruction of a public improvement,,,Rehabilitation/reconstruction of a public improvement,,Lumberton,,,Lumberton,,INF_HMID_LMI_20-065-069-C195_Lumberton,,,INF_HMID_LMI_20-065-069-C195_Lumberton,
INF_HMID_LMI_20-065-070-C196_WOODSBORO,3,1,1,0,1,0,1,13,1,0,12,0,12,13,2020-01-01,2023-07-01,12,2020-01-01,2023-07-01,0,,,Street Improvements,Street Improvements,,Street Improvements,,Construction/reconstruction of streets,Construction/reconstruction of streets,,Construction/reconstruction of streets,,"Woodsboro, City of","Woodsboro, City of",,"Woodsboro, City of",,INF_HMID_LMI_20-065-070-C196_Woodsboro,INF_HMID_LMI_20-065-070-C196_Woodsboro,,INF_HMID_LMI_20-065-070-C196_Woodsboro,
INF_HMID_LMI_20-065-071-C198_PORTLAVACA_F&D,2,1,0,0,1,0,1,16,0,0,13,0,13,16,2020-01-01,2024-10-01,13,2020-01-01,2024-10-01,0,,,Flood and Drainage Facilities,,,Flood and Drainage Facilities,,Rehabilitation/reconstruction of a public improvement,,,Rehabilitation/reconstruction of a public improvement,,Port Lavaca,,,Port Lavaca,,INF_HMID_LMI_20-065-071-C198_PortLavaca_F&D,,,INF_HMID_LMI_20-065-071-C198_PortLavaca_F&D,
INF_HMID_LMI_20-065-071-C198_PORTLAVACA_SI,2,1,0,0,1,0,1,16,0,0,13,0,13,16,2020-01-01,2024-10-01,13,2020-01-01,2024-10-01,0,,,Street Improvements,,,Street Improvements,,Construction/reconstruction of streets,,,Construction/reconstruction of streets,,Port Lavaca,,,Port Lavaca,,INF_HMID_LMI_20-065-071-C198_PortLavaca_SI,,,INF_HMID_LMI_20-065-071-C198_PortLavaca_SI,
INF_HMID_LMI_20-065-072-C199_VILLAGEOFJONESCREEK,2,1,0,0,1,0,1,9,0,0,8,0,8,9,2020-01-01,2025-07-01,8,2020-01-01,2025-07-01,0,,,Flood and Drainage Facilities,,,Flood and Drainage Facilities,,Rehabilitation/reconstruction of a public improvement,,,Rehabilitation/reconstruction of a public improvement,,"Jones Creek, Village of",,,"Jones Creek, Village of",,INF_HMID_LMI_20-065-072-C199_VillageofJonesCreek,,,INF_HMID_LMI_20-065-072-C199_VillageofJonesCreek,
INF_HMID_LMI_20-065-073-C200_KIRBYVILLE,3,1,1,0,1,0,1,10,1,0,9,0,9,10,2020-01-01,2023-07-01,9,2020-01-01,2023-07-01,0,,,Sewer Facilities,Sewer Facilities,,Sewer Facilities,,Construction/reconstruction of water/sewer lines or systems,Construction/reconstruction of water/sewer lines or systems,,Construction/reconstruction of water/sewer lines or systems,,Kirbyville,Kirbyville,,Kirbyville,,INF_HMID_LMI_20-065-073-C200_Kirbyville,INF_HMID_LMI_20-065-073-C200_Kirbyville,,INF_HMID_LMI_20-065-073-C200_Kirbyville,
INF_HMID_LMI_20-065-077-C219_MISSOURICITY,3,1,1,0,1,0,1,2,1,0,2,0,2,2,2020-04-01,2023-10-01,2,2020-04-01,2023-10-01,0,,,Flood and Drainage Facilities,Flood and Drainage Facilities,,Flood and Drainage Facilities,,Rehabilitation/reconstruction of a public improvement,Rehabilitation/reconstruction of a public improvement,,Rehabilitation/reconstruction of a public improvement,,Missouri City,Missouri City,,Missouri City,,INF_HMID_LMI_20-065-077-C219_MissouriCity,INF_HMID_LMI_20-065-077-C219_MissouriCity,,INF_HMID_LMI_20-065-077-C219_MissouriCity,
INF_HMID_LMI_20-065-078-C221_SANPATRICIOCOUNTY,2,1,0,0,1,0,1,14,0,0,14,0,14,14,2020-01-01,2025-10-01,14,2020-01-01,2025-10-01,0,,,Flood and Drainage Facilities,,,Flood and Drainage Facilities,,Rehabilitation/reconstruction of a public improvement,,,Rehabilitation/reconstruction of a public improvement,,"County of, San Patricio",,,"County of, San Patricio",,INF_HMID_LMI_20-065-078-C221_SanPatricioCounty,,,INF_HMID_LMI_20-065-078-C221_SanPatricioCounty,
INF_HMID_LMI_20-065-080-C233_RICHWOOD,2,1,0,0,1,0,1,14,0,0,12,0,12,14,2020-01-01,2025-04-01,12,2020-01-01,2025-04-01,0,,,Sewer Facilities,,,Sewer Facilities,,Construction/reconstruction of water/sewer lines or systems,,,Construction/reconstruction of water/sewer lines or systems,,"Richwood, City of",,,"Richwood, City of",,INF_HMID_LMI_20-065-080-C233_Richwood,,,INF_HMID_LMI_20-065-080-C233_Richwood,
INF_HMID_LMI_20-065-081-C234_WHARTON,2,1,0,0,1,0,1,7,0,0,6,0,6,7,2020-01-01,2022-01-01,6,2020-01-01,2022-01-01,0,,,Flood and Drainage Facilities,,,Flood and Drainage Facilities,,Rehabilitation/reconstruction of a public improvement,,,Rehabilitation/reconstruction of a public improvement,,Wharton,,,Wharton,,INF_HMID_LMI_20-065-081-C234_Wharton,,,INF_HMID_LMI_20-065-081-C234_Wharton,
INF_HMID_LMI_20-065-082-C235_PATTONVILLAGE,3,1,1,0,1,0,1,11,1,0,10,0,10,11,2020-01-01,2024-01-01,10,2020-01-01,2023-10-01,0,,,Street Improvements,Street Improvements,,Street Improvements,,Construction/reconstruction of streets,Construction/reconstruction of streets,,Construction/reconstruction of streets,,"Patton Village, City of","Patton Village, City of",,"Patton Village, City of",,INF_HMID_LMI_20-065-082-C235_PattonVillage,INF_HMID_LMI_20-065-082-C235_PattonVillage,,INF_HMID_LMI_20-065-082-C235_PattonVillage,
INF_HMID_LMI_20-065-083-C236_TEXASCITY,3,1,1,0,1,0,1,10,1,0,9,0,9,10,2020-01-01,2025-07-01,9,2020-01-01,2023-04-01,0,,,Flood and Drainage Facilities,Flood and Drainage Facilities,,Flood and Drainage Facilities,,Rehabilitation/reconstruction of a public improvement,Rehabilitation/reconstruction of a public improvement,,Rehabilitation/reconstruction of a public improvement,,Texas City,Texas City,,Texas City,,INF_HMID_LMI_20-065-083-C236_TexasCity,INF_HMID_LMI_20-065-083-C236_TexasCity,,INF_HMID_LMI_20-065-083-C236_TexasCity,
INF_HMID_LMI_20-065-084-C243_PORTNECHES_WF,2,1,0,0,1,0,1,16,0,0,15,0,15,16,2020-01-01,2025-07-01,15,2020-01-01,2025-07-01,0,,,Water Facilities,,,Water Facilities,,Construction/reconstruction of water/sewer lines or systems,,,Construction/reconstruction of water/sewer lines or systems,,Port Neches,,,Port Neches,,INF_HMID_LMI_20-065-084-C243_PortNeches_WF,,,INF_HMID_LMI_20-065-084-C243_PortNeches_WF,
INF_HMID_LMI_20-065-086-C247_INGLESIDE,2,1,0,0,1,0,1,10,0,0,9,0,9,10,2020-01-01,2024-07-01,9,2020-01-01,2024-07-01,0,,,Flood and Drainage Facilities,,,Flood and Drainage Facilities,,Rehabilitation/reconstruction of a public improvement,,,Rehabilitation/reconstruction of a public improvement,,Ingleside,,,Ingleside,,INF_HMID_LMI_20-065-086-C247_Ingleside,,,INF_HMID_LMI_20-065-086-C247_Ingleside,
INF_HMID_LMI_20-065-087-C248_TYLERCOUNTY_SF,3,1,1,0,1,0,1,8,3,0,7,0,7,8,2020-01-01,2023-04-01,7,2020-01-01,2022-07-01,0,,,Sewer Facilities,Sewer Facilities,,Sewer Facilities,,Construction/reconstruction of water/sewer lines or systems,Construction/reconstruction of water/sewer lines or systems,,Construction/reconstruction of water/sewer lines or systems,,Tyler County,Tyler County,,Tyler County,,INF_HMID_LMI_20-065-087-C248_TylerCounty_SF,INF_HMID_LMI_20-065-087-C248_TylerCounty_SF,,INF_HMID_LMI_20-065-087-C248_TylerCounty_SF,
INF_HMID_LMI_20-065-087-C248_TYLERCOUNTY_SI,2,1,0,0,1,0,1,6,0,0,5,0,5,6,2020-01-01,2023-04-01,5,2020-01-01,2022-07-01,0,,,Street Improvements,,,Street Improvements,,Construction/reconstruction of streets,,,Construction/reconstruction of streets,,Tyler County,,,Tyler County,,INF_HMID_LMI_20-065-087-C248_TylerCounty_SI,,,INF_HMID_LMI_20-065-087-C248_TylerCounty_SI,
INF_HMID_LMI_20-065-087-C248_TYLERCOUNTY_WF,2,1,0,0,1,0,1,11,0,0,11,0,11,11,2020-01-01,2023-10-01,11,2020-01-01,2023-10-01,0,,,Water Facilities,,,Water Facilities,,Construction/reconstruction of water/sewer lines or systems,,,Construction/reconstruction of water/sewer lines or systems,,Tyler County,,,Tyler County,,INF_HMID_LMI_20-065-087-C248_TylerCounty_WF,,,INF_HMID_LMI_20-065-087-C248_TylerCounty_WF,
INF_HMID_LMI_20-065-088-C249_SOURLAKE_SF,2,1,0,0,1,0,1,12,0,0,12,0,12,12,2020-01-01,2025-04-01,12,2020-01-01,2025-04-01,0,,,Sewer Facilities,,,Sewer Facilities,,Construction/reconstruction of water/sewer lines or systems,,,Construction/reconstruction of water/sewer lines or systems,,Sour Lake,,,Sour Lake,,INF_HMID_LMI_20-065-088-C249_SourLake_SF,,,INF_HMID_LMI_20-065-088-C249_SourLake_SF,
INF_HMID_LMI_20-065-090-C252_ROCKPORT,2,1,0,0,1,0,1,20,0,0,19,0,19,20,2020-01-01,2025-10-01,19,2020-01-01,2025-10-01,0,,,Flood and Drainage Facilities,,,Flood and Drainage Facilities,,Rehabilitation/reconstruction of a public improvement,,,Rehabilitation/reconstruction of a public improvement,,Rockport,,,Rockport,,INF_HMID_LMI_20-065-090-C252_Rockport,,,INF_HMID_LMI_20-065-090-C252_Rockport,
INF_HMID_LMI_20-065-091-C254_NUECESCOUNTY_PF,2,1,0,0,1,0,1,3,0,0,2,0,2,3,2020-01-01,2023-04-01,2,2020-01-01,2021-10-01,0,,,Public Facilities,,,Public Facilities,,Rehabilitation/reconstruction of public facilities,,,Rehabilitation/reconstruction of public facilities,,Nueces County,,,Nueces County,,INF_HMID_LMI_20-065-091-C254_NuecesCounty_PF,,,INF_HMID_LMI_20-065-091-C254_NuecesCounty_PF,
INF_HMID_LMI_20-065-091-C254_NUECESCOUNTY_SI,2,1,0,0,1,0,1,8,0,0,8,0,8,8,2020-01-01,2025-04-01,8,2020-01-01,2025-04-01,0,,,Street Improvements,,,Street Improvements,,Construction/reconstruction of streets,,,Construction/reconstruction of streets,,Nueces County,,,Nueces County,,INF_HMID_LMI_20-065-091-C254_NuecesCounty_SI,,,INF_HMID_LMI_20-065-091-C254_NuecesCounty_SI,
INF_HMID_LMI_20-065-092-C257_FORTBENDCOUNTY_F&D,2,1,0,0,1,0,1,13,0,0,13,0,13,13,2020-04-01,2026-01-01,13,2020-04-01,2026-01-01,0,,,Flood and Drainage Facilities,,,Flood and Drainage Facilities,,Rehabilitation/reconstruction of a public improvement,,,Rehabilitation/reconstruction of a public improvement,,Fort Bend County,,,Fort Bend County,,INF_HMID_LMI_20-065-092-C257_FortBendCounty_F&D,,,INF_HMID_LMI_20-065-092-C257_FortBendCounty_F&D,
INF_HMID_LMI_20-065-093-C261_SANJACINTOCOUNTY,3,1,1,0,1,0,1,16,1,0,15,0,15,16,2020-01-01,2024-07-01,15,2020-01-01,2024-07-01,0,,,Street Improvements,Street Improvements,,Street Improvements,,Construction/reconstruction of streets,Construction/reconstruction of streets,,Construction/reconstruction of streets,,San Jacinto County,San Jacinto County,,San Jacinto County,,INF_HMID_LMI_20-065-093-C261_SanJacintoCounty,INF_HMID_LMI_20-065-093-C261_SanJacintoCounty,,INF_HMID_LMI_20-065-093-C261_SanJacintoCounty,
INF_HMID_LMI_20-065-094-C262_VICTORIACOUNTY_F&D,3,1,1,0,1,0,1,13,1,0,13,0,13,13,2020-01-01,2024-10-01,13,2020-01-01,2024-10-01,0,,,Flood and Drainage Facilities,Flood and Drainage Facilities,,Flood and Drainage Facilities,,Rehabilitation/reconstruction of a public improvement,Rehabilitation/reconstruction of a public improvement,,Rehabilitation/reconstruction of a public improvement,,Victoria County,Victoria County,,Victoria County,,INF_HMID_LMI_20-065-094-C262_VictoriaCounty_F&D,INF_HMID_LMI_20-065-094-C262_VictoriaCounty_F&D,,INF_HMID_LMI_20-065-094-C262_VictoriaCounty_F&D,
INF_HMID_LMI_20-065-094-C262_VICTORIACOUNTY_SI,2,1,0,0,1,0,1,12,0,0,12,0,12,12,2020-01-01,2024-10-01,12,2020-01-01,2024-10-01,0,,,Street Improvements,,,Street Improvements,,Construction/reconstruction of streets,,,Construction/reconstruction of streets,,Victoria County,,,Victoria County,,INF_HMID_LMI_20-065-094-C262_VictoriaCounty_SI,,,INF_HMID_LMI_20-065-094-C262_VictoriaCounty_SI,
INF_HMID_LMI_20-065-095-C264_LIBERTYCOUNTY,3,1,1,0,1,0,1,16,1,0,14,0,14,16,2020-01-01,2025-01-01,14,2020-01-01,2025-01-01,0,,,Street Improvements,Street Improvements,,Street Improvements,,Construction/reconstruction of streets,Construction/reconstruction of streets,,Construction/reconstruction of streets,,"Liberty, County of","Liberty, County of",,"Liberty, County of",,INF_HMID_LMI_20-065-095-C264_LibertyCounty,INF_HMID_LMI_20-065-095-C264_LibertyCounty,,INF_HMID_LMI_20-065-095-C264_LibertyCounty,
INF_HMID_LMI_20-065-097-C269_TAFT,2,1,0,0,1,0,1,8,0,0,8,0,8,8,2020-04-01,2023-01-01,8,2020-04-01,2023-01-01,0,,,Street Improvements,,,Street Improvements,,Construction/reconstruction of streets,,,Construction/reconstruction of streets,,"TAFT, CITY OF",,,"TAFT, CITY OF",,INF_HMID_LMI_20-065-097-C269_Taft,,,INF_HMID_LMI_20-065-097-C269_Taft,
INF_HMID_LMI_20-065-098-C270_ARANSASCOUNTY_F&D,2,1,0,0,1,0,1,21,0,0,21,0,21,21,2020-04-01,2025-10-01,21,2020-04-01,2025-10-01,0,,,Flood and Drainage,,,Flood and Drainage,,Rehabilitation/reconstruction of a public improvement,,,Rehabilitation/reconstruction of a public improvement,,"Aransas, County Of",,,"Aransas, County Of",,INF_HMID_LMI_20-065-098-C270_AransasCounty_F&D,,,INF_HMID_LMI_20-065-098-C270_AransasCounty_F&D,
INF_HMID_LMI_20-065-098-C270_ARANSASCOUNTY_SI,2,1,0,0,1,0,1,22,0,0,22,0,22,22,2020-04-01,2025-10-01,22,2020-04-01,2025-10-01,0,,,Street Improvements,,,Street Improvements,,Construction/reconstruction of streets,,,Construction/reconstruction of streets,,"Aransas, County Of",,,"Aransas, County Of",,INF_HMID_LMI_20-065-098-C270_AransasCounty_SI,,,INF_HMID_LMI_20-065-098-C270_AransasCounty_SI,
INF_HMID_LMI_20-065-101-C274_NEWTONCOUNTY,2,1,0,0,1,0,1,11,0,0,10,0,10,11,2020-01-01,2025-07-01,10,2020-01-01,2025-07-01,0,,,Street Improvements,,,Street Improvements,,Construction/reconstruction of streets,,,Construction/reconstruction of streets,,Newton County,,,Newton County,,INF_HMID_LMI_20-065-101-C274_NewtonCounty,,,INF_HMID_LMI_20-065-101-C274_NewtonCounty,
INF_HMID_LMI_20-065-102-C275_SILSBEE,2,1,0,0,1,0,1,13,0,0,13,0,13,13,2020-04-01,2024-07-01,13,2020-04-01,2024-07-01,0,,,Flood and Drainage Facilities,,,Flood and Drainage Facilities,,Rehabilitation/reconstruction of a public improvement,,,Rehabilitation/reconstruction of a public improvement,,Silsbee,,,Silsbee,,INF_HMID_LMI_20-065-102-C275_Silsbee,,,INF_HMID_LMI_20-065-102-C275_Silsbee,
INF_HMID_LMI_20-065-102-C275_SILSBEE_SI,2,1,0,0,1,0,1,3,0,0,3,0,3,3,2023-07-01,2025-04-01,3,2023-07-01,2025-04-01,0,,,Street Improvements,,,Street Improvements,,Construction/reconstruction of streets,,,Construction/reconstruction of streets,,Silsbee,,,Silsbee,,INF_HMID_LMI_20-065-102-C275_Silsbee_SI,,,INF_HMID_LMI_20-065-102-C275_Silsbee_SI,
INF_HMID_LMI_20-065-105-C287_LAMARQUE,2,1,0,0,1,0,1,9,0,0,9,0,9,9,2020-04-01,2025-04-01,9,2020-04-01,2025-04-01,0,,,Flood and Drainage Facilities,,,Flood and Drainage Facilities,,Rehabilitation/reconstruction of a public improvement,,,Rehabilitation/reconstruction of a public improvement,,"La Marque, City of",,,"La Marque, City of",,INF_HMID_LMI_20-065-105-C287_LaMarque,,,INF_HMID_LMI_20-065-105-C287_LaMarque,
INF_HMID_LMI_20-065-106-C288_PEARLAND,2,1,0,0,1,0,1,3,0,0,3,0,3,3,2020-04-01,2026-01-01,3,2020-04-01,2026-01-01,0,,,Flood and Drainage Facilities,,,Flood and Drainage Facilities,,Rehabilitation/reconstruction of a public improvement,,,Rehabilitation/reconstruction of a public improvement,,"PEARLAND, CITY OF",,,"PEARLAND, CITY OF",,INF_HMID_LMI_20-065-106-C288_Pearland,,,INF_HMID_LMI_20-065-106-C288_Pearland,
INF_HMID_LMI_20-065-107-C294_WHARTONCOUNTY_F&D,2,1,0,0,1,0,1,15,0,0,14,0,14,15,2020-04-01,2025-10-01,14,2020-04-01,2025-10-01,0,,,Flood and Drainage Facilities,,,Flood and Drainage Facilities,,Rehabilitation/reconstruction of a public improvement,,,Rehabilitation/reconstruction of a public improvement,,"Wharton, County of",,,"Wharton, County of",,INF_HMID_LMI_20-065-107-C294_WhartonCounty_F&D,,,INF_HMID_LMI_20-065-107-C294_WhartonCounty_F&D,
INF_HMID_LMI_20-065-107-C294_WHARTONCOUNTY_SF,3,1,1,0,1,0,1,11,1,0,9,0,9,11,2020-04-01,2025-04-01,9,2020-04-01,2025-04-01,0,,,Sewer Facilities,Sewer Facilities,,Sewer Facilities,,Construction/reconstruction of water/sewer lines or systems,Construction/reconstruction of water/sewer lines or systems,,Construction/reconstruction of water/sewer lines or systems,,"Wharton, County of","Wharton, County of",,"Wharton, County of",,INF_HMID_LMI_20-065-107-C294_WhartonCounty_SF,INF_HMID_LMI_20-065-107-C294_WhartonCounty_SF,,INF_HMID_LMI_20-065-107-C294_WhartonCounty_SF,
INF_HMID_LMI_20-065-109-C303_ARANSASPASS_F&D,2,1,0,0,1,0,1,17,0,0,17,0,17,17,2020-04-01,2025-10-01,17,2020-04-01,2025-10-01,0,,,Flood and Drainage Facilities,,,Flood and Drainage Facilities,,Rehabilitation/reconstruction of a public improvement,,,Rehabilitation/reconstruction of a public improvement,,Aransas Pass,,,Aransas Pass,,INF_HMID_LMI_20-065-109-C303_AransasPass_F&D,,,INF_HMID_LMI_20-065-109-C303_AransasPass_F&D,
INF_HMID_LMI_20-065-109-C303_ARANSASPASS_SF,2,1,0,0,1,0,1,10,0,0,9,0,9,10,2020-04-01,2025-04-01,9,2020-04-01,2025-04-01,0,,,Sewer Facilities,,,Sewer Facilities,,Construction/reconstruction of water/sewer lines or systems,,,Construction/reconstruction of water/sewer lines or systems,,Aransas Pass,,,Aransas Pass,,INF_HMID_LMI_20-065-109-C303_AransasPass_SF,,,INF_HMID_LMI_20-065-109-C303_AransasPass_SF,
INF_HMID_LMI_20-065-110-C306_REFUGIOCOUNTY_F&D,2,1,0,0,1,0,1,11,0,0,11,0,11,11,2020-04-01,2025-04-01,11,2020-04-01,2025-04-01,0,,,Flood and Drainage Facilities,,,Flood and Drainage Facilities,,Rehabilitation/reconstruction of a public improvement,,,Rehabilitation/reconstruction of a public improvement,,Refugio County,,,Refugio County,,INF_HMID_LMI_20-065-110-C306_RefugioCounty_F&D,,,INF_HMID_LMI_20-065-110-C306_RefugioCounty_F&D,
INF_HMID_LMI_20-065-110-C306_REFUGIOCOUNTY_PF,2,1,0,0,1,0,1,16,0,0,16,0,16,16,2020-04-01,2026-01-01,16,2020-04-01,2026-01-01,0,,,Public Facilities,,,Public Facilities,,Rehabilitation/reconstruction of public facilities,,,Rehabilitation/reconstruction of public facilities,,Refugio County,,,Refugio County,,INF_HMID_LMI_20-065-110-C306_RefugioCounty_PF,,,INF_HMID_LMI_20-065-110-C306_RefugioCounty_PF,
INF_HMID_LMI_20-065-110-C306_REFUGIOCOUNTY_SF,2,1,0,0,1,0,1,14,0,0,14,0,14,14,2020-04-01,2025-04-01,14,2020-04-01,2025-04-01,0,,,Sewer Facilities,,,Sewer Facilities,,Construction/reconstruction of water/sewer lines or systems,,,Construction/reconstruction of water/sewer lines or systems,,Refugio County,,,Refugio County,,INF_HMID_LMI_20-065-110-C306_RefugioCounty_SF,,,INF_HMID_LMI_20-065-110-C306_RefugioCounty_SF,
INF_HMID_LMI_20-065-110-C306_REFUGIOCOUNTY_SI,2,1,0,0,1,0,1,16,0,0,16,0,16,16,2020-04-01,2025-10-01,16,2020-04-01,2025-10-01,0,,,Street Improvements,,,Street Improvements,,Construction/reconstruction of streets,,,Construction/reconstruction of streets,,Refugio County,,,Refugio County,,INF_HMID_LMI_20-065-110-C306_RefugioCounty_SI,,,INF_HMID_LMI_20-065-110-C306_RefugioCounty_SI,
INF_HMID_LMI_20-065-110-C306_REFUGIOCOUNTY_WF,2,1,0,0,1,0,1,12,0,0,12,0,12,12,2020-04-01,2025-04-01,12,2020-04-01,2025-04-01,0,,,Water Facilities,,,Water Facilities,,Construction/reconstruction of water/sewer lines or systems,,,Construction/reconstruction of water/sewer lines or systems,,Refugio County,,,Refugio County,,INF_HMID_LMI_20-065-110-C306_RefugioCounty_WF,,,INF_HMID_LMI_20-065-110-C306_RefugioCounty_WF,
INF_HMID_LMI_20-065-113-C310_BAYTOWN,2,1,0,0,1,0,1,7,0,0,6,0,6,7,2020-04-01,2025-10-01,6,2020-04-01,2025-10-01,0,,,Flood and Drainage Facilities,,,Flood and Drainage Facilities,,Rehabilitation/reconstruction of a public improvement,,,Rehabilitation/reconstruction of a public improvement,,City of Baytown,,,City of Baytown,,INF_HMID_LMI_20-065-113-C310_Baytown,,,INF_HMID_LMI_20-065-113-C310_Baytown,
INF_HMID_LMI_20-065-114-C313_GREGORY,2,1,0,0,1,0,1,7,0,0,6,0,6,7,2020-04-01,2023-07-01,6,2020-04-01,2023-07-01,0,,,Sewer Facilities,,,Sewer Facilities,,Construction/reconstruction of water/sewer lines or systems,,,Construction/reconstruction of water/sewer lines or systems,,"GREGORY, CITY OF",,,"GREGORY, CITY OF",,INF_HMID_LMI_20-065-114-C313_Gregory,,,INF_HMID_LMI_20-065-114-C313_Gregory,
INF_HMID_LMI_20-065-117-C378_PLUMGROVE,3,1,1,0,1,0,1,7,1,0,5,0,5,7,2020-07-01,2024-07-01,5,2020-07-01,2023-10-01,0,,,Street Improvements,Street Improvements,,Street Improvements,,Construction/reconstruction of streets,Construction/reconstruction of streets,,Construction/reconstruction of streets,,City of Plum Grove,City of Plum Grove,,City of Plum Grove,,INF_HMID_LMI_20-065-117-C378_PlumGrove,INF_HMID_LMI_20-065-117-C378_PlumGrove,,INF_HMID_LMI_20-065-117-C378_PlumGrove,
INF_HMID_LMI_20-065-118-C388_BRAZORIACOUNTY,2,1,0,0,1,0,1,16,0,0,15,0,15,16,2020-04-01,2025-10-01,15,2020-04-01,2025-10-01,0,,,Flood and Drainage Facilities,,,Flood and Drainage Facilities,,Rehabilitation/reconstruction of a public improvement,,,Rehabilitation/reconstruction of a public improvement,,Brazoria County,,,Brazoria County,,INF_HMID_LMI_20-065-118-C388_BrazoriaCounty,,,INF_HMID_LMI_20-065-118-C388_BrazoriaCounty,
INF_HMID_LMI_20-065-118-C388_BRAZORIACOUNTY_SF,2,1,0,0,1,0,1,1,0,0,1,0,1,1,2025-07-01,2025-07-01,1,2025-07-01,2025-07-01,0,,,Sewer Facilities and Improvements,,,Sewer Facilities and Improvements,,Construction/reconstruction of water/sewer lines or systems,,,Construction/reconstruction of water/sewer lines or systems,,Brazoria County,,,Brazoria County,,INF_HMID_LMI_20-065-118-C388_BrazoriaCounty_SF,,,INF_HMID_LMI_20-065-118-C388_BrazoriaCounty_SF,
INF_HMID_LMI_20-065-118-C388_BRAZORIACOUNTY_SI,2,1,0,0,1,0,1,1,0,0,1,0,1,1,2025-07-01,2025-07-01,1,2025-07-01,2025-07-01,0,,,Street Improvements,,,Street Improvements,,Construction/reconstruction of streets,,,Construction/reconstruction of streets,,Brazoria County,,,Brazoria County,,INF_HMID_LMI_20-065-118-C388_BrazoriaCounty_SI,,,INF_HMID_LMI_20-065-118-C388_BrazoriaCounty_SI,
INF_HMID_LMI_20-065-118-C388_BRAZORIACOUNTY_WF,2,1,0,0,1,0,1,1,0,0,1,0,1,1,2025-07-01,2025-07-01,1,2025-07-01,2025-07-01,0,,,Water Facilities and Improvements,,,Water Facilities and Improvements,,Construction/reconstruction of water/sewer lines or systems,,,Construction/reconstruction of water/sewer lines or systems,,Brazoria County,,,Brazoria County,,INF_HMID_LMI_20-065-118-C388_BrazoriaCounty_WF,,,INF_HMID_LMI_20-065-118-C388_BrazoriaCounty_WF,
INF_HMID_LMI_20-065-119-C390_WESTORANGE_F&D,2,1,0,0,1,0,1,14,0,0,14,0,14,14,2020-04-01,2023-10-01,14,2020-04-01,2023-10-01,0,,,Flood and Drainage Facilities,,,Flood and Drainage Facilities,,Rehabilitation/reconstruction of a public improvement,,,Rehabilitation/reconstruction of a public improvement,,CITY OF WEST ORANGE,,,CITY OF WEST ORANGE,,INF_HMID_LMI_20-065-119-C390_WestOrange_F&D,,,INF_HMID_LMI_20-065-119-C390_WestOrange_F&D,
INF_HMID_LMI_20-065-119-C390_WESTORANGE_PF,2,1,0,0,1,0,1,12,0,0,10,0,10,12,2020-04-01,2023-10-01,10,2020-04-01,2023-10-01,0,,,Public Facilities,,,Public Facilities,,Rehabilitation/reconstruction of public facilities,,,Rehabilitation/reconstruction of public facilities,,CITY OF WEST ORANGE,,,CITY OF WEST ORANGE,,INF_HMID_LMI_20-065-119-C390_WestOrange_PF,,,INF_HMID_LMI_20-065-119-C390_WestOrange_PF,
INF_HMID_LMI_20-065-119-C390_WESTORANGE_SF,2,1,0,0,1,0,1,10,0,0,9,0,9,10,2020-04-01,2024-10-01,9,2020-04-01,2024-10-01,0,,,Sewer Facilities,,,Sewer Facilities,,Construction/reconstruction of water/sewer lines or systems,,,Construction/reconstruction of water/sewer lines or systems,,CITY OF WEST ORANGE,,,CITY OF WEST ORANGE,,INF_HMID_LMI_20-065-119-C390_WestOrange_SF,,,INF_HMID_LMI_20-065-119-C390_WestOrange_SF,
INF_HMID_LMI_20-065-119-C390_WESTORANGE_SI,2,1,0,0,1,0,1,14,0,0,14,0,14,14,2020-04-01,2023-10-01,14,2020-04-01,2023-10-01,0,,,Street Improvements,,,Street Improvements,,Construction/reconstruction of streets,,,Construction/reconstruction of streets,,CITY OF WEST ORANGE,,,CITY OF WEST ORANGE,,INF_HMID_LMI_20-065-119-C390_WestOrange_SI,,,INF_HMID_LMI_20-065-119-C390_WestOrange_SI,
INF_HMID_LMI_20-065-120-C407_VIDOR_F&D,2,1,0,0,1,0,1,18,0,0,18,0,18,18,2020-04-01,2025-10-01,18,2020-04-01,2025-10-01,0,,,Flood and Drainage Facilities,,,Flood and Drainage Facilities,,Rehabilitation/reconstruction of a public improvement,,,Rehabilitation/reconstruction of a public improvement,,Vidor,,,Vidor,,INF_HMID_LMI_20-065-120-C407_Vidor_F&D,,,INF_HMID_LMI_20-065-120-C407_Vidor_F&D,
INF_HMID_LMI_20-065-120-C407_VIDOR_SI,2,1,0,0,1,0,1,18,0,0,18,0,18,18,2020-04-01,2025-10-01,18,2020-04-01,2025-10-01,0,,,Street Improvements,,,Street Improvements,,Construction/reconstruction of streets,,,Construction/reconstruction of streets,,Vidor,,,Vidor,,INF_HMID_LMI_20-065-120-C407_Vidor_SI,,,INF_HMID_LMI_20-065-120-C407_Vidor_SI,
INF_HMID_LMI_20-065-121-C408_JEFFERSONCOUNTY_F&D,2,1,0,0,1,0,1,15,0,0,14,0,14,15,2020-04-01,2026-01-01,14,2020-04-01,2026-01-01,0,,,Flood and Drainage Facilities,,,Flood and Drainage Facilities,,Rehabilitation/reconstruction of a public improvement,,,Rehabilitation/reconstruction of a public improvement,,Jefferson County,,,Jefferson County,,INF_HMID_LMI_20-065-121-C408_JeffersonCounty_F&D,,,INF_HMID_LMI_20-065-121-C408_JeffersonCounty_F&D,
INF_HMID_LMI_20-065-123-C430_MATAGORDACOUNTY_SI,2,1,0,0,1,0,1,13,0,0,13,0,13,13,2020-04-01,2025-07-01,13,2020-04-01,2025-07-01,0,,,Street Improvements,,,Street Improvements,,Construction/reconstruction of streets,,,Construction/reconstruction of streets,,"Matagorda, County of",,,"Matagorda, County of",,INF_HMID_LMI_20-065-123-C430_MatagordaCounty_SI,,,INF_HMID_LMI_20-065-123-C430_MatagordaCounty_SI,
INF_HMID_LMI_20-065-127-C438_DANBURY,3,1,1,0,1,0,1,12,1,0,11,0,11,12,2020-07-01,2025-07-01,11,2020-07-01,2024-01-01,0,,,Sewer Facilities,Sewer Facilities,,Sewer Facilities,,Construction/reconstruction of water/sewer lines or systems,Construction/reconstruction of water/sewer lines or systems,,Construction/reconstruction of water/sewer lines or systems,,"DANBURY, CITY OF","DANBURY, CITY OF",,"DANBURY, CITY OF",,INF_HMID_LMI_20-065-127-C438_Danbury,INF_HMID_LMI_20-065-127-C438_Danbury,,INF_HMID_LMI_20-065-127-C438_Danbury,
INF_HMID_LMI_20-065-135-C481_MONTBELVIEU,3,1,1,0,1,0,1,4,1,0,3,0,3,4,2020-04-01,2023-07-01,3,2020-04-01,2023-04-01,0,,,Sewer Facilities,Sewer Facilities,,Sewer Facilities,,Construction/reconstruction of water/sewer lines or systems,Construction/reconstruction of water/sewer lines or systems,,Construction/reconstruction of water/sewer lines or systems,,"MONT BELVIEU, CITY OF","MONT BELVIEU, CITY OF",,"MONT BELVIEU, CITY OF",,INF_HMID_LMI_20-065-135-C481_MontBelvieu,INF_HMID_LMI_20-065-135-C481_MontBelvieu,,INF_HMID_LMI_20-065-135-C481_MontBelvieu,
INF_HMID_LMI_20-065-136-C491_MONTGOMERYCOUNTY_F&D,2,1,0,0,1,0,1,7,0,0,6,0,6,7,2020-07-01,2025-10-01,6,2020-07-01,2025-10-01,0,,,Flood and Drainage,,,Flood and Drainage,,Rehabilitation/reconstruction of a public improvement,,,Rehabilitation/reconstruction of a public improvement,,Montgomery County,,,Montgomery County,,INF_HMID_LMI_20-065-136-C491_MontgomeryCounty_F&D,,,INF_HMID_LMI_20-065-136-C491_MontgomeryCounty_F&D,
INF_HMID_LMI_20-065-140-C594_ORANGE_F&D,2,1,0,0,1,0,1,15,0,0,15,0,15,15,2020-07-01,2026-01-01,15,2020-07-01,2026-01-01,0,,,Flood and Drainage,,,Flood and Drainage,,Rehabilitation/reconstruction of a public improvement,,,Rehabilitation/reconstruction of a public improvement,,Orange,,,Orange,,INF_HMID_LMI_20-065-140-C594_Orange_F&D,,,INF_HMID_LMI_20-065-140-C594_Orange_F&D,
INF_HMID_LMI_20-065-140-C594_ORANGE_PF,2,1,0,0,1,0,1,7,0,0,7,0,7,7,2020-07-01,2026-01-01,7,2020-07-01,2026-01-01,0,,,Public Facilities,,,Public Facilities,,Rehabilitation/reconstruction of public facilities,,,Rehabilitation/reconstruction of public facilities,,Orange,,,Orange,,INF_HMID_LMI_20-065-140-C594_Orange_PF,,,INF_HMID_LMI_20-065-140-C594_Orange_PF,
INF_HMID_LMI_20-065-142-C782_PORTARTHUR_F&D,3,1,1,0,1,0,1,12,2,0,10,0,10,12,2021-01-01,2026-01-01,10,2021-01-01,2026-01-01,0,,,Flood and Drainage,Flood and Drainage,,Flood and Drainage,,Rehabilitation/reconstruction of a public improvement,Rehabilitation/reconstruction of a public improvement,,Rehabilitation/reconstruction of a public improvement,,Port Arthur,Port Arthur,,Port Arthur,,INF_HMID_LMI_20-065-142-C782_PortArthur_F&D,INF_HMID_LMI_20-065-142-C782_PortArthur_F&D,,INF_HMID_LMI_20-065-142-C782_PortArthur_F&D,
INF_HMID_LMI_20-065-144-C843_BEAUMONT_WF,2,1,0,0,1,0,1,9,0,0,8,0,8,9,2021-01-01,2026-01-01,8,2021-01-01,2026-01-01,0,,,Water Facilities,,,Water Facilities,,Construction/reconstruction of water/sewer lines or systems,,,Construction/reconstruction of water/sewer lines or systems,,Beaumont,,,Beaumont,,INF_HMID_LMI_20-065-144-C843_Beaumont_WF,,,INF_HMID_LMI_20-065-144-C843_Beaumont_WF,
INF_HMID_LMI_20-065-145-C857_HARDINCOUNTY_F&D,3,1,1,0,1,0,1,8,1,0,7,0,7,8,2021-01-01,2025-01-01,7,2021-01-01,2025-01-01,0,,,Flood and Drainage,Flood and Drainage,,Flood and Drainage,,Rehabilitation/reconstruction of a public improvement,Rehabilitation/reconstruction of a public improvement,,Rehabilitation/reconstruction of a public improvement,,"Hardin, County of","Hardin, County of",,"Hardin, County of",,INF_HMID_LMI_20-065-145-C857_HardinCounty_F&D,INF_HMID_LMI_20-065-145-C857_HardinCounty_F&D,,INF_HMID_LMI_20-065-145-C857_HardinCounty_F&D,
INF_HMID_LMI_20-065-145-C857_HARDINCOUNTY_PF,3,1,1,0,1,0,1,12,1,0,11,0,11,12,2021-01-01,2025-01-01,11,2021-01-01,2025-01-01,0,,,Public Facilities,Public Facilities,,Public Facilities,,Rehabilitation/reconstruction of public facilities,Rehabilitation/reconstruction of public facilities,,Rehabilitation/reconstruction of public facilities,,"Hardin, County of","Hardin, County of",,"Hardin, County of",,INF_HMID_LMI_20-065-145-C857_HardinCounty_PF,INF_HMID_LMI_20-065-145-C857_HardinCounty_PF,,INF_HMID_LMI_20-065-145-C857_HardinCounty_PF,
INF_HMID_LMI_20-065-145-C857_HARDINCOUNTY_SI,3,1,1,0,1,0,1,17,1,0,17,0,17,17,2021-01-01,2025-10-01,17,2021-01-01,2025-10-01,0,,,Street Improvements,Street Improvements,,Street Improvements,,Construction/reconstruction of streets,Construction/reconstruction of streets,,Construction/reconstruction of streets,,"Hardin, County of","Hardin, County of",,"Hardin, County of",,INF_HMID_LMI_20-065-145-C857_HardinCounty_SI,INF_HMID_LMI_20-065-145-C857_HardinCounty_SI,,INF_HMID_LMI_20-065-145-C857_HardinCounty_SI,
INF_HMID_LMI_20-065-146-C865_ROSECITY_F&D,3,1,1,0,1,0,1,15,2,0,15,0,15,15,2021-01-01,2025-10-01,15,2021-01-01,2025-10-01,0,,,Flood and Drainage,Flood and Drainage,,Flood and Drainage,,Rehabilitation/reconstruction of a public improvement,Rehabilitation/reconstruction of a public improvement,,Rehabilitation/reconstruction of a public improvement,,Rose City,Rose City,,Rose City,,INF_HMID_LMI_20-065-146-C865_RoseCity_F&D,INF_HMID_LMI_20-065-146-C865_RoseCity_F&D,,INF_HMID_LMI_20-065-146-C865_RoseCity_F&D,
INF_HMID_LMI_20-065-152-C921_KOUNTZE_SF,3,1,1,0,1,0,1,16,5,0,14,0,14,16,2021-01-01,2025-10-01,14,2021-01-01,2025-10-01,0,,,Sewer Facilities,Sewer Facilities,,Sewer Facilities,,Construction/reconstruction of water/sewer lines or systems,Construction/reconstruction of water/sewer lines or systems,,Construction/reconstruction of water/sewer lines or systems,,Kountze,Kountze,,Kountze,,INF_HMID_LMI_20-065-152-C921_Kountze_SF,INF_HMID_LMI_20-065-152-C921_Kountze_SF,,INF_HMID_LMI_20-065-152-C921_Kountze_SF,
INF_HMID_LMI_20-065-152-C921_KOUNTZE_SI,3,1,1,0,1,0,1,14,4,0,12,0,12,14,2021-01-01,2025-07-01,12,2021-01-01,2025-04-01,0,,,Street Improvements,Street Improvements,,Street Improvements,,Construction/reconstruction of streets,Construction/reconstruction of streets,,Construction/reconstruction of streets,,Kountze,Kountze,,Kountze,,INF_HMID_LMI_20-065-152-C921_Kountze_SI,INF_HMID_LMI_20-065-152-C921_Kountze_SI,,INF_HMID_LMI_20-065-152-C921_Kountze_SI,
INF_HMID_LMI_GRANTEESUPPORT[H5B]_ACQ,2,1,0,0,1,0,1,7,0,0,7,0,7,7,2024-04-01,2025-10-01,7,2024-04-01,2025-10-01,0,,,Infrastructure Grantee Support for Subrecipient HMID LMI Acquisition - General Activities,,,Infrastructure Grantee Support for Subrecipient HMID LMI Acquisition - General Activities,,Acquisition - general,,,Acquisition - general,,Texas General Land Office,,,Texas General Land Office,,INF_HMID_LMI_GranteeSupport[H5b]_ACQ,,,INF_HMID_LMI_GranteeSupport[H5b]_ACQ,
INF_HMID_LMI_GRANTEESUPPORT[H5B]_F&D,2,1,0,0,1,0,1,8,0,0,8,0,8,8,2024-04-01,2026-01-01,8,2024-04-01,2026-01-01,0,,,Infrastructure Grantee Support for Subrecipient HMID LMI Reconstruction of a Public Improvement,,,Infrastructure Grantee Support for Subrecipient HMID LMI Reconstruction of a Public Improvement,,Rehabilitation/reconstruction of a public improvement,,,Rehabilitation/reconstruction of a public improvement,,Texas General Land Office,,,Texas General Land Office,,INF_HMID_LMI_GranteeSupport[H5b]_F&D,,,INF_HMID_LMI_GranteeSupport[H5b]_F&D,
INF_HMID_LMI_GRANTEESUPPORT[H5B]_HI,2,1,0,0,1,0,1,6,0,0,6,0,6,6,2024-04-01,2025-07-01,6,2024-04-01,2025-07-01,0,,,Infrastructure Grantee Support for Subrecipient HMID LMI Housing Incentives Activities,,,Infrastructure Grantee Support for Subrecipient HMID LMI Housing Incentives Activities,,Housing incentives to encourage resettlement,,,Housing incentives to encourage resettlement,,Texas General Land Office,,,Texas General Land Office,,INF_HMID_LMI_GranteeSupport[H5b]_HI,,,INF_HMID_LMI_GranteeSupport[H5b]_HI,
INF_HMID_LMI_GRANTEESUPPORT[H5B]_PF,2,1,0,0,1,0,1,9,0,0,8,0,8,9,2023-07-01,2026-01-01,8,2024-04-01,2026-01-01,0,,,Infrastructure Grantee Support for Subrecipient HMID LMI Public Facilities Activities,,,Infrastructure Grantee Support for Subrecipient HMID LMI Public Facilities Activities,,Rehabilitation/reconstruction of public facilities,,,Rehabilitation/reconstruction of public facilities,,Texas General Land Office,,,Texas General Land Office,,INF_HMID_LMI_GranteeSupport[H5b]_PF,,,INF_HMID_LMI_GranteeSupport[H5b]_PF,
INF_HMID_LMI_GRANTEESUPPORT[H5B]_SI,2,1,0,0,1,0,1,8,0,0,8,0,8,8,2024-04-01,2026-01-01,8,2024-04-01,2026-01-01,0,,,Infrastructure Grantee Support for Subrecipient HMID LMI Street Improvement Activities,,,Infrastructure Grantee Support for Subrecipient HMID LMI Street Improvement Activities,,Construction/reconstruction of streets,,,Construction/reconstruction of streets,,Texas General Land Office,,,Texas General Land Office,,INF_HMID_LMI_GranteeSupport[H5b]_SI,,,INF_HMID_LMI_GranteeSupport[H5b]_SI,
INF_HMID_LMI_GRANTEESUPPORT[H5B]_WSF,2,1,0,0,1,0,1,8,0,0,8,0,8,8,2024-04-01,2026-01-01,8,2024-04-01,2026-01-01,0,,,Infrastructure Grantee Support for Subrecipient HMID LMI Water or Sewer lines or systems Activities,,,Infrastructure Grantee Support for Subrecipient HMID LMI Water or Sewer lines or systems Activities,,Construction/reconstruction of water/sewer lines or systems,,,Construction/reconstruction of water/sewer lines or systems,,Texas General Land Office,,,Texas General Land Office,,INF_HMID_LMI_GranteeSupport[H5b]_WSF,,,INF_HMID_LMI_GranteeSupport[H5b]_WSF,
INF_HMID_NA_20-065-098-C270_ARANSASCOUNTY_PLAN,2,1,0,0,1,0,1,6,0,0,5,0,5,6,2020-04-01,2024-01-01,5,2020-04-01,2021-07-01,0,,,Planning Study,,,Planning Study,,Planning,,,Planning,,"Aransas, County Of",,,"Aransas, County Of",,INF_HMID_NA_20-065-098-C270_AransasCounty_PLAN,,,INF_HMID_NA_20-065-098-C270_AransasCounty_PLAN,
INF_HMID_NA_20-065-107-C294_WHARTONCOUNTY_PLAN,2,1,0,0,1,0,1,6,0,0,6,0,6,6,2020-04-01,2023-07-01,6,2020-04-01,2023-07-01,0,,,Planning Study,,,Planning Study,,Planning,,,Planning,,"Wharton, County of",,,"Wharton, County of",,INF_HMID_NA_20-065-107-C294_WhartonCounty_PLAN,,,INF_HMID_NA_20-065-107-C294_WhartonCounty_PLAN,
INF_HMID_NA_20-065-120-C407_VIDOR_PLAN,2,1,0,0,1,0,1,10,0,0,10,0,10,10,2020-04-01,2023-10-01,10,2020-04-01,2023-10-01,0,,,Planning Study,,,Planning Study,,Planning,,,Planning,,Vidor,,,Vidor,,INF_HMID_NA_20-065-120-C407_Vidor_PLAN,,,INF_HMID_NA_20-065-120-C407_Vidor_PLAN,
INF_HMID_NA_20-065-121-C408_JEFFERSONCOUNTY_PLAN,2,1,0,0,1,0,1,7,0,0,7,0,7,7,2020-10-01,2026-01-01,7,2020-10-01,2026-01-01,0,,,Planning Study,,,Planning Study,,Planning,,,Planning,,Jefferson County,,,Jefferson County,,INF_HMID_NA_20-065-121-C408_JeffersonCounty_PLAN,,,INF_HMID_NA_20-065-121-C408_JeffersonCounty_PLAN,
INF_HMID_NA_GRANTEESUPPORT[H5B]_PLAN,2,1,0,0,1,0,1,8,0,0,8,0,8,8,2024-04-01,2026-01-01,8,2024-04-01,2026-01-01,0,,,Infrastructure Grantee Support for Subrecipient HMID Planning Activities,,,Infrastructure Grantee Support for Subrecipient HMID Planning Activities,,Planning,,,Planning,,Texas General Land Office,,,Texas General Land Office,,INF_HMID_NA_GranteeSupport[H5b]_PLAN,,,INF_HMID_NA_GranteeSupport[H5b]_PLAN,
INF_HMID_SB_20-065-120-C407_VIDOR_C&D,2,1,0,0,1,0,1,9,0,0,8,0,8,9,2020-04-01,2025-07-01,8,2020-04-01,2025-07-01,0,,,Clearance and Demolition,,,Clearance and Demolition,,Clearance and Demolition,,,Clearance and Demolition,,Vidor,,,Vidor,,INF_HMID_SB_20-065-120-C407_Vidor_C&D,,,INF_HMID_SB_20-065-120-C407_Vidor_C&D,
INF_HMID_SB_GRANTEESUPPORT[H5B]_C&D,2,1,0,0,1,0,1,5,0,0,5,0,5,5,2024-04-01,2025-10-01,5,2024-04-01,2025-10-01,0,,,Infrastructure Grantee Support for Subrecipient HMID SB Clearance and Demolition Activities,,,Infrastructure Grantee Support for Subrecipient HMID SB Clearance and Demolition Activities,,Clearance and Demolition,,,Clearance and Demolition,,Texas General Land Office,,,Texas General Land Office,,INF_HMID_SB_GranteeSupport[H5b]_C&D,,,INF_HMID_SB_GranteeSupport[H5b]_C&D,
INF_HMID_UN_20-065-013-C049_JASPERCOUNTY,2,1,0,0,1,0,1,12,0,0,10,0,10,12,2019-10-01,2023-10-01,10,2019-10-01,2023-10-01,0,,,Street Improvements,,,Street Improvements,,Construction/reconstruction of streets,,,Construction/reconstruction of streets,,Jasper County,,,Jasper County,,INF_HMID_UN_20-065-013-C049_JasperCounty,,,INF_HMID_UN_20-065-013-C049_JasperCounty,
INF_HMID_UN_20-065-027-C092_NOME,2,1,0,0,1,0,1,9,0,0,8,0,8,9,2019-10-01,2024-10-01,8,2019-10-01,2024-10-01,0,,,Street Improvements,,,Street Improvements,,Construction/reconstruction of streets,,,Construction/reconstruction of streets,,Nome,,,Nome,,INF_HMID_UN_20-065-027-C092_Nome,,,INF_HMID_UN_20-065-027-C092_Nome,
INF_HMID_UN_20-065-029-C096_DICKINSON,2,1,0,0,1,0,1,7,0,0,7,0,7,7,2019-10-01,2022-04-01,7,2019-10-01,2022-04-01,0,,,Flood and Drainage Facilities,,,Flood and Drainage Facilities,,Rehabilitation/reconstruction of a public improvement,,,Rehabilitation/reconstruction of a public improvement,,Dickinson,,,Dickinson,,INF_HMID_UN_20-065-029-C096_Dickinson,,,INF_HMID_UN_20-065-029-C096_Dickinson,
INF_HMID_UN_20-065-039-C120_GROVES_SF,2,1,0,0,1,0,1,14,0,0,13,0,13,14,2020-01-01,2025-01-01,13,2020-01-01,2025-01-01,0,,,Sewer Facilities,,,Sewer Facilities,,Construction/reconstruction of water/sewer lines or systems,,,Construction/reconstruction of water/sewer lines or systems,,Groves,,,Groves,,INF_HMID_UN_20-065-039-C120_Groves_SF,,,INF_HMID_UN_20-065-039-C120_Groves_SF,
INF_HMID_UN_20-065-039-C120_GROVES_SI,2,1,0,0,1,0,1,15,0,0,15,0,15,15,2020-01-01,2025-01-01,15,2020-01-01,2025-01-01,0,,,Street Improvements,,,Street Improvements,,Construction/reconstruction of streets,,,Construction/reconstruction of streets,,Groves,,,Groves,,INF_HMID_UN_20-065-039-C120_Groves_SI,,,INF_HMID_UN_20-065-039-C120_Groves_SI,
INF_HMID_UN_20-065-049-C156_CHINA,2,1,0,0,1,0,1,6,0,0,5,0,5,6,2020-01-01,2023-04-01,5,2020-01-01,2022-07-01,0,,,Street Improvements,,,Street Improvements,,Construction/reconstruction of streets,,,Construction/reconstruction of streets,,China,,,China,,INF_HMID_UN_20-065-049-C156_China,,,INF_HMID_UN_20-065-049-C156_China,
INF_HMID_UN_20-065-064-C182_CALHOUNCOUNTY_PF,2,1,0,0,1,0,1,9,0,0,9,0,9,9,2020-01-01,2023-10-01,9,2020-01-01,2023-10-01,0,,,Public Facilities,,,Public Facilities,,Rehabilitation/reconstruction of public facilities,,,Rehabilitation/reconstruction of public facilities,,CALHOUN COUNTY,,,CALHOUN COUNTY,,INF_HMID_UN_20-065-064-C182_CalhounCounty_PF,,,INF_HMID_UN_20-065-064-C182_CalhounCounty_PF,
INF_HMID_UN_20-065-069-C195_LUMBERTON,2,1,0,0,1,0,1,11,0,0,11,0,11,11,2020-01-01,2023-04-01,11,2020-01-01,2023-04-01,0,,,Street Improvements,,,Street Improvements,,Construction/reconstruction of streets,,,Construction/reconstruction of streets,,Lumberton,,,Lumberton,,INF_HMID_UN_20-065-069-C195_Lumberton,,,INF_HMID_UN_20-065-069-C195_Lumberton,
INF_HMID_UN_20-065-079-C231_COLORADOCOUNTY,3,1,1,0,1,0,1,10,1,0,8,0,8,10,2020-01-01,2024-04-01,8,2020-01-01,2023-10-01,0,,,Flood and Drainage Facilities,Flood and Drainage Facilities,,Flood and Drainage Facilities,,Rehabilitation/reconstruction of a public improvement,Rehabilitation/reconstruction of a public improvement,,Rehabilitation/reconstruction of a public improvement,,"Colorado, County of","Colorado, County of",,"Colorado, County of",,INF_HMID_UN_20-065-079-C231_ColoradoCounty,INF_HMID_UN_20-065-079-C231_ColoradoCounty,,INF_HMID_UN_20-065-079-C231_ColoradoCounty,
INF_HMID_UN_20-065-084-C243_PORTNECHES_SF,3,1,1,0,1,0,1,8,2,0,7,0,7,8,2022-07-01,2025-07-01,7,2022-07-01,2025-07-01,0,,,Sewer Facilities,Sewer Facilities,,Sewer Facilities,,Construction/reconstruction of water/sewer lines or systems,Construction/reconstruction of water/sewer lines or systems,,Construction/reconstruction of water/sewer lines or systems,,Port Neches,Port Neches,,Port Neches,,INF_HMID_UN_20-065-084-C243_PortNeches_SF,INF_HMID_UN_20-065-084-C243_PortNeches_SF,,INF_HMID_UN_20-065-084-C243_PortNeches_SF,
INF_HMID_UN_20-065-087-C248_TYLERCOUNTY_WF,2,1,0,0,1,0,1,8,0,0,7,0,7,8,2020-01-01,2023-04-01,7,2020-01-01,2022-07-01,0,,,Water Facilities,,,Water Facilities,,Construction/reconstruction of water/sewer lines or systems,,,Construction/reconstruction of water/sewer lines or systems,,Tyler County,,,Tyler County,,INF_HMID_UN_20-065-087-C248_TylerCounty_WF,,,INF_HMID_UN_20-065-087-C248_TylerCounty_WF,
INF_HMID_UN_20-065-090-C252_ROCKPORT,2,1,0,0,1,0,1,18,0,0,18,0,18,18,2020-01-01,2025-10-01,18,2020-01-01,2025-10-01,0,,,Flood and Drainage Facilities,,,Flood and Drainage Facilities,,Rehabilitation/reconstruction of a public improvement,,,Rehabilitation/reconstruction of a public improvement,,Rockport,,,Rockport,,INF_HMID_UN_20-065-090-C252_Rockport,,,INF_HMID_UN_20-065-090-C252_Rockport,
INF_HMID_UN_20-065-093-C261_SANJACINTOCOUNTY,2,1,0,0,1,0,1,10,0,0,10,0,10,10,2020-01-01,2023-07-01,10,2020-01-01,2023-07-01,0,,,Street Improvements,,,Street Improvements,,Construction/reconstruction of streets,,,Construction/reconstruction of streets,,San Jacinto County,,,San Jacinto County,,INF_HMID_UN_20-065-093-C261_SanJacintoCounty,,,INF_HMID_UN_20-065-093-C261_SanJacintoCounty,
INF_HMID_UN_20-065-094-C262_VICTORIACOUNTY_F&D,2,1,0,0,1,0,1,11,0,0,11,0,11,11,2020-01-01,2024-10-01,11,2020-01-01,2024-10-01,0,,,Flood and Drainage Facilities,,,Flood and Drainage Facilities,,Rehabilitation/reconstruction of a public improvement,,,Rehabilitation/reconstruction of a public improvement,,Victoria County,,,Victoria County,,INF_HMID_UN_20-065-094-C262_VictoriaCounty_F&D,,,INF_HMID_UN_20-065-094-C262_VictoriaCounty_F&D,
INF_HMID_UN_20-065-095-C264_LIBERTYCOUNTY,3,1,1,0,1,0,1,12,1,0,11,0,11,12,2020-01-01,2023-07-01,11,2020-01-01,2023-07-01,0,,,Street Improvements,Street Improvements,,Street Improvements,,Construction/reconstruction of streets,Construction/reconstruction of streets,,Construction/reconstruction of streets,,"Liberty, County of","Liberty, County of",,"Liberty, County of",,INF_HMID_UN_20-065-095-C264_LibertyCounty,INF_HMID_UN_20-065-095-C264_LibertyCounty,,INF_HMID_UN_20-065-095-C264_LibertyCounty,
INF_HMID_UN_20-065-098-C270_ARANSASCOUNTY_PF,2,1,0,0,1,0,1,21,0,0,21,0,21,21,2020-04-01,2025-07-01,21,2020-04-01,2025-07-01,0,,,Public Facilities,,,Public Facilities,,Rehabilitation/reconstruction of public facilities,,,Rehabilitation/reconstruction of public facilities,,"Aransas, County Of",,,"Aransas, County Of",,INF_HMID_UN_20-065-098-C270_AransasCounty_PF,,,INF_HMID_UN_20-065-098-C270_AransasCounty_PF,
INF_HMID_UN_20-065-106-C288_PEARLAND,2,1,0,0,1,0,1,3,0,0,3,0,3,3,2020-04-01,2026-01-01,3,2020-04-01,2026-01-01,0,,,Flood and Drainage Facilities,,,Flood and Drainage Facilities,,Rehabilitation/reconstruction of a public improvement,,,Rehabilitation/reconstruction of a public improvement,,"PEARLAND, CITY OF",,,"PEARLAND, CITY OF",,INF_HMID_UN_20-065-106-C288_Pearland,,,INF_HMID_UN_20-065-106-C288_Pearland,
INF_HMID_UN_20-065-107-C294_WHARTONCOUNTY_F&D,2,1,0,0,1,0,1,12,0,0,11,0,11,12,2020-04-01,2025-07-01,11,2020-04-01,2025-07-01,0,,,Flood and Drainage Facilities,,,Flood and Drainage Facilities,,Rehabilitation/reconstruction of a public improvement,,,Rehabilitation/reconstruction of a public improvement,,"Wharton, County of",,,"Wharton, County of",,INF_HMID_UN_20-065-107-C294_WhartonCounty_F&D,,,INF_HMID_UN_20-065-107-C294_WhartonCounty_F&D,
INF_HMID_UN_20-065-107-C294_WHARTONCOUNTY_SF,3,1,1,0,1,0,1,8,1,0,6,0,6,8,2020-04-01,2023-04-01,6,2020-04-01,2022-07-01,0,,,Sewer Facilities,Sewer Facilities,,Sewer Facilities,,Construction/reconstruction of water/sewer lines or systems,Construction/reconstruction of water/sewer lines or systems,,Construction/reconstruction of water/sewer lines or systems,,"Wharton, County of","Wharton, County of",,"Wharton, County of",,INF_HMID_UN_20-065-107-C294_WhartonCounty_SF,INF_HMID_UN_20-065-107-C294_WhartonCounty_SF,,INF_HMID_UN_20-065-107-C294_WhartonCounty_SF,
INF_HMID_UN_20-065-107-C294_WHARTONCOUNTY_WF,3,1,1,0,1,0,1,11,1,0,9,0,9,11,2020-04-01,2025-04-01,9,2020-04-01,2025-04-01,0,,,Water Facilities,Water Facilities,,Water Facilities,,Construction/reconstruction of water/sewer lines or systems,Construction/reconstruction of water/sewer lines or systems,,Construction/reconstruction of water/sewer lines or systems,,"Wharton, County of","Wharton, County of",,"Wharton, County of",,INF_HMID_UN_20-065-107-C294_WhartonCounty_WF,INF_HMID_UN_20-065-107-C294_WhartonCounty_WF,,INF_HMID_UN_20-065-107-C294_WhartonCounty_WF,
INF_HMID_UN_20-065-109-C303_ARANSASPASS_F&D,2,1,0,0,1,0,1,12,0,0,12,0,12,12,2020-04-01,2025-04-01,12,2020-04-01,2025-04-01,0,,,Flood and Drainage Facilities,,,Flood and Drainage Facilities,,Rehabilitation/reconstruction of a public improvement,,,Rehabilitation/reconstruction of a public improvement,,Aransas Pass,,,Aransas Pass,,INF_HMID_UN_20-065-109-C303_AransasPass_F&D,,,INF_HMID_UN_20-065-109-C303_AransasPass_F&D,
INF_HMID_UN_20-065-110-C306_REFUGIOCOUNTY_PF,2,1,0,0,1,0,1,5,0,0,4,0,4,5,2022-07-01,2026-01-01,4,2022-07-01,2026-01-01,0,,,Public Facilities,,,Public Facilities,,Rehabilitation/reconstruction of public facilities,,,Rehabilitation/reconstruction of public facilities,,Refugio County,,,Refugio County,,INF_HMID_UN_20-065-110-C306_RefugioCounty_PF,,,INF_HMID_UN_20-065-110-C306_RefugioCounty_PF,
INF_HMID_UN_20-065-110-C306_REFUGIOCOUNTY_SI,2,1,0,0,1,0,1,13,0,0,13,0,13,13,2020-04-01,2025-04-01,13,2020-04-01,2025-04-01,0,,,Street Improvements,,,Street Improvements,,Construction/reconstruction of streets,,,Construction/reconstruction of streets,,Refugio County,,,Refugio County,,INF_HMID_UN_20-065-110-C306_RefugioCounty_SI,,,INF_HMID_UN_20-065-110-C306_RefugioCounty_SI,
INF_HMID_UN_20-065-114-C313_GREGORY,2,1,0,0,1,0,1,5,0,0,4,0,4,5,2020-04-01,2023-07-01,4,2020-04-01,2023-07-01,0,,,Sewer Facilities,,,Sewer Facilities,,Construction/reconstruction of water/sewer lines or systems,,,Construction/reconstruction of water/sewer lines or systems,,"GREGORY, CITY OF",,,"GREGORY, CITY OF",,INF_HMID_UN_20-065-114-C313_Gregory,,,INF_HMID_UN_20-065-114-C313_Gregory,
INF_HMID_UN_20-065-120-C407_VIDOR_F&D,1,0,0,0,1,0,1,0,0,0,4,0,4,0,,,4,2020-04-01,2023-04-01,0,,,,,,Flood and Drainage Facilities,,,,,Rehabilitation/reconstruction of a public improvement,,,,,Vidor,,,,,INF_HMID_UN_20-065-120-C407_Vidor_F&D-06152023172551,
INF_HMID_UN_20-065-120-C407_VIDOR_SI,2,1,0,0,1,0,1,17,0,0,17,0,17,17,2020-04-01,2025-07-01,17,2020-04-01,2025-07-01,0,,,Street Improvements,,,Street Improvements,,Construction/reconstruction of streets,,,Construction/reconstruction of streets,,Vidor,,,Vidor,,INF_HMID_UN_20-065-120-C407_Vidor_SI,,,INF_HMID_UN_20-065-120-C407_Vidor_SI,
INF_HMID_UN_20-065-121-C408_JEFFERSONCOUNTY_F&D,2,1,0,0,1,0,1,8,0,0,8,0,8,8,2020-10-01,2026-01-01,8,2020-10-01,2026-01-01,0,,,Flood and Drainage,,,Flood and Drainage,,Rehabilitation/reconstruction of a public improvement,,,Rehabilitation/reconstruction of a public improvement,,Jefferson County,,,Jefferson County,,INF_HMID_UN_20-065-121-C408_JeffersonCounty_F&D,,,INF_HMID_UN_20-065-121-C408_JeffersonCounty_F&D,
INF_HMID_UN_20-065-123-C430_MATAGORDACOUNTY_SI,2,1,0,0,1,0,1,9,0,0,9,0,9,9,2020-04-01,2025-01-01,9,2020-04-01,2025-01-01,0,,,Street Improvements,,,Street Improvements,,Construction/reconstruction of streets,,,Construction/reconstruction of streets,,"Matagorda, County of",,,"Matagorda, County of",,INF_HMID_UN_20-065-123-C430_MatagordaCounty_SI,,,INF_HMID_UN_20-065-123-C430_MatagordaCounty_SI,
INF_HMID_UN_20-065-125-C436_WOODBRANCHVILLAGE,3,1,1,0,1,0,1,9,1,0,9,0,9,9,2020-04-01,2025-01-01,9,2020-04-01,2025-01-01,0,,,Water Facilities,Water Facilities,,Water Facilities,,Construction/reconstruction of water/sewer lines or systems,Construction/reconstruction of water/sewer lines or systems,,Construction/reconstruction of water/sewer lines or systems,,"WOODBRANCH VILLAGE, CITY HALL","WOODBRANCH VILLAGE, CITY HALL",,"WOODBRANCH VILLAGE, CITY HALL",,INF_HMID_UN_20-065-125-C436_WoodbranchVillage,INF_HMID_UN_20-065-125-C436_WoodbranchVillage,,INF_HMID_UN_20-065-125-C436_WoodbranchVillage,
INF_HMID_UN_20-065-126-C437_DAYTON,2,1,0,0,1,0,1,8,0,0,8,0,8,8,2020-04-01,2025-01-01,8,2020-04-01,2025-01-01,0,,,Flood and Drainage Facilities,,,Flood and Drainage Facilities,,Rehabilitation/reconstruction of a public improvement,,,Rehabilitation/reconstruction of a public improvement,,Dayton,,,Dayton,,INF_HMID_UN_20-065-126-C437_Dayton,,,INF_HMID_UN_20-065-126-C437_Dayton,
INF_HMID_UN_20-065-127-C438_DANBURY,3,1,1,0,1,0,1,10,1,0,7,0,7,10,2020-07-01,2025-07-01,7,2020-07-01,2023-10-01,0,,,Sewer Facilities,Sewer Facilities,,Sewer Facilities,,Construction/reconstruction of water/sewer lines or systems,Construction/reconstruction of water/sewer lines or systems,,Construction/reconstruction of water/sewer lines or systems,,"DANBURY, CITY OF","DANBURY, CITY OF",,"DANBURY, CITY OF",,INF_HMID_UN_20-065-127-C438_Danbury,INF_HMID_UN_20-065-127-C438_Danbury,,INF_HMID_UN_20-065-127-C438_Danbury,
INF_HMID_UN_20-065-129-C440_PORTLAND,2,1,0,0,1,0,1,10,0,0,10,0,10,10,2020-07-01,2025-10-01,10,2020-07-01,2025-10-01,0,,,Flood and Drainage,,,Flood and Drainage,,Rehabilitation/reconstruction of a public improvement,,,Rehabilitation/reconstruction of a public improvement,,"PORTLAND, CITY OF",,,"PORTLAND, CITY OF",,INF_HMID_UN_20-065-129-C440_Portland,,,INF_HMID_UN_20-065-129-C440_Portland,
INF_HMID_UN_20-065-131-C442_SIMONTON,3,1,1,0,1,0,1,10,1,0,9,0,9,10,2020-07-01,2024-04-01,9,2020-07-01,2024-04-01,0,,,Flood and Drainage,Flood and Drainage,,Flood and Drainage,,Rehabilitation/reconstruction of a public improvement,Rehabilitation/reconstruction of a public improvement,,Rehabilitation/reconstruction of a public improvement,,"Simonton, City of","Simonton, City of",,"Simonton, City of",,INF_HMID_UN_20-065-131-C442_Simonton,INF_HMID_UN_20-065-131-C442_Simonton,,INF_HMID_UN_20-065-131-C442_Simonton,
INF_HMID_UN_20-065-133-C445_CORPUSCHRISTI,2,1,0,0,1,0,1,5,0,0,4,0,4,5,2020-07-01,2025-07-01,4,2020-07-01,2025-07-01,0,,,Flood and Drainage,,,Flood and Drainage,,Rehabilitation/reconstruction of a public improvement,,,Rehabilitation/reconstruction of a public improvement,,"CORPUS CHRISTI, CITY OF",,,"CORPUS CHRISTI, CITY OF",,INF_HMID_UN_20-065-133-C445_CorpusChristi,,,INF_HMID_UN_20-065-133-C445_CorpusChristi,
INF_HMID_UN_20-065-134-C451_FRIENDSWOOD,2,1,0,0,1,0,1,7,0,0,7,0,7,7,2020-04-01,2025-07-01,7,2020-04-01,2025-07-01,0,,,Flood and Drainage,,,Flood and Drainage,,Rehabilitation/reconstruction of a public improvement,,,Rehabilitation/reconstruction of a public improvement,,City of Friendswood,,,City of Friendswood,,INF_HMID_UN_20-065-134-C451_Friendswood,,,INF_HMID_UN_20-065-134-C451_Friendswood,
INF_HMID_UN_20-065-140-C594_ORANGE_F&D,2,1,0,0,1,0,1,6,0,0,6,0,6,6,2020-07-01,2026-01-01,6,2020-07-01,2026-01-01,0,,,Flood and Drainage,,,Flood and Drainage,,Rehabilitation/reconstruction of a public improvement,,,Rehabilitation/reconstruction of a public improvement,,Orange,,,Orange,,INF_HMID_UN_20-065-140-C594_Orange_F&D,,,INF_HMID_UN_20-065-140-C594_Orange_F&D,
INF_HMID_UN_20-065-140-C594_ORANGE_PF,2,1,0,0,1,0,1,7,0,0,6,0,6,7,2021-07-01,2023-10-01,6,2021-07-01,2023-10-01,0,,,Public Facilities,,,Public Facilities,,Rehabilitation/reconstruction of public facilities,,,Rehabilitation/reconstruction of public facilities,,Orange,,,Orange,,INF_HMID_UN_20-065-140-C594_Orange_PF,,,INF_HMID_UN_20-065-140-C594_Orange_PF,
INF_HMID_UN_20-065-141-C780_LEAGUECITY_F&D,2,1,0,0,1,0,1,17,0,0,16,0,16,17,2021-01-01,2025-10-01,16,2021-01-01,2025-10-01,0,,,Flood and Drainage,,,Flood and Drainage,,Rehabilitation/reconstruction of a public improvement,,,Rehabilitation/reconstruction of a public improvement,,League City,,,League City,,INF_HMID_UN_20-065-141-C780_LeagueCity_F&D,,,INF_HMID_UN_20-065-141-C780_LeagueCity_F&D,
INF_HMID_UN_20-065-143-C811_PORTARANSAS_F&D,2,1,0,0,1,0,1,12,0,0,11,0,11,12,2021-01-01,2025-10-01,11,2021-01-01,2025-10-01,0,,,Flood and Drainage,,,Flood and Drainage,,Rehabilitation/reconstruction of a public improvement,,,Rehabilitation/reconstruction of a public improvement,,Port Aransas,,,Port Aransas,,INF_HMID_UN_20-065-143-C811_PortAransas_F&D,,,INF_HMID_UN_20-065-143-C811_PortAransas_F&D,
INF_HMID_UN_20-065-145-C857_HARDINCOUNTY_PF,3,1,1,0,1,0,1,12,1,0,10,0,10,12,2021-01-01,2025-04-01,10,2021-01-01,2025-04-01,0,,,Public Facilities,Public Facilities,,Public Facilities,,Rehabilitation/reconstruction of public facilities,Rehabilitation/reconstruction of public facilities,,Rehabilitation/reconstruction of public facilities,,"Hardin, County of","Hardin, County of",,"Hardin, County of",,INF_HMID_UN_20-065-145-C857_HardinCounty_PF,INF_HMID_UN_20-065-145-C857_HardinCounty_PF,,INF_HMID_UN_20-065-145-C857_HardinCounty_PF,
INF_HMID_UN_20-065-147-C902_BEVILOAKS_SI,2,1,0,0,1,0,1,8,0,0,8,0,8,8,2021-01-01,2025-01-01,8,2021-01-01,2025-01-01,0,,,Street Improvements,,,Street Improvements,,Construction/reconstruction of streets,,,Construction/reconstruction of streets,,Bevil Oaks,,,Bevil Oaks,,INF_HMID_UN_20-065-147-C902_BevilOaks_SI,,,INF_HMID_UN_20-065-147-C902_BevilOaks_SI,
INF_HMID_UN_20-065-148-C903_ROSEHILLACRES_SI,3,1,1,0,1,0,1,15,3,0,12,0,12,15,2021-01-01,2026-01-01,12,2021-01-01,2026-01-01,0,,,Street Improvements,Street Improvements,,Street Improvements,,Construction/reconstruction of streets,Construction/reconstruction of streets,,Construction/reconstruction of streets,,"Rose Hill Acres, City of","Rose Hill Acres, City of",,"Rose Hill Acres, City of",,INF_HMID_UN_20-065-148-C903_RoseHillAcres_SI,INF_HMID_UN_20-065-148-C903_RoseHillAcres_SI,,INF_HMID_UN_20-065-148-C903_RoseHillAcres_SI,
INF_HMID_UN_20-065-149-C905_NEDERLAND_F&D,3,1,1,0,1,0,1,10,1,0,9,0,9,10,2021-01-01,2025-07-01,9,2021-01-01,2025-07-01,0,,,Flood and Drainage,Flood and Drainage,,Flood and Drainage,,Rehabilitation/reconstruction of a public improvement,Rehabilitation/reconstruction of a public improvement,,Rehabilitation/reconstruction of a public improvement,,"Nederland, City of","Nederland, City of",,"Nederland, City of",,INF_HMID_UN_20-065-149-C905_Nederland_F&D,INF_HMID_UN_20-065-149-C905_Nederland_F&D,,INF_HMID_UN_20-065-149-C905_Nederland_F&D,
INF_HMID_UN_20-065-149-C905_NEDERLAND_SI,2,1,0,0,1,0,1,2,0,0,2,0,2,2,2024-04-01,2025-07-01,2,2024-04-01,2025-07-01,0,,,Street Improvements,,,Street Improvements,,Construction/reconstruction of streets,,,Construction/reconstruction of streets,,"Nederland, City of",,,"Nederland, City of",,INF_HMID_UN_20-065-149-C905_Nederland_SI,,,INF_HMID_UN_20-065-149-C905_Nederland_SI,
INF_HMID_UN_20-065-150-C911_ORANGECOUNTY_F&D,3,1,1,0,1,0,1,17,2,0,16,0,16,17,2021-01-01,2025-10-01,16,2021-01-01,2025-10-01,0,,,Flood and Drainage Facilities,Flood and Drainage Facilities,,Flood and Drainage Facilities,,Rehabilitation/reconstruction of a public improvement,Rehabilitation/reconstruction of a public improvement,,Rehabilitation/reconstruction of a public improvement,,"Orange, County of","Orange, County of",,"Orange, County of",,INF_HMID_UN_20-065-150-C911_OrangeCounty_F&D,INF_HMID_UN_20-065-150-C911_OrangeCounty_F&D,,INF_HMID_UN_20-065-150-C911_OrangeCounty_F&D,
INF_HMID_UN_20-065-151-C916_TAYLORLANDING_SI,3,1,1,0,1,0,1,10,2,0,10,0,10,10,2021-01-01,2023-10-01,10,2021-01-01,2023-10-01,0,,,Street Improvements,Street Improvements,,Street Improvements,,Construction/reconstruction of streets,Construction/reconstruction of streets,,Construction/reconstruction of streets,,"Taylor Landing, City of","Taylor Landing, City of",,"Taylor Landing, City of",,INF_HMID_UN_20-065-151-C916_TaylorLanding_SI,INF_HMID_UN_20-065-151-C916_TaylorLanding_SI,,INF_HMID_UN_20-065-151-C916_TaylorLanding_SI,
INF_HMID_UN_20-065-153-C929_BRIDGECITY_F&D,3,1,1,0,1,0,1,10,3,0,7,0,7,10,2021-07-01,2025-07-01,7,2021-07-01,2024-10-01,0,,,Flood and Drainage Facilities,Flood and Drainage Facilities,,Flood and Drainage Facilities,,Rehabilitation/reconstruction of a public improvement,Rehabilitation/reconstruction of a public improvement,,Rehabilitation/reconstruction of a public improvement,,Bridge City,Bridge City,,Bridge City,,INF_HMID_UN_20-065-153-C929_BridgeCity_F&D,INF_HMID_UN_20-065-153-C929_BridgeCity_F&D,,INF_HMID_UN_20-065-153-C929_BridgeCity_F&D,
INF_HMID_UN_20-065-153-C929_BRIDGECITY_WF,3,1,1,0,1,0,1,15,3,0,12,0,12,15,2021-07-01,2025-07-01,12,2021-07-01,2025-04-01,0,,,Water Facilities,Water Facilities,,Water Facilities,,Construction/reconstruction of water/sewer lines or systems,Construction/reconstruction of water/sewer lines or systems,,Construction/reconstruction of water/sewer lines or systems,,Bridge City,Bridge City,,Bridge City,,INF_HMID_UN_20-065-153-C929_BridgeCity_WF,INF_HMID_UN_20-065-153-C929_BridgeCity_WF,,INF_HMID_UN_20-065-153-C929_BridgeCity_WF,
INF_HMID_UN_20-065-154-C933_PINEFOREST_F&D,3,1,1,0,1,0,1,15,3,0,13,0,13,15,2021-04-01,2025-10-01,13,2021-04-01,2025-10-01,0,,,Flood and Drainage,Flood and Drainage,,Flood and Drainage,,Rehabilitation/reconstruction of a public improvement,Rehabilitation/reconstruction of a public improvement,,Rehabilitation/reconstruction of a public improvement,,Pine Forest,Pine Forest,,Pine Forest,,INF_HMID_UN_20-065-154-C933_PineForest_F&D,INF_HMID_UN_20-065-154-C933_PineForest_F&D,,INF_HMID_UN_20-065-154-C933_PineForest_F&D,
INF_HMID_UN_GRANTEESUPPORT[H5B]_F&D,2,1,0,0,1,0,1,8,0,0,8,0,8,8,2024-04-01,2026-01-01,8,2024-04-01,2026-01-01,0,,,Infrastructure Grantee Support for Subrecipient HMID UN Reconstruction of a Public Improvement,,,Infrastructure Grantee Support for Subrecipient HMID UN Reconstruction of a Public Improvement,,Rehabilitation/reconstruction of a public improvement,,,Rehabilitation/reconstruction of a public improvement,,Texas General Land Office,,,Texas General Land Office,,INF_HMID_UN_GranteeSupport[H5b]_F&D,,,INF_HMID_UN_GranteeSupport[H5b]_F&D,
INF_HMID_UN_GRANTEESUPPORT[H5B]_PF,2,1,0,0,1,0,1,8,0,0,8,0,8,8,2024-04-01,2026-01-01,8,2024-04-01,2026-01-01,0,,,Infrastructure Grantee Support for Subrecipient HMID UN Public Facilities Activities,,,Infrastructure Grantee Support for Subrecipient HMID UN Public Facilities Activities,,Rehabilitation/reconstruction of public facilities,,,Rehabilitation/reconstruction of public facilities,,Texas General Land Office,,,Texas General Land Office,,INF_HMID_UN_GranteeSupport[H5b]_PF,,,INF_HMID_UN_GranteeSupport[H5b]_PF,
INF_HMID_UN_GRANTEESUPPORT[H5B]_SI,2,1,0,0,1,0,1,8,0,0,8,0,8,8,2024-04-01,2026-01-01,8,2024-04-01,2026-01-01,0,,,Infrastructure Grantee Support for Subrecipient HMID UN Street Improvement Activities,,,Infrastructure Grantee Support for Subrecipient HMID UN Street Improvement Activities,,Construction/reconstruction of streets,,,Construction/reconstruction of streets,,Texas General Land Office,,,Texas General Land Office,,INF_HMID_UN_GranteeSupport[H5b]_SI,,,INF_HMID_UN_GranteeSupport[H5b]_SI,
INF_HMID_UN_GRANTEESUPPORT[H5B]_WSF,2,1,0,0,1,0,1,7,0,0,7,0,7,7,2024-07-01,2026-01-01,7,2024-07-01,2026-01-01,0,,,Infrastructure Grantee Support for Subrecipient HMID UN Water or Sewer lines or systems Activities,,,Infrastructure Grantee Support for Subrecipient HMID UN Water or Sewer lines or systems Activities,,Construction/reconstruction of water/sewer lines or systems,,,Construction/reconstruction of water/sewer lines or systems,,Texas General Land Office,,,Texas General Land Office,,INF_HMID_UN_GranteeSupport[H5b]_WSF,,,INF_HMID_UN_GranteeSupport[H5b]_WSF,
INF_SMID_LMI_20-065-002-B964_MOULTON,3,1,1,0,1,0,1,5,1,0,4,0,4,5,2019-10-01,2023-01-01,4,2019-10-01,2021-10-01,0,,,Flood and Drainage Facilities,Flood and Drainage Facilities,,Flood and Drainage Facilities,,Rehabilitation/reconstruction of a public improvement,Rehabilitation/reconstruction of a public improvement,,Rehabilitation/reconstruction of a public improvement,,"Moulton, City of","Moulton, City of",,"Moulton, City of",,INF_SMID_LMI_20-065-002-B964_Moulton,INF_SMID_LMI_20-065-002-B964_Moulton,,INF_SMID_LMI_20-065-002-B964_Moulton,
INF_SMID_LMI_20-065-011-C032_EAGLELAKE,3,1,1,0,1,0,1,9,1,0,7,0,7,9,2019-10-01,2023-07-01,7,2019-10-01,2023-07-01,0,,,Sewer Facilities,Sewer Facilities,,Sewer Facilities,,Construction/reconstruction of water/sewer lines or systems,Construction/reconstruction of water/sewer lines or systems,,Construction/reconstruction of water/sewer lines or systems,,"Eagle Lake, City of","Eagle Lake, City of",,"Eagle Lake, City of",,INF_SMID_LMI_20-065-011-C032_EagleLake,INF_SMID_LMI_20-065-011-C032_EagleLake,,INF_SMID_LMI_20-065-011-C032_EagleLake,
INF_SMID_LMI_20-065-012-C039_GOLIAD,3,1,1,0,1,0,1,11,1,0,10,0,10,11,2019-10-01,2023-04-01,10,2019-10-01,2023-04-01,0,,,Street Improvements,Street Improvements,,Street Improvements,,Construction/reconstruction of streets,Construction/reconstruction of streets,,Construction/reconstruction of streets,,"Goliad, City Of","Goliad, City Of",,"Goliad, City Of",,INF_SMID_LMI_20-065-012-C039_Goliad,INF_SMID_LMI_20-065-012-C039_Goliad,,INF_SMID_LMI_20-065-012-C039_Goliad,
INF_SMID_LMI_20-065-015-C054_NEWWAVERLY,2,1,0,0,1,0,1,8,0,0,7,0,7,8,2019-10-01,2025-04-01,7,2019-10-01,2025-04-01,0,,,Flood and Drainage Facilities,,,Flood and Drainage Facilities,,Rehabilitation/reconstruction of a public improvement,,,Rehabilitation/reconstruction of a public improvement,,New Waverly,,,New Waverly,,INF_SMID_LMI_20-065-015-C054_NewWaverly,,,INF_SMID_LMI_20-065-015-C054_NewWaverly,
INF_SMID_LMI_20-065-016-C056_BEECOUNTY_SF,2,1,0,0,1,0,1,15,0,0,13,0,13,15,2019-10-01,2025-10-01,13,2019-10-01,2025-10-01,0,,,Sewer Facilities,,,Sewer Facilities,,Construction/reconstruction of water/sewer lines or systems,,,Construction/reconstruction of water/sewer lines or systems,,"Bee, County of",,,"Bee, County of",,INF_SMID_LMI_20-065-016-C056_BeeCounty_SF,,,INF_SMID_LMI_20-065-016-C056_BeeCounty_SF,
INF_SMID_LMI_20-065-016-C056_BEECOUNTY_WF,2,1,0,0,1,0,1,14,0,0,14,0,14,14,2019-10-01,2025-10-01,14,2019-10-01,2025-10-01,0,,,Water Facilities,,,Water Facilities,,Construction/reconstruction of water/sewer lines or systems,,,Construction/reconstruction of water/sewer lines or systems,,"Bee, County of",,,"Bee, County of",,INF_SMID_LMI_20-065-016-C056_BeeCounty_WF,,,INF_SMID_LMI_20-065-016-C056_BeeCounty_WF,
INF_SMID_LMI_20-065-019-C065_PRAIRIEVIEW,2,1,0,0,1,0,1,9,0,0,8,0,8,9,2019-10-01,2023-04-01,8,2019-10-01,2022-07-01,0,,,Sewer Facilities,,,Sewer Facilities,,Construction/reconstruction of water/sewer lines or systems,,,Construction/reconstruction of water/sewer lines or systems,,City of Prairie View,,,City of Prairie View,,INF_SMID_LMI_20-065-019-C065_PrairieView,,,INF_SMID_LMI_20-065-019-C065_PrairieView,
INF_SMID_LMI_20-065-020-C066_CALDWELLCOUNTY,3,1,1,0,1,0,1,13,1,0,12,0,12,13,2019-10-01,2025-07-01,12,2019-10-01,2025-07-01,0,,,Flood and Drainage Facilities,Flood and Drainage Facilities,,Flood and Drainage Facilities,,Rehabilitation/reconstruction of a public improvement,Rehabilitation/reconstruction of a public improvement,,Rehabilitation/reconstruction of a public improvement,,"Caldwell, County of","Caldwell, County of",,"Caldwell, County of",,INF_SMID_LMI_20-065-020-C066_CaldwellCounty,INF_SMID_LMI_20-065-020-C066_CaldwellCounty,,INF_SMID_LMI_20-065-020-C066_CaldwellCounty,
INF_SMID_LMI_20-065-023-C082_GANADO,3,1,1,0,1,0,1,14,1,0,12,0,12,14,2019-10-01,2024-04-01,12,2019-10-01,2024-01-01,0,,,Sewer Facilities,Sewer Facilities,,Sewer Facilities,,Construction/reconstruction of water/sewer lines or systems,Construction/reconstruction of water/sewer lines or systems,,Construction/reconstruction of water/sewer lines or systems,,City of Ganado Inc,City of Ganado Inc,,City of Ganado Inc,,INF_SMID_LMI_20-065-023-C082_Ganado,INF_SMID_LMI_20-065-023-C082_Ganado,,INF_SMID_LMI_20-065-023-C082_Ganado,
INF_SMID_LMI_20-065-032-C109_EDNA,3,1,1,0,1,0,1,12,1,0,12,0,12,12,2020-01-01,2024-04-01,12,2020-01-01,2024-04-01,0,,,Sewer Facilities,Sewer Facilities,,Sewer Facilities,,Construction/reconstruction of water/sewer lines or systems,Construction/reconstruction of water/sewer lines or systems,,Construction/reconstruction of water/sewer lines or systems,,"Edna, City of","Edna, City of",,"Edna, City of",,INF_SMID_LMI_20-065-032-C109_Edna,INF_SMID_LMI_20-065-032-C109_Edna,,INF_SMID_LMI_20-065-032-C109_Edna,
INF_SMID_LMI_20-065-033-C111_LAWARD_SF,3,1,1,0,1,0,1,16,1,0,13,0,13,16,2019-10-01,2025-07-01,13,2019-10-01,2024-07-01,0,,,Sewer Facilities,Sewer Facilities,,Sewer Facilities,,Construction/reconstruction of water/sewer lines or systems,Construction/reconstruction of water/sewer lines or systems,,Construction/reconstruction of water/sewer lines or systems,,"Laward, City of","Laward, City of",,"Laward, City of",,INF_SMID_LMI_20-065-033-C111_LaWard_SF,INF_SMID_LMI_20-065-033-C111_LaWard_SF,,INF_SMID_LMI_20-065-033-C111_LaWard_SF,
INF_SMID_LMI_20-065-033-C111_LAWARD_WF,3,1,1,0,1,0,1,14,1,0,11,0,11,14,2019-10-01,2025-07-01,11,2019-10-01,2024-07-01,0,,,Water Facilities,Water Facilities,,Water Facilities,,Construction/reconstruction of water/sewer lines or systems,Construction/reconstruction of water/sewer lines or systems,,Construction/reconstruction of water/sewer lines or systems,,"Laward, City of","Laward, City of",,"Laward, City of",,INF_SMID_LMI_20-065-033-C111_LaWard_WF,INF_SMID_LMI_20-065-033-C111_LaWard_WF,,INF_SMID_LMI_20-065-033-C111_LaWard_WF,
INF_SMID_LMI_20-065-035-C115_WALLIS_PF,2,1,0,0,1,0,1,10,0,0,10,0,10,10,2019-10-01,2024-07-01,10,2019-10-01,2024-07-01,0,,,Public Facilities,,,Public Facilities,,Rehabilitation/reconstruction of public facilities,,,Rehabilitation/reconstruction of public facilities,,Wallis,,,Wallis,,INF_SMID_LMI_20-065-035-C115_Wallis_PF,,,INF_SMID_LMI_20-065-035-C115_Wallis_PF,
INF_SMID_LMI_20-065-035-C115_WALLIS_SF,2,1,0,0,1,0,1,11,0,0,11,0,11,11,2019-10-01,2024-07-01,11,2019-10-01,2024-07-01,0,,,Sewer Facilities,,,Sewer Facilities,,Construction/reconstruction of water/sewer lines or systems,,,Construction/reconstruction of water/sewer lines or systems,,Wallis,,,Wallis,,INF_SMID_LMI_20-065-035-C115_Wallis_SF,,,INF_SMID_LMI_20-065-035-C115_Wallis_SF,
INF_SMID_LMI_20-065-036-C116_HALLETTSVILLE,3,1,1,0,1,0,1,14,1,0,11,0,11,14,2020-04-01,2024-04-01,11,2020-04-01,2024-04-01,0,,,Flood and Drainage Facilities,Flood and Drainage Facilities,,Flood and Drainage Facilities,,Rehabilitation/reconstruction of a public improvement,Rehabilitation/reconstruction of a public improvement,,Rehabilitation/reconstruction of a public improvement,,"Hallettsville, City of","Hallettsville, City of",,"Hallettsville, City of",,INF_SMID_LMI_20-065-036-C116_Hallettsville,INF_SMID_LMI_20-065-036-C116_Hallettsville,,INF_SMID_LMI_20-065-036-C116_Hallettsville,
INF_SMID_LMI_20-065-041-C122_KARNESCOUNTY,3,1,1,0,1,0,1,11,3,0,8,0,8,11,2019-10-01,2023-10-01,8,2019-10-01,2023-10-01,0,,,Flood and Drainage Facilities,Flood and Drainage Facilities,,Flood and Drainage Facilities,,Rehabilitation/reconstruction of a public improvement,Rehabilitation/reconstruction of a public improvement,,Rehabilitation/reconstruction of a public improvement,,"Karnes, County of","Karnes, County of",,"Karnes, County of",,INF_SMID_LMI_20-065-041-C122_KarnesCounty,INF_SMID_LMI_20-065-041-C122_KarnesCounty,,INF_SMID_LMI_20-065-041-C122_KarnesCounty,
INF_SMID_LMI_20-065-044-C130_SMILEY,3,1,1,0,1,0,1,13,1,0,10,0,10,13,2020-01-01,2025-07-01,10,2020-01-01,2025-04-01,0,,,Street Improvements,Street Improvements,,Street Improvements,,Construction/reconstruction of streets,Construction/reconstruction of streets,,Construction/reconstruction of streets,,"Smiley, City of","Smiley, City of",,"Smiley, City of",,INF_SMID_LMI_20-065-044-C130_Smiley,INF_SMID_LMI_20-065-044-C130_Smiley,,INF_SMID_LMI_20-065-044-C130_Smiley,
INF_SMID_LMI_20-065-047-C139_GONZALES,2,1,0,0,1,0,1,15,0,0,12,0,12,15,2020-01-01,2025-01-01,12,2020-01-01,2024-01-01,0,,,Public Facilities,,,Public Facilities,,Rehabilitation/reconstruction of public facilities,,,Rehabilitation/reconstruction of public facilities,,Gonzales County,,,Gonzales County,,INF_SMID_LMI_20-065-047-C139_Gonzales,,,INF_SMID_LMI_20-065-047-C139_Gonzales,
INF_SMID_LMI_20-065-051-C160_NIXON,2,1,0,0,1,0,1,13,0,0,11,0,11,13,2020-01-01,2025-07-01,11,2020-01-01,2025-07-01,0,,,Flood and Drainage Facilities,,,Flood and Drainage Facilities,,Rehabilitation/reconstruction of a public improvement,,,Rehabilitation/reconstruction of a public improvement,,"Nixon, City of",,,"Nixon, City of",,INF_SMID_LMI_20-065-051-C160_Nixon,,,INF_SMID_LMI_20-065-051-C160_Nixon,
INF_SMID_LMI_20-065-052-C162_IOLA,2,1,0,0,1,0,1,11,0,0,9,0,9,11,2020-01-01,2025-04-01,9,2020-01-01,2025-04-01,0,,,Flood and Drainage Facilities,,,Flood and Drainage Facilities,,Rehabilitation/reconstruction of a public improvement,,,Rehabilitation/reconstruction of a public improvement,,"Iola, City Of",,,"Iola, City Of",,INF_SMID_LMI_20-065-052-C162_Iola,,,INF_SMID_LMI_20-065-052-C162_Iola,
INF_SMID_LMI_20-065-053-C163_SHINER,3,1,1,0,1,0,1,12,1,0,9,0,9,12,2020-01-01,2024-04-01,9,2020-01-01,2023-10-01,0,,,Flood and Drainage Facilities,Flood and Drainage Facilities,,Flood and Drainage Facilities,,Rehabilitation/reconstruction of a public improvement,Rehabilitation/reconstruction of a public improvement,,Rehabilitation/reconstruction of a public improvement,,"Shiner, City of","Shiner, City of",,"Shiner, City of",,INF_SMID_LMI_20-065-053-C163_Shiner,INF_SMID_LMI_20-065-053-C163_Shiner,,INF_SMID_LMI_20-065-053-C163_Shiner,
INF_SMID_LMI_20-065-056-C167_BEDIAS,3,1,1,0,1,0,1,13,1,0,9,0,9,13,2020-01-01,2025-01-01,9,2020-01-01,2025-01-01,0,,,Flood and Drainage Facilities,Flood and Drainage Facilities,,Flood and Drainage Facilities,,Rehabilitation/reconstruction of a public improvement,Rehabilitation/reconstruction of a public improvement,,Rehabilitation/reconstruction of a public improvement,,"Bedias, City of","Bedias, City of",,"Bedias, City of",,INF_SMID_LMI_20-065-056-C167_Bedias,INF_SMID_LMI_20-065-056-C167_Bedias,,INF_SMID_LMI_20-065-056-C167_Bedias,
INF_SMID_LMI_20-065-058-C170_SOMERVILLE,3,1,1,0,1,0,1,8,1,0,7,0,7,8,2020-01-01,2024-04-01,7,2020-01-01,2024-04-01,0,,,Flood and Drainage Facilities,Flood and Drainage Facilities,,Flood and Drainage Facilities,,Rehabilitation/reconstruction of a public improvement,Rehabilitation/reconstruction of a public improvement,,Rehabilitation/reconstruction of a public improvement,,Somerville,Somerville,,Somerville,,INF_SMID_LMI_20-065-058-C170_Somerville,INF_SMID_LMI_20-065-058-C170_Somerville,,INF_SMID_LMI_20-065-058-C170_Somerville,
INF_SMID_LMI_20-065-059-C171_TODDMISSION_F&D,3,1,1,0,1,0,1,10,1,0,7,0,7,10,2020-01-01,2025-07-01,7,2020-01-01,2025-04-01,0,,,Flood and Drainage Facilities,Flood and Drainage Facilities,,Flood and Drainage Facilities,,Rehabilitation/reconstruction of a public improvement,Rehabilitation/reconstruction of a public improvement,,Rehabilitation/reconstruction of a public improvement,,"Todd Mission, City of","Todd Mission, City of",,"Todd Mission, City of",,INF_SMID_LMI_20-065-059-C171_ToddMission_F&D,INF_SMID_LMI_20-065-059-C171_ToddMission_F&D,,INF_SMID_LMI_20-065-059-C171_ToddMission_F&D,
INF_SMID_LMI_20-065-059-C171_TODDMISSION_SI,3,1,1,0,1,0,1,9,1,0,6,0,6,9,2020-01-01,2025-07-01,6,2020-01-01,2025-04-01,0,,,Street Improvements,Street Improvements,,Street Improvements,,Construction/reconstruction of streets,Construction/reconstruction of streets,,Construction/reconstruction of streets,,"Todd Mission, City of","Todd Mission, City of",,"Todd Mission, City of",,INF_SMID_LMI_20-065-059-C171_ToddMission_SI,INF_SMID_LMI_20-065-059-C171_ToddMission_SI,,INF_SMID_LMI_20-065-059-C171_ToddMission_SI,
INF_SMID_LMI_20-065-063-C181_CUERO_F&D,3,1,1,0,1,0,1,8,1,0,8,0,8,8,2020-01-01,2024-04-01,8,2020-01-01,2024-04-01,0,,,Flood and Drainage Facilities,Flood and Drainage Facilities,,Flood and Drainage Facilities,,Rehabilitation/reconstruction of a public improvement,Rehabilitation/reconstruction of a public improvement,,Rehabilitation/reconstruction of a public improvement,,"Cuero, City of","Cuero, City of",,"Cuero, City of",,INF_SMID_LMI_20-065-063-C181_Cuero_F&D,INF_SMID_LMI_20-065-063-C181_Cuero_F&D,,INF_SMID_LMI_20-065-063-C181_Cuero_F&D,
INF_SMID_LMI_20-065-063-C181_CUERO_SF,3,1,1,0,1,0,1,10,1,0,10,0,10,10,2020-01-01,2024-04-01,10,2020-01-01,2024-04-01,0,,,Sewer Facilities,Sewer Facilities,,Sewer Facilities,,Construction/reconstruction of water/sewer lines or systems,Construction/reconstruction of water/sewer lines or systems,,Construction/reconstruction of water/sewer lines or systems,,"Cuero, City of","Cuero, City of",,"Cuero, City of",,INF_SMID_LMI_20-065-063-C181_Cuero_SF,INF_SMID_LMI_20-065-063-C181_Cuero_SF,,INF_SMID_LMI_20-065-063-C181_Cuero_SF,
INF_SMID_LMI_20-065-063-C181_CUERO_SI,2,1,0,0,1,0,1,10,0,0,10,0,10,10,2020-01-01,2024-04-01,10,2020-01-01,2024-04-01,0,,,Street Improvements,,,Street Improvements,,Construction/reconstruction of streets,,,Construction/reconstruction of streets,,"Cuero, City of",,,"Cuero, City of",,INF_SMID_LMI_20-065-063-C181_Cuero_SI,,,INF_SMID_LMI_20-065-063-C181_Cuero_SI,
INF_SMID_LMI_20-065-063-C181_CUERO_WF,2,1,0,0,1,0,1,10,0,0,10,0,10,10,2020-01-01,2024-04-01,10,2020-01-01,2024-04-01,0,,,Water Facilities,,,Water Facilities,,Construction/reconstruction of water/sewer lines or systems,,,Construction/reconstruction of water/sewer lines or systems,,"Cuero, City of",,,"Cuero, City of",,INF_SMID_LMI_20-065-063-C181_Cuero_WF,,,INF_SMID_LMI_20-065-063-C181_Cuero_WF,
INF_SMID_LMI_20-065-064-C182_CALHOUNCOUNTY_F&D,2,1,0,0,1,0,1,16,0,0,16,0,16,16,2021-10-01,2025-10-01,16,2021-10-01,2025-10-01,0,,,Flood and Drainage,,,Flood and Drainage,,Rehabilitation/reconstruction of a public improvement,,,Rehabilitation/reconstruction of a public improvement,,CALHOUN COUNTY,,,CALHOUN COUNTY,,INF_SMID_LMI_20-065-064-C182_CalhounCounty_F&D,,,INF_SMID_LMI_20-065-064-C182_CalhounCounty_F&D,
INF_SMID_LMI_20-065-065-C184_AUSTINCOUNTY,2,1,0,0,1,0,1,19,0,0,19,0,19,19,2020-01-01,2026-01-01,19,2020-01-01,2026-01-01,0,,,Street Improvements,,,Street Improvements,,Construction/reconstruction of streets,,,Construction/reconstruction of streets,,Austin County,,,Austin County,,INF_SMID_LMI_20-065-065-C184_AustinCounty,,,INF_SMID_LMI_20-065-065-C184_AustinCounty,
INF_SMID_LMI_20-065-067-C193_HEMPSTEAD_SF,3,1,1,0,1,0,1,9,1,0,8,0,8,9,2020-01-01,2024-01-01,8,2020-01-01,2024-01-01,0,,,Sewer Facilities,Sewer Facilities,,Sewer Facilities,,Construction/reconstruction of water/sewer lines or systems,Construction/reconstruction of water/sewer lines or systems,,Construction/reconstruction of water/sewer lines or systems,,Hempstead,Hempstead,,Hempstead,,INF_SMID_LMI_20-065-067-C193_Hempstead_SF,INF_SMID_LMI_20-065-067-C193_Hempstead_SF,,INF_SMID_LMI_20-065-067-C193_Hempstead_SF,
INF_SMID_LMI_20-065-067-C193_HEMPSTEAD_WF,3,1,1,0,1,0,1,7,1,0,6,0,6,7,2020-07-01,2024-01-01,6,2020-07-01,2024-01-01,0,,,Water Facilities,Water Facilities,,Water Facilities,,Construction/reconstruction of water/sewer lines or systems,Construction/reconstruction of water/sewer lines or systems,,Construction/reconstruction of water/sewer lines or systems,,Hempstead,Hempstead,,Hempstead,,INF_SMID_LMI_20-065-067-C193_Hempstead_WF,INF_SMID_LMI_20-065-067-C193_Hempstead_WF,,INF_SMID_LMI_20-065-067-C193_Hempstead_WF,
INF_SMID_LMI_20-065-074-C201_YORKTOWN,3,1,1,0,1,0,1,11,1,0,11,0,11,11,2020-01-01,2023-07-01,11,2020-01-01,2023-07-01,0,,,Street Improvements,Street Improvements,,Street Improvements,,Construction/reconstruction of streets,Construction/reconstruction of streets,,Construction/reconstruction of streets,,"Yorktown, City of","Yorktown, City of",,"Yorktown, City of",,INF_SMID_LMI_20-065-074-C201_Yorktown,INF_SMID_LMI_20-065-074-C201_Yorktown,,INF_SMID_LMI_20-065-074-C201_Yorktown,
INF_SMID_LMI_20-065-075-C203_GONZALES_SF,3,1,1,0,1,0,1,12,1,0,12,0,12,12,2020-01-01,2023-10-01,12,2020-01-01,2023-10-01,0,,,Sewer Facilities,Sewer Facilities,,Sewer Facilities,,Construction/reconstruction of water/sewer lines or systems,Construction/reconstruction of water/sewer lines or systems,,Construction/reconstruction of water/sewer lines or systems,,"Gonzales, City Of","Gonzales, City Of",,"Gonzales, City Of",,INF_SMID_LMI_20-065-075-C203_Gonzales_SF,INF_SMID_LMI_20-065-075-C203_Gonzales_SF,,INF_SMID_LMI_20-065-075-C203_Gonzales_SF,
INF_SMID_LMI_20-065-076-C218_POINTCOMFORT_F&D,2,1,0,0,1,0,1,15,0,0,15,0,15,15,2020-01-01,2024-07-01,15,2020-01-01,2024-07-01,0,,,Flood and Drainage Facilities,,,Flood and Drainage Facilities,,Rehabilitation/reconstruction of a public improvement,,,Rehabilitation/reconstruction of a public improvement,,Point Comfort City Hall,,,Point Comfort City Hall,,INF_SMID_LMI_20-065-076-C218_PointComfort_F&D,,,INF_SMID_LMI_20-065-076-C218_PointComfort_F&D,
INF_SMID_LMI_20-065-076-C218_POINTCOMFORT_SI,2,1,0,0,1,0,1,15,0,0,15,0,15,15,2020-01-01,2024-07-01,15,2020-01-01,2024-07-01,0,,,Street Improvements,,,Street Improvements,,Construction/reconstruction of streets,,,Construction/reconstruction of streets,,Point Comfort City Hall,,,Point Comfort City Hall,,INF_SMID_LMI_20-065-076-C218_PointComfort_SI,,,INF_SMID_LMI_20-065-076-C218_PointComfort_SI,
INF_SMID_LMI_20-065-076-C218_POINTCOMFORT_WF,2,1,0,0,1,0,1,15,0,0,14,0,14,15,2020-01-01,2024-07-01,14,2020-01-01,2024-04-01,0,,,Water Facilities,,,Water Facilities,,Construction/reconstruction of water/sewer lines or systems,,,Construction/reconstruction of water/sewer lines or systems,,Point Comfort City Hall,,,Point Comfort City Hall,,INF_SMID_LMI_20-065-076-C218_PointComfort_WF,,,INF_SMID_LMI_20-065-076-C218_PointComfort_WF,
INF_SMID_LMI_20-065-079-C231_COLORADOCOUNTY,3,1,1,0,1,0,1,12,1,0,9,0,9,12,2020-01-01,2024-04-01,9,2020-01-01,2023-10-01,0,,,Flood and Drainage Facilities,Flood and Drainage Facilities,,Flood and Drainage Facilities,,Rehabilitation/reconstruction of a public improvement,Rehabilitation/reconstruction of a public improvement,,Rehabilitation/reconstruction of a public improvement,,"Colorado, County of","Colorado, County of",,"Colorado, County of",,INF_SMID_LMI_20-065-079-C231_ColoradoCounty,INF_SMID_LMI_20-065-079-C231_ColoradoCounty,,INF_SMID_LMI_20-065-079-C231_ColoradoCounty,
INF_SMID_LMI_20-065-085-C246_YOAKUM_F&D,2,1,0,0,1,0,1,9,0,0,8,0,8,9,2020-04-01,2024-04-01,8,2020-04-01,2024-04-01,0,,,Flood and Drainage Facilities,,,Flood and Drainage Facilities,,Rehabilitation/reconstruction of a public improvement,,,Rehabilitation/reconstruction of a public improvement,,"YOAKUM, CITY OF",,,"YOAKUM, CITY OF",,INF_SMID_LMI_20-065-085-C246_Yoakum_F&D,,,INF_SMID_LMI_20-065-085-C246_Yoakum_F&D,
INF_SMID_LMI_20-065-085-C246_YOAKUM_PF,2,1,0,0,1,0,1,14,0,0,13,0,13,14,2020-04-01,2024-04-01,13,2020-04-01,2024-04-01,0,,,Public Facilities,,,Public Facilities,,Rehabilitation/reconstruction of public facilities,,,Rehabilitation/reconstruction of public facilities,,"YOAKUM, CITY OF",,,"YOAKUM, CITY OF",,INF_SMID_LMI_20-065-085-C246_Yoakum_PF,,,INF_SMID_LMI_20-065-085-C246_Yoakum_PF,
INF_SMID_LMI_20-065-085-C246_YOAKUM_SF,2,1,0,0,1,0,1,11,0,0,10,0,10,11,2020-04-01,2024-04-01,10,2020-04-01,2024-04-01,0,,,Sewer Facilities,,,Sewer Facilities,,Construction/reconstruction of water/sewer lines or systems,,,Construction/reconstruction of water/sewer lines or systems,,"YOAKUM, CITY OF",,,"YOAKUM, CITY OF",,INF_SMID_LMI_20-065-085-C246_Yoakum_SF,,,INF_SMID_LMI_20-065-085-C246_Yoakum_SF,
INF_SMID_LMI_20-065-085-C246_YOAKUM_SI,2,1,0,0,1,0,1,10,0,0,9,0,9,10,2020-04-01,2024-04-01,9,2020-04-01,2024-04-01,0,,,Street Improvements,,,Street Improvements,,Construction/reconstruction of streets,,,Construction/reconstruction of streets,,"YOAKUM, CITY OF",,,"YOAKUM, CITY OF",,INF_SMID_LMI_20-065-085-C246_Yoakum_SI,,,INF_SMID_LMI_20-065-085-C246_Yoakum_SI,
INF_SMID_LMI_20-065-085-C246_YOAKUM_WF,2,1,0,0,1,0,1,11,0,0,10,0,10,11,2020-04-01,2024-04-01,10,2020-04-01,2024-04-01,0,,,Water Facilities,,,Water Facilities,,Construction/reconstruction of water/sewer lines or systems,,,Construction/reconstruction of water/sewer lines or systems,,"YOAKUM, CITY OF",,,"YOAKUM, CITY OF",,INF_SMID_LMI_20-065-085-C246_Yoakum_WF,,,INF_SMID_LMI_20-065-085-C246_Yoakum_WF,
INF_SMID_LMI_20-065-096-C267_JACKSONCOUNTY,2,1,0,0,1,0,1,9,0,0,9,0,9,9,2020-01-01,2025-07-01,9,2020-01-01,2025-07-01,0,,,Street Improvements,,,Street Improvements,,Construction/reconstruction of streets,,,Construction/reconstruction of streets,,"Jackson, County of",,,"Jackson, County of",,INF_SMID_LMI_20-065-096-C267_JacksonCounty,,,INF_SMID_LMI_20-065-096-C267_JacksonCounty,
INF_SMID_LMI_20-065-099-C271_GOLIADCOUNTY_SI,2,1,0,0,1,0,1,12,0,0,12,0,12,12,2020-01-01,2023-10-01,12,2020-01-01,2023-10-01,0,,,Street Improvements,,,Street Improvements,,Construction/reconstruction of streets,,,Construction/reconstruction of streets,,"Goliad, County of",,,"Goliad, County of",,INF_SMID_LMI_20-065-099-C271_GoliadCounty_SI,,,INF_SMID_LMI_20-065-099-C271_GoliadCounty_SI,
INF_SMID_LMI_20-065-099-C271_GOLIADCOUNTY_WF,2,1,0,0,1,0,1,10,0,0,10,0,10,10,2020-01-01,2023-10-01,10,2020-01-01,2023-10-01,0,,,Water Facilities,,,Water Facilities,,Construction/reconstruction of water/sewer lines or systems,,,Construction/reconstruction of water/sewer lines or systems,,"Goliad, County of",,,"Goliad, County of",,INF_SMID_LMI_20-065-099-C271_GoliadCounty_WF,,,INF_SMID_LMI_20-065-099-C271_GoliadCounty_WF,
INF_SMID_LMI_20-065-100-C273_GRIMESCOUNTY,3,1,1,0,1,0,1,9,1,0,8,0,8,9,2020-01-01,2025-07-01,8,2020-01-01,2025-07-01,0,,,Flood and Drainage Facilities,Flood and Drainage Facilities,,Flood and Drainage Facilities,,Rehabilitation/reconstruction of a public improvement,Rehabilitation/reconstruction of a public improvement,,Rehabilitation/reconstruction of a public improvement,,Grimes County,Grimes County,,Grimes County,,INF_SMID_LMI_20-065-100-C273_GrimesCounty,INF_SMID_LMI_20-065-100-C273_GrimesCounty,,INF_SMID_LMI_20-065-100-C273_GrimesCounty,
INF_SMID_LMI_20-065-103-C278_SEADRIFT_PF,2,1,0,0,1,0,1,15,0,0,15,0,15,15,2020-01-01,2025-01-01,15,2020-01-01,2025-01-01,0,,,Public Facilities,,,Public Facilities,,Rehabilitation/reconstruction of public facilities,,,Rehabilitation/reconstruction of public facilities,,Seadrift,,,Seadrift,,INF_SMID_LMI_20-065-103-C278_Seadrift_PF,,,INF_SMID_LMI_20-065-103-C278_Seadrift_PF,
INF_SMID_LMI_20-065-103-C278_SEADRIFT_SF,2,1,0,0,1,0,1,8,0,0,7,0,7,8,2020-01-01,2024-07-01,7,2020-01-01,2024-07-01,0,,,Sewer Facilities,,,Sewer Facilities,,Construction/reconstruction of water/sewer lines or systems,,,Construction/reconstruction of water/sewer lines or systems,,Seadrift,,,Seadrift,,INF_SMID_LMI_20-065-103-C278_Seadrift_SF,,,INF_SMID_LMI_20-065-103-C278_Seadrift_SF,
INF_SMID_LMI_20-065-103-C278_SEADRIFT_WF,2,1,0,0,1,0,1,15,0,0,14,0,14,15,2020-01-01,2025-10-01,14,2020-01-01,2025-10-01,0,,,Water Facilities,,,Water Facilities,,Construction/reconstruction of water/sewer lines or systems,,,Construction/reconstruction of water/sewer lines or systems,,Seadrift,,,Seadrift,,INF_SMID_LMI_20-065-103-C278_Seadrift_WF,,,INF_SMID_LMI_20-065-103-C278_Seadrift_WF,
INF_SMID_LMI_20-065-104-C279_WALKERCOUNTY,2,1,0,0,1,0,1,16,0,0,16,0,16,16,2020-04-01,2025-07-01,16,2020-04-01,2025-07-01,0,,,Street Improvements,,,Street Improvements,,Construction/reconstruction of streets,,,Construction/reconstruction of streets,,Walker County,,,Walker County,,INF_SMID_LMI_20-065-104-C279_WalkerCounty,,,INF_SMID_LMI_20-065-104-C279_WalkerCounty,
INF_SMID_LMI_20-065-108-C295_PALACIOS,3,1,1,0,1,0,1,13,1,0,11,0,11,13,2020-04-01,2025-07-01,11,2020-04-01,2023-10-01,0,,,Street Improvements,Street Improvements,,Street Improvements,,Construction/reconstruction of streets,Construction/reconstruction of streets,,Construction/reconstruction of streets,,Palacios,Palacios,,Palacios,,INF_SMID_LMI_20-065-108-C295_Palacios,INF_SMID_LMI_20-065-108-C295_Palacios,,INF_SMID_LMI_20-065-108-C295_Palacios,
INF_SMID_LMI_20-065-111-C308_MILAMCOUNTY,3,1,1,0,1,0,1,10,1,0,9,0,9,10,2020-04-01,2025-07-01,9,2020-04-01,2025-07-01,0,,,Flood and Drainage Facilities,Flood and Drainage Facilities,,Flood and Drainage Facilities,,Rehabilitation/reconstruction of a public improvement,Rehabilitation/reconstruction of a public improvement,,Rehabilitation/reconstruction of a public improvement,,Milam County,Milam County,,Milam County,,INF_SMID_LMI_20-065-111-C308_MilamCounty,INF_SMID_LMI_20-065-111-C308_MilamCounty,,INF_SMID_LMI_20-065-111-C308_MilamCounty,
INF_SMID_LMI_20-065-112-C309_WAELDER_F&D,2,1,0,0,1,0,1,4,0,0,2,0,2,4,2020-04-01,2023-04-01,2,2020-04-01,2022-10-01,0,,,Flood and Drainage Facilities,,,Flood and Drainage Facilities,,Rehabilitation/reconstruction of a public improvement,,,Rehabilitation/reconstruction of a public improvement,,"Waelder, City of",,,"Waelder, City of",,INF_SMID_LMI_20-065-112-C309_Waelder_F&D,,,INF_SMID_LMI_20-065-112-C309_Waelder_F&D,
INF_SMID_LMI_20-065-112-C309_WAELDER_SF,2,1,0,0,1,0,1,4,0,0,2,0,2,4,2020-04-01,2023-04-01,2,2020-04-01,2022-10-01,0,,,Sewer Facilities,,,Sewer Facilities,,Construction/reconstruction of water/sewer lines or systems,,,Construction/reconstruction of water/sewer lines or systems,,"Waelder, City of",,,"Waelder, City of",,INF_SMID_LMI_20-065-112-C309_Waelder_SF,,,INF_SMID_LMI_20-065-112-C309_Waelder_SF,
INF_SMID_LMI_20-065-123-C430_MATAGORDACOUNTY_F&D,2,1,0,0,1,0,1,15,0,0,15,0,15,15,2020-04-01,2025-10-01,15,2020-04-01,2025-10-01,0,,,Flood and Drainage Facilities,,,Flood and Drainage Facilities,,Rehabilitation/reconstruction of a public improvement,,,Rehabilitation/reconstruction of a public improvement,,"Matagorda, County of",,,"Matagorda, County of",,INF_SMID_LMI_20-065-123-C430_MatagordaCounty_F&D,,,INF_SMID_LMI_20-065-123-C430_MatagordaCounty_F&D,
INF_SMID_LMI_20-065-123-C430_MATAGORDACOUNTY_SF,2,1,0,0,1,0,1,17,0,0,17,0,17,17,2020-04-01,2025-07-01,17,2020-04-01,2025-07-01,0,,,Sewer Facilities,,,Sewer Facilities,,Construction/reconstruction of water/sewer lines or systems,,,Construction/reconstruction of water/sewer lines or systems,,"Matagorda, County of",,,"Matagorda, County of",,INF_SMID_LMI_20-065-123-C430_MatagordaCounty_SF,,,INF_SMID_LMI_20-065-123-C430_MatagordaCounty_SF,
INF_SMID_LMI_20-065-123-C430_MATAGORDACOUNTY_WF,2,1,0,0,1,0,1,15,0,0,15,0,15,15,2020-04-01,2025-07-01,15,2020-04-01,2025-07-01,0,,,Water Facilities,,,Water Facilities,,Construction/reconstruction of water/sewer lines or systems,,,Construction/reconstruction of water/sewer lines or systems,,"Matagorda, County of",,,"Matagorda, County of",,INF_SMID_LMI_20-065-123-C430_MatagordaCounty_WF,,,INF_SMID_LMI_20-065-123-C430_MatagordaCounty_WF,
INF_SMID_LMI_20-065-139-C527_BASTROPCOUNTY_F&D,2,1,0,0,1,0,1,5,0,0,5,0,5,5,2020-07-01,2025-10-01,5,2020-07-01,2025-10-01,0,,,Flood and Drainage,,,Flood and Drainage,,Rehabilitation/reconstruction of a public improvement,,,Rehabilitation/reconstruction of a public improvement,,Bastrop County,,,Bastrop County,,INF_SMID_LMI_20-065-139-C527_BastropCounty_F&D,,,INF_SMID_LMI_20-065-139-C527_BastropCounty_F&D,
INF_SMID_LMI_24-074-001-E284_SOMERVILLE_F&D,3,1,1,0,1,0,1,2,1,0,2,0,2,2,2024-04-01,2025-07-01,2,2024-04-01,2025-07-01,0,,,Flood and Drainage,Flood and Drainage,,Flood and Drainage,,Rehabilitation/reconstruction of a public improvement,Rehabilitation/reconstruction of a public improvement,,Rehabilitation/reconstruction of a public improvement,,Somerville,Somerville,,Somerville,,INF_SMID_LMI_24-074-001-E284_Somerville_F&D,INF_SMID_LMI_24-074-001-E284_Somerville_F&D,,INF_SMID_LMI_24-074-001-E284_Somerville_F&D,
INF_SMID_LMI_24-074-002-E285_GRIMESCOUNTY_SI,2,1,0,0,1,0,1,1,0,0,1,0,1,1,2025-04-01,2025-04-01,1,2025-04-01,2025-04-01,0,,,Street Improvements,,,Street Improvements,,Construction/reconstruction of streets,,,Construction/reconstruction of streets,,Grimes County,,,Grimes County,,INF_SMID_LMI_24-074-002-E285_GrimesCounty_SI,,,INF_SMID_LMI_24-074-002-E285_GrimesCounty_SI,
INF_SMID_LMI_24-074-003-E286_ANDERSON_F&D,2,1,0,0,1,0,1,3,0,0,3,0,3,3,2025-07-01,2026-01-01,3,2025-07-01,2026-01-01,0,,,Flood and Drainage Facilities,,,Flood and Drainage Facilities,,Rehabilitation/reconstruction of a public improvement,,,Rehabilitation/reconstruction of a public improvement,,"Anderson, City Of",,,"Anderson, City Of",,INF_SMID_LMI_24-074-003-E286_Anderson_F&D,,,INF_SMID_LMI_24-074-003-E286_Anderson_F&D,
INF_SMID_LMI_24-074-004-E287_IOLA_F&D,2,1,0,0,1,0,1,2,0,0,2,0,2,2,2025-01-01,2025-07-01,2,2025-01-01,2025-07-01,0,,,Flood and Drainage,,,Flood and Drainage,,Rehabilitation/reconstruction of a public improvement,,,Rehabilitation/reconstruction of a public improvement,,"Iola, City Of",,,"Iola, City Of",,INF_SMID_LMI_24-074-004-E287_Iola_F&D,,,INF_SMID_LMI_24-074-004-E287_Iola_F&D,
INF_SMID_LMI_24-074-005-E288_BEDIAS_SI,2,1,0,0,1,0,1,2,0,0,2,0,2,2,2025-01-01,2026-01-01,2,2025-01-01,2026-01-01,0,,,Street Improvements,,,Street Improvements,,Construction/reconstruction of streets,,,Construction/reconstruction of streets,,"Bedias, City of",,,"Bedias, City of",,INF_SMID_LMI_24-074-005-E288_Bedias_SI,,,INF_SMID_LMI_24-074-005-E288_Bedias_SI,
INF_SMID_LMI_24-074-006-E289_TODDMISSION_F&D,2,1,0,0,1,0,1,4,0,0,4,0,4,4,2025-04-01,2026-01-01,4,2025-04-01,2026-01-01,0,,,Flood and Drainage,,,Flood and Drainage,,Rehabilitation/reconstruction of a public improvement,,,Rehabilitation/reconstruction of a public improvement,,"Todd Mission, City of",,,"Todd Mission, City of",,INF_SMID_LMI_24-074-006-E289_ToddMission_F&D,,,INF_SMID_LMI_24-074-006-E289_ToddMission_F&D,
INF_SMID_LMI_24-074-009-F149_EDNA_SF,2,1,0,0,1,0,1,1,0,0,1,0,1,1,2025-07-01,2025-07-01,1,2025-07-01,2025-07-01,0,,,Sewer Facilities,,,Sewer Facilities,,Construction/reconstruction of water/sewer lines or systems,,,Construction/reconstruction of water/sewer lines or systems,,"Edna, City of",,,"Edna, City of",,INF_SMID_LMI_24-074-009-F149_Edna_SF,,,INF_SMID_LMI_24-074-009-F149_Edna_SF,
INF_SMID_LMI_24-074-010-F150_JACKSONCOUNTY_SI,2,1,0,0,1,0,1,1,0,0,1,0,1,1,2025-07-01,2025-07-01,1,2025-07-01,2025-07-01,0,,,Street Improvements,,,Street Improvements,,Construction/reconstruction of streets,,,Construction/reconstruction of streets,,"Jackson, County of",,,"Jackson, County of",,INF_SMID_LMI_24-074-010-F150_JacksonCounty_SI,,,INF_SMID_LMI_24-074-010-F150_JacksonCounty_SI,
INF_SMID_LMI_24-074-011-F151_GOLIAD_SF,2,1,0,0,1,0,1,2,0,0,2,0,2,2,2025-07-01,2026-01-01,2,2025-07-01,2026-01-01,0,,,Sewer Facilities,,,Sewer Facilities,,Construction/reconstruction of water/sewer lines or systems,,,Construction/reconstruction of water/sewer lines or systems,,"Goliad, City Of",,,"Goliad, City Of",,INF_SMID_LMI_24-074-011-F151_Goliad_SF,,,INF_SMID_LMI_24-074-011-F151_Goliad_SF,
INF_SMID_LMI_24-074-012-F152_GOLIADCOUNTY_WF,2,1,0,0,1,0,1,1,0,0,1,0,1,1,2025-07-01,2025-07-01,1,2025-07-01,2025-07-01,0,,,Water Facilities,,,Water Facilities,,Construction/reconstruction of water/sewer lines or systems,,,Construction/reconstruction of water/sewer lines or systems,,"Goliad, County of",,,"Goliad, County of",,INF_SMID_LMI_24-074-012-F152_GoliadCounty_WF,,,INF_SMID_LMI_24-074-012-F152_GoliadCounty_WF,
INF_SMID_LMI_GRANTEESUPPORT[H5B]_F&D,2,1,0,0,1,0,1,8,0,0,8,0,8,8,2024-04-01,2026-01-01,8,2024-04-01,2026-01-01,0,,,Infrastructure Grantee Support for Subrecipient SMID LMI Reconstruction of a Public Improvement,,,Infrastructure Grantee Support for Subrecipient SMID LMI Reconstruction of a Public Improvement,,Rehabilitation/reconstruction of a public improvement,,,Rehabilitation/reconstruction of a public improvement,,Texas General Land Office,,,Texas General Land Office,,INF_SMID_LMI_GranteeSupport[H5b]_F&D,,,INF_SMID_LMI_GranteeSupport[H5b]_F&D,
INF_SMID_LMI_GRANTEESUPPORT[H5B]_PF,2,1,0,0,1,0,1,8,0,0,8,0,8,8,2024-04-01,2026-01-01,8,2024-04-01,2026-01-01,0,,,Infrastructure Grantee Support for Subrecipient SMID LMI Public Facilities Activities,,,Infrastructure Grantee Support for Subrecipient SMID LMI Public Facilities Activities,,Rehabilitation/reconstruction of public facilities,,,Rehabilitation/reconstruction of public facilities,,Texas General Land Office,,,Texas General Land Office,,INF_SMID_LMI_GranteeSupport[H5b]_PF,,,INF_SMID_LMI_GranteeSupport[H5b]_PF,
INF_SMID_LMI_GRANTEESUPPORT[H5B]_SI,2,1,0,0,1,0,1,8,0,0,8,0,8,8,2024-04-01,2026-01-01,8,2024-04-01,2026-01-01,0,,,Infrastructure Grantee Support for Subrecipient SMID LMI Street Improvement Activities,,,Infrastructure Grantee Support for Subrecipient SMID LMI Street Improvement Activities,,Construction/reconstruction of streets,,,Construction/reconstruction of streets,,Texas General Land Office,,,Texas General Land Office,,INF_SMID_LMI_GranteeSupport[H5b]_SI,,,INF_SMID_LMI_GranteeSupport[H5b]_SI,
INF_SMID_LMI_GRANTEESUPPORT[H5B]_WSF,2,1,0,0,1,0,1,8,0,0,8,0,8,8,2024-04-01,2026-01-01,8,2024-04-01,2026-01-01,0,,,Infrastructure Grantee Support for Subrecipient SMID LMI Water or Sewer lines or systems Activities,,,Infrastructure Grantee Support for Subrecipient SMID LMI Water or Sewer lines or systems Activities,,Construction/reconstruction of water/sewer lines or systems,,,Construction/reconstruction of water/sewer lines or systems,,Texas General Land Office,,,Texas General Land Office,,INF_SMID_LMI_GranteeSupport[H5b]_WSF,,,INF_SMID_LMI_GranteeSupport[H5b]_WSF,
INF_SMID_NA_20-065-021-C076_SABINECOUNTY,2,1,0,0,1,0,1,9,0,0,8,0,8,9,2020-01-01,2023-10-01,8,2020-01-01,2023-10-01,0,,,Infrastructure Planning Study,,,Infrastructure Planning Study,,Planning,,,Planning,,Sabine County,,,Sabine County,,INF_SMID_NA_20-065-021-C076_SabineCounty,,,INF_SMID_NA_20-065-021-C076_SabineCounty,
INF_SMID_NA_20-065-139-C527_BASTROPCOUNTY_PLAN,2,1,0,0,1,0,1,5,0,0,5,0,5,5,2020-07-01,2023-10-01,5,2020-07-01,2023-10-01,0,,,Planning Study,,,Planning Study,,Planning,,,Planning,,Bastrop County,,,Bastrop County,,INF_SMID_NA_20-065-139-C527_BastropCounty_PLAN,,,INF_SMID_NA_20-065-139-C527_BastropCounty_PLAN,
INF_SMID_NA_GRANTEESUPPORT[H5B]_PLAN,2,1,0,0,1,0,1,8,0,0,8,0,8,8,2024-04-01,2026-01-01,8,2024-04-01,2026-01-01,0,,,Infrastructure Grantee Support for Subrecipient SMID Planning Activities,,,Infrastructure Grantee Support for Subrecipient SMID Planning Activities,,Planning,,,Planning,,Texas General Land Office,,,Texas General Land Office,,INF_SMID_NA_GranteeSupport[H5b]_PLAN,,,INF_SMID_NA_GranteeSupport[H5b]_PLAN,
INF_SMID_UN_20-065-047-C139_GONZALES,3,1,1,0,1,0,1,10,1,0,9,0,9,10,2020-01-01,2024-01-01,9,2020-01-01,2024-01-01,0,,,Water Facilities,Water Facilities,,Water Facilities,,Construction/reconstruction of water/sewer lines or systems,Construction/reconstruction of water/sewer lines or systems,,Construction/reconstruction of water/sewer lines or systems,,Gonzales County,Gonzales County,,Gonzales County,,INF_SMID_UN_20-065-047-C139_Gonzales,INF_SMID_UN_20-065-047-C139_Gonzales,,INF_SMID_UN_20-065-047-C139_Gonzales,
INF_SMID_UN_20-065-065-C184_AUSTINCOUNTY,2,1,0,0,1,0,1,17,0,0,17,0,17,17,2020-01-01,2026-01-01,17,2020-01-01,2026-01-01,0,,,Street Improvements,,,Street Improvements,,Construction/reconstruction of streets,,,Construction/reconstruction of streets,,Austin County,,,Austin County,,INF_SMID_UN_20-065-065-C184_AustinCounty,,,INF_SMID_UN_20-065-065-C184_AustinCounty,
INF_SMID_UN_20-065-096-C267_JACKSONCOUNTY,3,1,1,0,1,0,1,9,1,0,9,0,9,9,2020-01-01,2023-10-01,9,2020-01-01,2023-10-01,0,,,Street Improvements,Street Improvements,,Street Improvements,,Construction/reconstruction of streets,Construction/reconstruction of streets,,Construction/reconstruction of streets,,"Jackson, County of","Jackson, County of",,"Jackson, County of",,INF_SMID_UN_20-065-096-C267_JacksonCounty,INF_SMID_UN_20-065-096-C267_JacksonCounty,,INF_SMID_UN_20-065-096-C267_JacksonCounty,
INF_SMID_UN_20-065-099-C271_GOLIADCOUNTY_PF,2,1,0,0,1,0,1,11,0,0,11,0,11,11,2020-01-01,2023-10-01,11,2020-01-01,2023-10-01,0,,,Public Facilities,,,Public Facilities,,Rehabilitation/reconstruction of public facilities,,,Rehabilitation/reconstruction of public facilities,,"Goliad, County of",,,"Goliad, County of",,INF_SMID_UN_20-065-099-C271_GoliadCounty_PF,,,INF_SMID_UN_20-065-099-C271_GoliadCounty_PF,
INF_SMID_UN_20-065-104-C279_WALKERCOUNTY,2,1,0,0,1,0,1,11,0,0,11,0,11,11,2020-04-01,2025-07-01,11,2020-04-01,2025-07-01,0,,,Street Improvements,,,Street Improvements,,Construction/reconstruction of streets,,,Construction/reconstruction of streets,,Walker County,,,Walker County,,INF_SMID_UN_20-065-104-C279_WalkerCounty,,,INF_SMID_UN_20-065-104-C279_WalkerCounty,
INF_SMID_UN_20-065-104-C279_WALKERCOUNTY_F&D,2,1,0,0,1,0,1,11,0,0,11,0,11,11,2020-04-01,2025-07-01,11,2020-04-01,2025-07-01,0,,,Flood and Drainage Facilities,,,Flood and Drainage Facilities,,Rehabilitation/reconstruction of a public improvement,,,Rehabilitation/reconstruction of a public improvement,,Walker County,,,Walker County,,INF_SMID_UN_20-065-104-C279_WalkerCounty_F&D,,,INF_SMID_UN_20-065-104-C279_WalkerCounty_F&D,
INF_SMID_UN_20-065-111-C308_MILAMCOUNTY,2,1,0,0,1,0,1,9,0,0,9,0,9,9,2020-04-01,2025-07-01,9,2020-04-01,2025-07-01,0,,,Street Improvements,,,Street Improvements,,Construction/reconstruction of streets,,,Construction/reconstruction of streets,,Milam County,,,Milam County,,INF_SMID_UN_20-065-111-C308_MilamCounty,,,INF_SMID_UN_20-065-111-C308_MilamCounty,
INF_SMID_UN_20-065-116-C377_ANDERSON,3,1,1,0,1,0,1,9,1,0,8,0,8,9,2020-04-01,2025-10-01,8,2020-04-01,2025-10-01,0,,,Flood and Drainage Facilities,Flood and Drainage Facilities,,Flood and Drainage Facilities,,Rehabilitation/reconstruction of a public improvement,Rehabilitation/reconstruction of a public improvement,,Rehabilitation/reconstruction of a public improvement,,"Anderson, City Of","Anderson, City Of",,"Anderson, City Of",,INF_SMID_UN_20-065-116-C377_Anderson,INF_SMID_UN_20-065-116-C377_Anderson,,INF_SMID_UN_20-065-116-C377_Anderson,
INF_SMID_UN_20-065-123-C430_MATAGORDACOUNTY_SF,2,1,0,0,1,0,1,16,0,0,16,0,16,16,2020-04-01,2025-10-01,16,2020-04-01,2025-10-01,0,,,Sewer Facilities,,,Sewer Facilities,,Construction/reconstruction of water/sewer lines or systems,,,Construction/reconstruction of water/sewer lines or systems,,"Matagorda, County of",,,"Matagorda, County of",,INF_SMID_UN_20-065-123-C430_MatagordaCounty_SF,,,INF_SMID_UN_20-065-123-C430_MatagordaCounty_SF,
INF_SMID_UN_20-065-124-C435_LEECOUNTY,2,1,0,0,1,0,1,10,0,0,10,0,10,10,2020-04-01,2025-01-01,10,2020-04-01,2025-01-01,0,,,Street Improvements,,,Street Improvements,,Construction/reconstruction of streets,,,Construction/reconstruction of streets,,"Lee, County of",,,"Lee, County of",,INF_SMID_UN_20-065-124-C435_LeeCounty,,,INF_SMID_UN_20-065-124-C435_LeeCounty,
INF_SMID_UN_20-065-128-C439_HUNTSVILLE_F&D,2,1,0,0,1,0,1,8,0,0,8,0,8,8,2020-07-01,2024-07-01,8,2020-07-01,2024-07-01,0,,,Flood and Drainage,,,Flood and Drainage,,Rehabilitation/reconstruction of a public improvement,,,Rehabilitation/reconstruction of a public improvement,,Huntsville,,,Huntsville,,INF_SMID_UN_20-065-128-C439_Huntsville_F&D,,,INF_SMID_UN_20-065-128-C439_Huntsville_F&D,
INF_SMID_UN_20-065-128-C439_HUNTSVILLE_SI,2,1,0,0,1,0,1,6,0,0,6,0,6,6,2020-07-01,2024-07-01,6,2020-07-01,2024-07-01,0,,,Street Improvements,,,Street Improvements,,Construction/reconstruction of streets,,,Construction/reconstruction of streets,,Huntsville,,,Huntsville,,INF_SMID_UN_20-065-128-C439_Huntsville_SI,,,INF_SMID_UN_20-065-128-C439_Huntsville_SI,
INF_SMID_UN_20-065-132-C443_SEALY,3,1,1,0,1,0,1,8,1,0,7,0,7,8,2020-07-01,2024-04-01,7,2020-07-01,2024-04-01,0,,,Water Facilities,Water Facilities,,Water Facilities,,Construction/reconstruction of water/sewer lines or systems,Construction/reconstruction of water/sewer lines or systems,,Construction/reconstruction of water/sewer lines or systems,,Sealy,Sealy,,Sealy,,INF_SMID_UN_20-065-132-C443_Sealy,INF_SMID_UN_20-065-132-C443_Sealy,,INF_SMID_UN_20-065-132-C443_Sealy,
INF_SMID_UN_20-065-137-C503_KATY,2,1,0,0,1,0,1,9,0,0,9,0,9,9,2020-07-01,2025-10-01,9,2020-07-01,2025-10-01,0,,,Flood and Drainage,,,Flood and Drainage,,Rehabilitation/reconstruction of a public improvement,,,Rehabilitation/reconstruction of a public improvement,,"Katy, City of",,,"Katy, City of",,INF_SMID_UN_20-065-137-C503_Katy,,,INF_SMID_UN_20-065-137-C503_Katy,
INF_SMID_UN_20-065-139-C527_BASTROPCOUNTY_F&D,3,1,1,0,1,0,1,12,1,0,12,0,12,12,2020-07-01,2023-10-01,12,2020-07-01,2023-10-01,0,,,Flood and Drainage,Flood and Drainage,,Flood and Drainage,,Rehabilitation/reconstruction of a public improvement,Rehabilitation/reconstruction of a public improvement,,Rehabilitation/reconstruction of a public improvement,,Bastrop County,Bastrop County,,Bastrop County,,INF_SMID_UN_20-065-139-C527_BastropCounty_F&D,INF_SMID_UN_20-065-139-C527_BastropCounty_F&D,,INF_SMID_UN_20-065-139-C527_BastropCounty_F&D,
INF_SMID_UN_20-065-139-C527_BASTROPCOUNTY_SI,2,1,0,0,1,0,1,4,0,0,4,0,4,4,2020-07-01,2023-10-01,4,2020-07-01,2023-10-01,0,,,Street Improvements,,,Street Improvements,,Construction/reconstruction of streets,,,Construction/reconstruction of streets,,Bastrop County,,,Bastrop County,,INF_SMID_UN_20-065-139-C527_BastropCounty_SI,,,INF_SMID_UN_20-065-139-C527_BastropCounty_SI,
INF_SMID_UN_GRANTEESUPPORT[H5B]_F&D,2,1,0,0,1,0,1,8,0,0,8,0,8,8,2024-04-01,2026-01-01,8,2024-04-01,2026-01-01,0,,,Infrastructure Grantee Support for Subrecipient SMID UN Reconstruction of a Public Improvement,,,Infrastructure Grantee Support for Subrecipient SMID UN Reconstruction of a Public Improvement,,Rehabilitation/reconstruction of a public improvement,,,Rehabilitation/reconstruction of a public improvement,,Texas General Land Office,,,Texas General Land Office,,INF_SMID_UN_GranteeSupport[H5b]_F&D,,,INF_SMID_UN_GranteeSupport[H5b]_F&D,
INF_SMID_UN_GRANTEESUPPORT[H5B]_PF,2,1,0,0,1,0,1,8,0,0,8,0,8,8,2024-04-01,2026-01-01,8,2024-04-01,2026-01-01,0,,,Infrastructure Grantee Support for Subrecipient SMID UN Public Facilities Activities,,,Infrastructure Grantee Support for Subrecipient SMID UN Public Facilities Activities,,Rehabilitation/reconstruction of public facilities,,,Rehabilitation/reconstruction of public facilities,,Texas General Land Office,,,Texas General Land Office,,INF_SMID_UN_GranteeSupport[H5b]_PF,,,INF_SMID_UN_GranteeSupport[H5b]_PF,
INF_SMID_UN_GRANTEESUPPORT[H5B]_SI,2,1,0,0,1,0,1,8,0,0,8,0,8,8,2024-04-01,2026-01-01,8,2024-04-01,2026-01-01,0,,,Infrastructure Grantee Support for Subrecipient SMID UN Street Improvement Activities,,,Infrastructure Grantee Support for Subrecipient SMID UN Street Improvement Activities,,Construction/reconstruction of streets,,,Construction/reconstruction of streets,,Texas General Land Office,,,Texas General Land Office,,INF_SMID_UN_GranteeSupport[H5b]_SI,,,INF_SMID_UN_GranteeSupport[H5b]_SI,
INF_SMID_UN_GRANTEESUPPORT[H5B]_WSF,2,1,0,0,1,0,1,8,0,0,8,0,8,8,2024-04-01,2026-01-01,8,2024-04-01,2026-01-01,0,,,Infrastructure Grantee Support for Subrecipient SMID UN Water or Sewer lines or systems Activities,,,Infrastructure Grantee Support for Subrecipient SMID UN Water or Sewer lines or systems Activities,,Construction/reconstruction of water/sewer lines or systems,,,Construction/reconstruction of water/sewer lines or systems,,Texas General Land Office,,,Texas General Land Office,,INF_SMID_UN_GranteeSupport[H5b]_WSF,,,INF_SMID_UN_GranteeSupport[H5b]_WSF,
LBAP[SUBRECIPIENT RESERVE],1,0,0,0,1,0,1,0,0,0,12,0,12,0,,,12,2019-04-01,2023-10-01,0,,,,,,Local Buyout and Acquisition Program,,,,,Acquisition - buyout of residential properties,,,,,Texas General Land Office,,,,,LBAP[Subrecipient Reserve]-11022023164011,
LBAP_HMID_LMA_20-066-001-B956_MONTGOMERYCOUNTY,2,1,0,0,1,0,1,5,0,0,5,0,5,5,2023-01-01,2025-10-01,5,2023-01-01,2025-10-01,0,,,Buyout Program,,,Buyout Program,,Acquisition - buyout of residential properties,,,Acquisition - buyout of residential properties,,Montgomery County,,,Montgomery County,,LBAP_HMID_LMA_20-066-001-B956_MontgomeryCounty,,,LBAP_HMID_LMA_20-066-001-B956_MontgomeryCounty,
LBAP_HMID_LMA_20-066-022-C166_ROSECITY,2,1,0,0,1,0,1,4,0,0,4,0,4,4,2020-01-01,2024-04-01,4,2020-01-01,2024-04-01,0,,,Acquisition - general,,,Acquisition - general,,Acquisition - general,,,Acquisition - general,,Rose City,,,Rose City,,LBAP_HMID_LMA_20-066-022-C166_RoseCity,,,LBAP_HMID_LMA_20-066-022-C166_RoseCity,
LBAP_HMID_LMA_20-066-023-C168_VIDOR,2,1,0,0,1,0,1,5,0,0,4,0,4,5,2023-01-01,2025-10-01,4,2023-01-01,2025-10-01,0,,,Buyout Program,,,Buyout Program,,Acquisition - buyout of residential properties,,,Acquisition - buyout of residential properties,,Vidor,,,Vidor,,LBAP_HMID_LMA_20-066-023-C168_Vidor,,,LBAP_HMID_LMA_20-066-023-C168_Vidor,
LBAP_HMID_LMA_20-066-025-C202_BRIDGECITY,3,1,1,0,1,0,1,11,2,0,11,0,11,11,2020-01-01,2025-10-01,11,2020-01-01,2025-10-01,0,,,Buyout Program - Acquisition,Buyout Program - Acquisition,,Buyout Program - Acquisition,,Acquisition - buyout of residential properties,Acquisition - buyout of residential properties,,Acquisition - buyout of residential properties,,Bridge City,Bridge City,,Bridge City,,LBAP_HMID_LMA_20-066-025-C202_BridgeCity,LBAP_HMID_LMA_20-066-025-C202_BridgeCity,,LBAP_HMID_LMA_20-066-025-C202_BridgeCity,
LBAP_HMID_LMA_20-066-029-C223_WESTORANGE,2,1,0,0,1,0,1,9,0,0,7,0,7,9,2020-01-01,2024-10-01,7,2020-01-01,2024-07-01,0,,,Acquisition - general,,,Acquisition - general,,Acquisition - general,,,Acquisition - general,,CITY OF WEST ORANGE,,,CITY OF WEST ORANGE,,LBAP_HMID_LMA_20-066-029-C223_WestOrange,,,LBAP_HMID_LMA_20-066-029-C223_WestOrange,
LBAP_HMID_LMA_20-066-030-C224_INGLESIDE,2,1,0,0,1,0,1,8,0,0,8,0,8,8,2020-01-01,2025-01-01,8,2020-01-01,2025-01-01,0,,,Acquisition - general,,,Acquisition - general,,Acquisition - general,,,Acquisition - general,,Ingleside,,,Ingleside,,LBAP_HMID_LMA_20-066-030-C224_Ingleside,,,LBAP_HMID_LMA_20-066-030-C224_Ingleside,
LBAP_HMID_LMA_20-066-034-C232_PORTARTHUR_ACQ,3,1,1,0,1,0,1,7,1,0,7,0,7,7,2020-10-01,2025-10-01,7,2020-10-01,2025-10-01,0,,,Acquisition Program,Acquisition Program,,Acquisition Program,,Acquisition - general,Acquisition - general,,Acquisition - general,,Port Arthur,Port Arthur,,Port Arthur,,LBAP_HMID_LMA_20-066-034-C232_PortArthur_ACQ,LBAP_HMID_LMA_20-066-034-C232_PortArthur_ACQ,,LBAP_HMID_LMA_20-066-034-C232_PortArthur_ACQ,
LBAP_HMID_LMB_20-066-001-B956_MONTGOMERYCOUNTY,2,1,0,0,1,0,1,8,0,0,8,0,8,8,2019-10-01,2025-10-01,8,2019-10-01,2025-10-01,0,,,Buyout Program,,,Buyout Program,,Acquisition - buyout of residential properties,,,Acquisition - buyout of residential properties,,Montgomery County,,,Montgomery County,,LBAP_HMID_LMB_20-066-001-B956_MontgomeryCounty,,,LBAP_HMID_LMB_20-066-001-B956_MontgomeryCounty,
LBAP_HMID_LMB_20-066-004-C033_VICTORIACOUNTY,3,1,1,0,1,0,1,10,2,0,10,0,10,10,2019-10-01,2025-04-01,10,2019-10-01,2025-04-01,0,,,Buyout Program,Buyout Program,,Buyout Program,,Acquisition - buyout of residential properties,Acquisition - buyout of residential properties,,Acquisition - buyout of residential properties,,Victoria County,Victoria County,,Victoria County,,LBAP_HMID_LMB_20-066-004-C033_VictoriaCounty,LBAP_HMID_LMB_20-066-004-C033_VictoriaCounty,,LBAP_HMID_LMB_20-066-004-C033_VictoriaCounty,
LBAP_HMID_LMB_20-066-005-C034_WHARTON,2,1,0,0,1,0,1,8,0,0,8,0,8,8,2019-10-01,2025-10-01,8,2019-10-01,2025-10-01,0,,,Buyout Program,,,Buyout Program,,Acquisition - buyout of residential properties,,,Acquisition - buyout of residential properties,,Wharton,,,Wharton,,LBAP_HMID_LMB_20-066-005-C034_Wharton,,,LBAP_HMID_LMB_20-066-005-C034_Wharton,
LBAP_HMID_LMB_20-066-007-C041_VICTORIA,4,1,1,1,1,0,1,12,6,1,12,0,12,12,2019-10-01,2025-10-01,12,2019-10-01,2025-10-01,0,,,Buyout Program,Buyout Program,Buyout Program,Buyout Program,,Acquisition - buyout of residential properties,Acquisition - buyout of residential properties,Acquisition - buyout of residential properties,Acquisition - buyout of residential properties,,"Victoria, City of (INC)","Victoria, City of (INC)","Victoria, City of (INC)","Victoria, City of (INC)",,LBAP_HMID_LMB_20-066-007-C041_Victoria,LBAP_HMID_LMB_20-066-007-C041_Victoria,LBAP_HMID_LMB_20-066-007-C041_Victoria,LBAP_HMID_LMB_20-066-007-C041_Victoria,
LBAP_HMID_LMB_20-066-008-C043_TEXASCITY,3,1,1,0,1,0,1,11,2,0,11,0,11,11,2019-10-01,2025-04-01,11,2019-10-01,2025-04-01,0,,,Buyout Program,Buyout Program,,Buyout Program,,Acquisition - buyout of residential properties,Acquisition - buyout of residential properties,,Acquisition - buyout of residential properties,,Texas City,Texas City,,Texas City,,LBAP_HMID_LMB_20-066-008-C043_TexasCity,LBAP_HMID_LMB_20-066-008-C043_TexasCity,,LBAP_HMID_LMB_20-066-008-C043_TexasCity,
LBAP_HMID_LMB_20-066-009-C052_WHARTONCOUNTY,2,1,0,0,1,0,1,10,0,0,10,0,10,10,2019-10-01,2025-07-01,10,2019-10-01,2025-07-01,0,,,Buyout Program,,,Buyout Program,,Acquisition - buyout of residential properties,,,Acquisition - buyout of residential properties,,"Wharton, County of",,,"Wharton, County of",,LBAP_HMID_LMB_20-066-009-C052_WhartonCounty,,,LBAP_HMID_LMB_20-066-009-C052_WhartonCounty,
LBAP_HMID_LMB_20-066-010-C063_FAYETTECOUNTY,4,1,1,1,1,0,1,14,8,1,14,0,14,14,2019-10-01,2025-07-01,14,2019-10-01,2025-07-01,0,,,Buyout Program,Buyout Program,Buyout Program,Buyout Program,,Acquisition - buyout of residential properties,Acquisition - buyout of residential properties,Acquisition - buyout of residential properties,Acquisition - buyout of residential properties,,"Fayette, County of","Fayette, County of","Fayette, County of","Fayette, County of",,LBAP_HMID_LMB_20-066-010-C063_FayetteCounty,LBAP_HMID_LMB_20-066-010-C063_FayetteCounty,LBAP_HMID_LMB_20-066-010-C063_FayetteCounty,LBAP_HMID_LMB_20-066-010-C063_FayetteCounty,
LBAP_HMID_LMB_20-066-013-C095_LIBERTYCOUNTY,2,1,0,0,1,0,1,12,0,0,11,0,11,12,2020-01-01,2025-07-01,11,2020-01-01,2025-07-01,0,,,Buyout Program,,,Buyout Program,,Acquisition - buyout of residential properties,,,Acquisition - buyout of residential properties,,Liberty County,,,Liberty County,,LBAP_HMID_LMB_20-066-013-C095_LibertyCounty,,,LBAP_HMID_LMB_20-066-013-C095_LibertyCounty,
LBAP_HMID_LMB_20-066-015-C108_NEWTONCOUNTY,2,1,0,0,1,0,1,8,0,0,8,0,8,8,2019-10-01,2025-07-01,8,2019-10-01,2025-07-01,0,,,Buyout Program,,,Buyout Program,,Acquisition - buyout of residential properties,,,Acquisition - buyout of residential properties,,Newton County,,,Newton County,,LBAP_HMID_LMB_20-066-015-C108_NewtonCounty,,,LBAP_HMID_LMB_20-066-015-C108_NewtonCounty,
LBAP_HMID_LMB_20-066-017-C123_CORPUSCHRISTI,2,1,0,0,1,0,1,5,0,0,5,0,5,5,2020-01-01,2023-07-01,5,2020-01-01,2023-07-01,0,,,Buyout Program,,,Buyout Program,,Acquisition - buyout of residential properties,,,Acquisition - buyout of residential properties,,"Corpus Christi, City Of",,,"Corpus Christi, City Of",,LBAP_HMID_LMB_20-066-017-C123_CorpusChristi,,,LBAP_HMID_LMB_20-066-017-C123_CorpusChristi,
LBAP_HMID_LMB_20-066-018-C125_POLKCOUNTY,2,1,0,0,1,0,1,11,0,0,10,0,10,11,2020-01-01,2025-07-01,10,2020-01-01,2025-07-01,0,,,Buyout Program,,,Buyout Program,,Acquisition - buyout of residential properties,,,Acquisition - buyout of residential properties,,Polk County,,,Polk County,,LBAP_HMID_LMB_20-066-018-C125_PolkCounty,,,LBAP_HMID_LMB_20-066-018-C125_PolkCounty,
LBAP_HMID_LMB_20-066-019-C134_NOME,2,1,0,0,1,0,1,1,0,0,1,0,1,1,2020-01-01,2020-01-01,1,2020-01-01,2020-01-01,0,,,Buyout Program,,,Buyout Program,,Acquisition - buyout of residential properties,,,Acquisition - buyout of residential properties,,Nome,,,Nome,,LBAP_HMID_LMB_20-066-019-C134_Nome,,,LBAP_HMID_LMB_20-066-019-C134_Nome,
LBAP_HMID_LMB_20-066-020-C135_SANJACINTOCOUNTY,2,1,0,0,1,0,1,15,0,0,15,0,15,15,2020-01-01,2025-10-01,15,2020-01-01,2025-10-01,0,,,Buyout Program,,,Buyout Program,,Acquisition - buyout of residential properties,,,Acquisition - buyout of residential properties,,San Jacinto County,,,San Jacinto County,,LBAP_HMID_LMB_20-066-020-C135_SanJacintoCounty,,,LBAP_HMID_LMB_20-066-020-C135_SanJacintoCounty,
LBAP_HMID_LMB_20-066-021-C137_SOURLAKE,3,1,1,0,1,0,1,6,3,0,4,0,4,6,2020-01-01,2025-01-01,4,2020-01-01,2025-01-01,0,,,Buyout Program,Buyout Program,,Buyout Program,,Acquisition - buyout of residential properties,Acquisition - buyout of residential properties,,Acquisition - buyout of residential properties,,Sour Lake,Sour Lake,,Sour Lake,,LBAP_HMID_LMB_20-066-021-C137_SourLake,LBAP_HMID_LMB_20-066-021-C137_SourLake,,LBAP_HMID_LMB_20-066-021-C137_SourLake,
LBAP_HMID_LMB_20-066-023-C168_VIDOR,2,1,0,0,1,0,1,9,0,0,9,0,9,9,2020-01-01,2025-10-01,9,2020-01-01,2025-10-01,0,,,Buyout Program,,,Buyout Program,,Acquisition - buyout of residential properties,,,Acquisition - buyout of residential properties,,Vidor,,,Vidor,,LBAP_HMID_LMB_20-066-023-C168_Vidor,,,LBAP_HMID_LMB_20-066-023-C168_Vidor,
LBAP_HMID_LMB_20-066-024-C178_SILSBEE,4,1,1,1,1,0,1,10,6,1,8,0,8,10,2020-01-01,2025-10-01,8,2020-01-01,2025-10-01,0,,,Buyout Program,Buyout Program,Buyout Program,Buyout Program,,Acquisition - buyout of residential properties,Acquisition - buyout of residential properties,Acquisition - buyout of residential properties,Acquisition - buyout of residential properties,,Silsbee,Silsbee,Silsbee,Silsbee,,LBAP_HMID_LMB_20-066-024-C178_Silsbee,LBAP_HMID_LMB_20-066-024-C178_Silsbee,LBAP_HMID_LMB_20-066-024-C178_Silsbee,LBAP_HMID_LMB_20-066-024-C178_Silsbee,
LBAP_HMID_LMB_20-066-025-C202_BRIDGECITY,4,1,1,1,1,0,1,7,6,1,7,0,7,7,2023-01-01,2025-10-01,7,2023-01-01,2025-10-01,0,,,Buyout Program - Acquisition,Buyout Program - Acquisition,Buyout Program - Acquisition,Buyout Program - Acquisition,,Acquisition - buyout of residential properties,Acquisition - buyout of residential properties,Acquisition - buyout of residential properties,Acquisition - buyout of residential properties,,Bridge City,Bridge City,Bridge City,Bridge City,,LBAP_HMID_LMB_20-066-025-C202_BridgeCity,LBAP_HMID_LMB_20-066-025-C202_BridgeCity,LBAP_HMID_LMB_20-066-025-C202_BridgeCity,LBAP_HMID_LMB_20-066-025-C202_BridgeCity,
LBAP_HMID_LMB_20-066-031-C225_JASPER,2,1,0,0,1,0,1,11,0,0,11,0,11,11,2020-01-01,2025-10-01,11,2020-01-01,2025-10-01,0,,,Buyout Program,,,Buyout Program,,Acquisition - buyout of residential properties,,,Acquisition - buyout of residential properties,,Jasper,,,Jasper,,LBAP_HMID_LMB_20-066-031-C225_Jasper,,,LBAP_HMID_LMB_20-066-031-C225_Jasper,
LBAP_HMID_LMB_20-066-036-C242_JEFFERSONCOUNTY,2,1,0,0,1,0,1,9,0,0,9,0,9,9,2020-01-01,2025-10-01,9,2020-01-01,2025-10-01,0,,,Buyout Program,,,Buyout Program,,Acquisition - buyout of residential properties,,,Acquisition - buyout of residential properties,,Jefferson County,,,Jefferson County,,LBAP_HMID_LMB_20-066-036-C242_JeffersonCounty,,,LBAP_HMID_LMB_20-066-036-C242_JeffersonCounty,
LBAP_HMID_LMB_20-066-037-C245_PEARLAND,1,0,0,0,1,0,1,0,0,0,2,0,2,0,,,2,2020-04-01,2025-04-01,0,,,,,,Buyout Program,,,,,Acquisition - buyout of residential properties,,,,,"PEARLAND, CITY OF",,,,,LBAP_HMID_LMB_20-066-037-C245_Pearland,
LBAP_HMID_LMB_20-066-039-C258_ORANGE,2,1,0,0,1,0,1,9,0,0,8,0,8,9,2020-01-01,2025-01-01,8,2020-01-01,2025-01-01,0,,,Acquisition - Buyout,,,Acquisition - Buyout,,Acquisition - buyout of residential properties,,,Acquisition - buyout of residential properties,,Orange,,,Orange,,LBAP_HMID_LMB_20-066-039-C258_Orange,,,LBAP_HMID_LMB_20-066-039-C258_Orange,
LBAP_HMID_LMB_20-066-040-C259_DICKINSON,3,1,1,0,1,0,1,3,2,0,3,0,3,3,2020-04-01,2025-10-01,3,2020-04-01,2025-10-01,0,,,Buyout Program,Buyout Program,,Buyout Program,,Acquisition - buyout of residential properties,Acquisition - buyout of residential properties,,Acquisition - buyout of residential properties,,Dickinson,Dickinson,,Dickinson,,LBAP_HMID_LMB_20-066-040-C259_Dickinson,LBAP_HMID_LMB_20-066-040-C259_Dickinson,,LBAP_HMID_LMB_20-066-040-C259_Dickinson,
LBAP_HMID_LMB_20-066-041-C266_HARDINCOUNTY,2,1,0,0,1,0,1,15,0,0,15,0,15,15,2020-01-01,2024-07-01,15,2020-01-01,2024-07-01,0,,,Buyout Program,,,Buyout Program,,Acquisition - buyout of residential properties,,,Acquisition - buyout of residential properties,,"Hardin, County of",,,"Hardin, County of",,LBAP_HMID_LMB_20-066-041-C266_HardinCounty,,,LBAP_HMID_LMB_20-066-041-C266_HardinCounty,
LBAP_HMID_LMB_20-066-043-C300_JASPERCOUNTY,2,1,0,0,1,0,1,9,0,0,9,0,9,9,2020-04-01,2025-07-01,9,2020-04-01,2025-07-01,0,,,Buyout Program,,,Buyout Program,,Acquisition - buyout of residential properties,,,Acquisition - buyout of residential properties,,Jasper County,,,Jasper County,,LBAP_HMID_LMB_20-066-043-C300_JasperCounty,,,LBAP_HMID_LMB_20-066-043-C300_JasperCounty,
LBAP_HMID_LMB_20-066-044-C314_BEAUMONT,2,1,0,0,1,0,1,10,0,0,10,0,10,10,2020-04-01,2025-10-01,10,2020-04-01,2025-10-01,0,,,Buyout Program,,,Buyout Program,,Acquisition - buyout of residential properties,,,Acquisition - buyout of residential properties,,Beaumont,,,Beaumont,,LBAP_HMID_LMB_20-066-044-C314_Beaumont,,,LBAP_HMID_LMB_20-066-044-C314_Beaumont,
LBAP_HMID_LMB_20-066-048-C526_ORANGECOUNTY,2,1,0,0,1,0,1,12,0,0,12,0,12,12,2020-07-01,2025-04-01,12,2020-07-01,2025-04-01,0,,,Buyout Program,,,Buyout Program,,Acquisition - buyout of residential properties,,,Acquisition - buyout of residential properties,,Orange County,,,Orange County,,LBAP_HMID_LMB_20-066-048-C526_OrangeCounty,,,LBAP_HMID_LMB_20-066-048-C526_OrangeCounty,
LBAP_HMID_LMB_20-066-049-C772_LEAGUECITY_ACQ,2,1,0,0,1,0,1,6,0,0,6,0,6,6,2021-01-01,2024-07-01,6,2021-01-01,2024-07-01,0,,,Acquisition Program,,,Acquisition Program,,Acquisition - buyout of residential properties,,,Acquisition - buyout of residential properties,,League City,,,League City,,LBAP_HMID_LMB_20-066-049-C772_LeagueCity_ACQ,,,LBAP_HMID_LMB_20-066-049-C772_LeagueCity_ACQ,
LBAP_HMID_LMHI_20-066-001-B956_MONTGOMERYCOUNTY_HI,2,1,0,0,1,0,1,5,0,0,5,0,5,5,2023-01-01,2025-07-01,5,2023-01-01,2025-07-01,0,,,Housing Incentives,,,Housing Incentives,,Housing incentives to encourage resettlement,,,Housing incentives to encourage resettlement,,Montgomery County,,,Montgomery County,,LBAP_HMID_LMHI_20-066-001-B956_MontgomeryCounty_HI,,,LBAP_HMID_LMHI_20-066-001-B956_MontgomeryCounty_HI,
LBAP_HMID_LMHI_20-066-004-C033_VICTORIACOUNTY,1,0,0,0,1,0,1,0,0,0,7,0,7,0,,,7,2019-10-01,2025-10-01,0,,,,,,Buyout Program - Housing Incentives,,,,,Housing incentives to encourage resettlement,,,,,Victoria County,,,,,LBAP_HMID_LMHI_20-066-004-C033_VictoriaCounty,
LBAP_HMID_LMHI_20-066-007-C041_VICTORIA,4,1,1,1,1,0,1,8,6,1,8,0,8,8,2019-10-01,2024-04-01,8,2019-10-01,2024-04-01,0,,,Buyout Program - Housing Incentives,Buyout Program - Housing Incentives,Buyout Program - Housing Incentives,Buyout Program - Housing Incentives,,Housing incentives to encourage resettlement,Housing incentives to encourage resettlement,Housing incentives to encourage resettlement,Housing incentives to encourage resettlement,,"Victoria, City of (INC)","Victoria, City of (INC)","Victoria, City of (INC)","Victoria, City of (INC)",,LBAP_HMID_LMHI_20-066-007-C041_Victoria,LBAP_HMID_LMHI_20-066-007-C041_Victoria,LBAP_HMID_LMHI_20-066-007-C041_Victoria,LBAP_HMID_LMHI_20-066-007-C041_Victoria,
LBAP_HMID_LMHI_20-066-008-C043_TEXASCITY,1,0,0,0,1,0,1,0,0,0,9,0,9,0,,,9,2019-10-01,2025-10-01,0,,,,,,Buyout Program - Housing Incentives,,,,,Housing incentives to encourage resettlement,,,,,Texas City,,,,,LBAP_HMID_LMHI_20-066-008-C043_TexasCity,
LBAP_HMID_LMHI_20-066-009-C052_WHARTONCOUNTY,2,1,0,0,1,0,1,1,0,0,1,0,1,1,2019-10-01,2019-10-01,1,2019-10-01,2019-10-01,0,,,Buyout Program - Housing Incentives,,,Buyout Program - Housing Incentives,,Housing incentives to encourage resettlement,,,Housing incentives to encourage resettlement,,"Wharton, County of",,,"Wharton, County of",,LBAP_HMID_LMHI_20-066-009-C052_WhartonCounty,,,LBAP_HMID_LMHI_20-066-009-C052_WhartonCounty,
LBAP_HMID_LMHI_20-066-010-C063_FAYETTECOUNTY,2,1,0,0,1,0,1,7,0,0,7,0,7,7,2019-10-01,2024-04-01,7,2019-10-01,2024-04-01,0,,,Buyout Program - Housing Incentives,,,Buyout Program - Housing Incentives,,Housing incentives to encourage resettlement,,,Housing incentives to encourage resettlement,,"Fayette, County of",,,"Fayette, County of",,LBAP_HMID_LMHI_20-066-010-C063_FayetteCounty,,,LBAP_HMID_LMHI_20-066-010-C063_FayetteCounty,
LBAP_HMID_LMHI_20-066-013-C095_LIBERTYCOUNTY,2,1,0,0,1,0,1,6,0,0,6,0,6,6,2020-01-01,2024-01-01,6,2020-01-01,2024-01-01,0,,,Buyout Program - Housing Incentives,,,Buyout Program - Housing Incentives,,Housing incentives to encourage resettlement,,,Housing incentives to encourage resettlement,,Liberty County,,,Liberty County,,LBAP_HMID_LMHI_20-066-013-C095_LibertyCounty,,,LBAP_HMID_LMHI_20-066-013-C095_LibertyCounty,
LBAP_HMID_LMHI_20-066-017-C123_CORPUSCHRISTI,2,1,0,0,1,0,1,2,0,0,1,0,1,2,2023-01-01,2023-04-01,1,2023-01-01,2023-01-01,0,,,Buyout Program,,,Buyout Program,,Housing incentives to encourage resettlement,,,Housing incentives to encourage resettlement,,"Corpus Christi, City Of",,,"Corpus Christi, City Of",,LBAP_HMID_LMHI_20-066-017-C123_CorpusChristi,,,LBAP_HMID_LMHI_20-066-017-C123_CorpusChristi,
LBAP_HMID_LMHI_20-066-018-C125_POLKCOUNTY,2,1,0,0,1,0,1,3,0,0,3,0,3,3,2023-04-01,2025-07-01,3,2023-04-01,2025-07-01,0,,,Buyout Program - Housing Incentives,,,Buyout Program - Housing Incentives,,Housing incentives to encourage resettlement,,,Housing incentives to encourage resettlement,,Polk County,,,Polk County,,LBAP_HMID_LMHI_20-066-018-C125_PolkCounty,,,LBAP_HMID_LMHI_20-066-018-C125_PolkCounty,
LBAP_HMID_LMHI_20-066-020-C135_SANJACINTOCOUNTY_HI,2,1,0,0,1,0,1,1,0,0,1,0,1,1,2023-01-01,2023-01-01,1,2023-01-01,2023-01-01,0,,,Buyout Program - Housing Incentives,,,Buyout Program - Housing Incentives,,Housing incentives to encourage resettlement,,,Housing incentives to encourage resettlement,,San Jacinto County,,,San Jacinto County,,LBAP_HMID_LMHI_20-066-020-C135_SanJacintoCounty_HI,,,LBAP_HMID_LMHI_20-066-020-C135_SanJacintoCounty_HI,
LBAP_HMID_LMHI_20-066-023-C168_VIDOR_HI,2,1,0,0,1,0,1,4,0,0,4,0,4,4,2020-01-01,2025-10-01,4,2020-01-01,2025-10-01,0,,,Buyout Program - Housing Incentives,,,Buyout Program - Housing Incentives,,Housing incentives to encourage resettlement,,,Housing incentives to encourage resettlement,,Vidor,,,Vidor,,LBAP_HMID_LMHI_20-066-023-C168_Vidor_HI,,,LBAP_HMID_LMHI_20-066-023-C168_Vidor_HI,
LBAP_HMID_LMHI_20-066-024-C178_SILSBEE,1,0,0,0,1,0,1,0,0,0,3,0,3,0,,,3,2020-01-01,2025-10-01,0,,,,,,Buyout Program - Housing Incentives,,,,,Housing incentives to encourage resettlement,,,,,Silsbee,,,,,LBAP_HMID_LMHI_20-066-024-C178_Silsbee,
LBAP_HMID_LMHI_20-066-025-C202_BRIDGECITY_HI,1,0,0,0,1,0,1,0,0,0,2,0,2,0,,,2,2023-01-01,2025-10-01,0,,,,,,Buyout Program - Housing Incentives,,,,,Housing incentives to encourage resettlement,,,,,Bridge City,,,,,LBAP_HMID_LMHI_20-066-025-C202_BridgeCity_HI,
LBAP_HMID_LMHI_20-066-029-C223_WESTORANGE,2,1,0,0,1,0,1,2,0,0,2,0,2,2,2020-01-01,2023-01-01,2,2020-01-01,2023-01-01,0,,,Acquisition Program - Housing Incentives,,,Acquisition Program - Housing Incentives,,Housing incentives to encourage resettlement,,,Housing incentives to encourage resettlement,,CITY OF WEST ORANGE,,,CITY OF WEST ORANGE,,LBAP_HMID_LMHI_20-066-029-C223_WestOrange,,,LBAP_HMID_LMHI_20-066-029-C223_WestOrange,
LBAP_HMID_LMHI_20-066-031-C225_JASPER,2,1,0,0,1,0,1,5,0,0,5,0,5,5,2020-01-01,2025-10-01,5,2020-01-01,2025-10-01,0,,,Buyout Program - Housing Incentives,,,Buyout Program - Housing Incentives,,Housing incentives to encourage resettlement,,,Housing incentives to encourage resettlement,,Jasper,,,Jasper,,LBAP_HMID_LMHI_20-066-031-C225_Jasper,,,LBAP_HMID_LMHI_20-066-031-C225_Jasper,
LBAP_HMID_LMHI_20-066-034-C232_PORTARTHUR_HI,1,0,0,0,1,0,1,0,0,0,4,0,4,0,,,4,2020-10-01,2025-10-01,0,,,,,,Housing Incentives,,,,,Housing incentives to encourage resettlement,,,,,Port Arthur,,,,,LBAP_HMID_LMHI_20-066-034-C232_PortArthur_HI,
LBAP_HMID_LMHI_20-066-036-C242_JEFFERSONCOUNTY,2,1,0,0,1,0,1,2,0,0,2,0,2,2,2020-01-01,2025-07-01,2,2020-01-01,2025-07-01,0,,,Buyout Program - Housing Incentives,,,Buyout Program - Housing Incentives,,Housing incentives to encourage resettlement,,,Housing incentives to encourage resettlement,,Jefferson County,,,Jefferson County,,LBAP_HMID_LMHI_20-066-036-C242_JeffersonCounty,,,LBAP_HMID_LMHI_20-066-036-C242_JeffersonCounty,
LBAP_HMID_LMHI_20-066-038-C251_ROSEHILL,2,0,1,0,1,0,1,0,2,0,6,0,6,0,,,6,2020-04-01,2023-10-01,0,,,,Acquisition Program - Housing Incentives,,Acquisition Program - Housing Incentives,,,Housing incentives to encourage resettlement,,Housing incentives to encourage resettlement,,,"Rose Hill Acres, City of",,"Rose Hill Acres, City of",,,LBAP_HMID_LMHI_20-066-038-C251_RoseHill-11022023163829,,LBAP_HMID_LMHI_20-066-038-C251_RoseHill-11022023163829,
LBAP_HMID_LMHI_20-066-038-C251_ROSEHILL_RA,3,0,1,1,1,0,1,0,2,1,6,0,6,0,,,6,2020-04-01,2023-10-01,0,,,,Acquisition Program - Relocation Assistance,Acquisition Program - Relocation Assistance,Acquisition Program - Relocation Assistance,,,Relocation payments and assistance,Relocation payments and assistance,Relocation payments and assistance,,,"Rose Hill Acres, City of","Rose Hill Acres, City of","Rose Hill Acres, City of",,,LBAP_HMID_LMHI_20-066-038-C251_RoseHill_RA-11022023163738,LBAP_HMID_LMHI_20-066-038-C251_RoseHill_RA-11022023163738,LBAP_HMID_LMHI_20-066-038-C251_RoseHill_RA-11022023163738,
LBAP_HMID_LMHI_20-066-039-C258_ORANGE,2,0,1,0,1,0,1,0,1,0,6,0,6,0,,,6,2020-01-01,2023-10-01,0,,,,Acquisition Program - Housing Incentives,,Acquisition Program - Housing Incentives,,,Housing incentives to encourage resettlement,,Housing incentives to encourage resettlement,,,Orange,,Orange,,,LBAP_HMID_LMHI_20-066-039-C258_Orange-11022023163907,,LBAP_HMID_LMHI_20-066-039-C258_Orange-11022023163907,
LBAP_HMID_LMHI_20-066-040-C259_DICKINSON,1,0,0,0,1,0,1,0,0,0,2,0,2,0,,,2,2020-04-01,2025-10-01,0,,,,,,Buyout Program - Housing Incentives,,,,,Housing incentives to encourage resettlement,,,,,Dickinson,,,,,LBAP_HMID_LMHI_20-066-040-C259_Dickinson,
LBAP_HMID_LMHI_20-066-043-C300_JASPERCOUNTY,2,1,0,0,1,0,1,3,0,0,3,0,3,3,2020-04-01,2024-07-01,3,2020-04-01,2024-07-01,0,,,Buyout Program - Housing Incentives,,,Buyout Program - Housing Incentives,,Housing incentives to encourage resettlement,,,Housing incentives to encourage resettlement,,Jasper County,,,Jasper County,,LBAP_HMID_LMHI_20-066-043-C300_JasperCounty,,,LBAP_HMID_LMHI_20-066-043-C300_JasperCounty,
LBAP_HMID_LMHI_20-066-044-C314_BEAUMONT,2,1,0,0,1,0,1,7,0,0,7,0,7,7,2020-04-01,2025-07-01,7,2020-04-01,2025-07-01,0,,,Buyout Program - Housing Incentives,,,Buyout Program - Housing Incentives,,Housing incentives to encourage resettlement,,,Housing incentives to encourage resettlement,,Beaumont,,,Beaumont,,LBAP_HMID_LMHI_20-066-044-C314_Beaumont,,,LBAP_HMID_LMHI_20-066-044-C314_Beaumont,
LBAP_HMID_LMHI_20-066-046-C455_GALVESTONCOUNTY_HI,2,1,0,0,1,0,1,1,0,0,1,0,1,1,2024-01-01,2024-01-01,1,2024-01-01,2024-01-01,0,,,Housing Incentives,,,Housing Incentives,,Housing incentives to encourage resettlement,,,Housing incentives to encourage resettlement,,Galveston County,,,Galveston County,,LBAP_HMID_LMHI_20-066-046-C455_GalvestonCounty_HI,,,LBAP_HMID_LMHI_20-066-046-C455_GalvestonCounty_HI,
LBAP_HMID_LMHI_20-066-048-C526_ORANGECOUNTY_HI,2,1,0,0,1,0,1,6,0,0,6,0,6,6,2020-07-01,2025-04-01,6,2020-07-01,2025-04-01,0,,,Buyout Program - Housing Incentives,,,Buyout Program - Housing Incentives,,Housing incentives to encourage resettlement,,,Housing incentives to encourage resettlement,,Orange County,,,Orange County,,LBAP_HMID_LMHI_20-066-048-C526_OrangeCounty_HI,,,LBAP_HMID_LMHI_20-066-048-C526_OrangeCounty_HI,
LBAP_HMID_LMH_20-066-001-B956_MONTGOMERYCOUNTY_DPA,2,1,0,0,1,0,1,5,0,0,5,0,5,5,2023-01-01,2025-07-01,5,2023-01-01,2025-07-01,0,,,Homeownership Assistance,,,Homeownership Assistance,,Homeownership Assistance to low- and moderate-income,,,Homeownership Assistance to low- and moderate-income,,Montgomery County,,,Montgomery County,,LBAP_HMID_LMH_20-066-001-B956_MontgomeryCounty_DPA,,,LBAP_HMID_LMH_20-066-001-B956_MontgomeryCounty_DPA,
LBAP_HMID_LMH_20-066-001-B956_MONTGOMERYCOUNTY_RA,2,1,0,0,1,0,1,6,0,0,6,0,6,6,2019-10-01,2025-07-01,6,2019-10-01,2025-07-01,0,,,Buyout Program - Relocation Assistance,,,Buyout Program - Relocation Assistance,,Relocation payments and assistance,,,Relocation payments and assistance,,Montgomery County,,,Montgomery County,,LBAP_HMID_LMH_20-066-001-B956_MontgomeryCounty_RA,,,LBAP_HMID_LMH_20-066-001-B956_MontgomeryCounty_RA,
LBAP_HMID_LMH_20-066-004-C033_VICTORIACOUNTY_RA,1,0,0,0,1,0,1,0,0,0,7,0,7,0,,,7,2019-10-01,2025-10-01,0,,,,,,Buyout Program - Relocation Assistance,,,,,Relocation payments and assistance,,,,,Victoria County,,,,,LBAP_HMID_LMH_20-066-004-C033_VictoriaCounty_RA,
LBAP_HMID_LMH_20-066-005-C034_WHARTON_RA,2,1,0,0,1,0,1,3,0,0,3,0,3,3,2023-01-01,2025-10-01,3,2023-01-01,2025-10-01,0,,,Relocation Assistance,,,Relocation Assistance,,Relocation payments and assistance,,,Relocation payments and assistance,,Wharton,,,Wharton,,LBAP_HMID_LMH_20-066-005-C034_Wharton_RA,,,LBAP_HMID_LMH_20-066-005-C034_Wharton_RA,
LBAP_HMID_LMH_20-066-007-C041_VICTORIA_RA,4,1,1,1,1,0,1,5,4,1,5,0,5,5,2023-01-01,2024-04-01,5,2023-01-01,2024-04-01,0,,,Relocation Assistance,Relocation Assistance,Relocation Assistance,Relocation Assistance,,Relocation payments and assistance,Relocation payments and assistance,Relocation payments and assistance,Relocation payments and assistance,,"Victoria, City of (INC)","Victoria, City of (INC)","Victoria, City of (INC)","Victoria, City of (INC)",,LBAP_HMID_LMH_20-066-007-C041_Victoria_RA,LBAP_HMID_LMH_20-066-007-C041_Victoria_RA,LBAP_HMID_LMH_20-066-007-C041_Victoria_RA,LBAP_HMID_LMH_20-066-007-C041_Victoria_RA,
LBAP_HMID_LMH_20-066-008-C043_TEXASCITY_RA,1,0,0,0,1,0,1,0,0,0,6,0,6,0,,,6,2023-01-01,2025-10-01,0,,,,,,Relocation Assistance,,,,,Relocation payments and assistance,,,,,Texas City,,,,,LBAP_HMID_LMH_20-066-008-C043_TexasCity_RA,
LBAP_HMID_LMH_20-066-009-C052_WHARTONCOUNTY_RA,4,1,1,1,1,0,1,5,4,1,4,0,4,5,2023-01-01,2025-07-01,4,2023-01-01,2025-07-01,0,,,Buyout Program - Relocation Assistance,Buyout Program - Relocation Assistance,Buyout Program - Relocation Assistance,Buyout Program - Relocation Assistance,,Relocation payments and assistance,Relocation payments and assistance,Relocation payments and assistance,Relocation payments and assistance,,"Wharton, County of","Wharton, County of","Wharton, County of","Wharton, County of",,LBAP_HMID_LMH_20-066-009-C052_WhartonCounty_RA,LBAP_HMID_LMH_20-066-009-C052_WhartonCounty_RA,LBAP_HMID_LMH_20-066-009-C052_WhartonCounty_RA,LBAP_HMID_LMH_20-066-009-C052_WhartonCounty_RA,
LBAP_HMID_LMH_20-066-010-C063_FAYETTECOUNTY_RA,2,1,0,0,1,0,1,4,0,0,4,0,4,4,2023-01-01,2024-07-01,4,2023-01-01,2024-07-01,0,,,Buyout Program - Relocation Assistance,,,Buyout Program - Relocation Assistance,,Relocation payments and assistance,,,Relocation payments and assistance,,"Fayette, County of",,,"Fayette, County of",,LBAP_HMID_LMH_20-066-010-C063_FayetteCounty_RA,,,LBAP_HMID_LMH_20-066-010-C063_FayetteCounty_RA,
LBAP_HMID_LMH_20-066-013-C095_LIBERTYCOUNTY_RA,2,1,0,0,1,0,1,4,0,0,4,0,4,4,2023-01-01,2025-07-01,4,2023-01-01,2025-07-01,0,,,Relocation Assistance,,,Relocation Assistance,,Relocation payments and assistance,,,Relocation payments and assistance,,Liberty County,,,Liberty County,,LBAP_HMID_LMH_20-066-013-C095_LibertyCounty_RA,,,LBAP_HMID_LMH_20-066-013-C095_LibertyCounty_RA,
LBAP_HMID_LMH_20-066-017-C123_CORPUSCHRISTI_RA,2,1,0,0,1,0,1,2,0,0,1,0,1,2,2023-01-01,2023-04-01,1,2023-01-01,2023-01-01,0,,,Buyout Program,,,Buyout Program,,Relocation payments and assistance,,,Relocation payments and assistance,,"Corpus Christi, City Of",,,"Corpus Christi, City Of",,LBAP_HMID_LMH_20-066-017-C123_CorpusChristi_RA,,,LBAP_HMID_LMH_20-066-017-C123_CorpusChristi_RA,
LBAP_HMID_LMH_20-066-018-C125_POLKCOUNTY_RA,2,1,0,0,1,0,1,3,0,0,3,0,3,3,2023-04-01,2025-07-01,3,2023-04-01,2025-07-01,0,,,Buyout Program - Relocation Assistance,,,Buyout Program - Relocation Assistance,,Relocation payments and assistance,,,Relocation payments and assistance,,Polk County,,,Polk County,,LBAP_HMID_LMH_20-066-018-C125_PolkCounty_RA,,,LBAP_HMID_LMH_20-066-018-C125_PolkCounty_RA,
LBAP_HMID_LMH_20-066-020-C135_SANJACINTOCOUNTY_RA,2,1,0,0,1,0,1,5,0,0,5,0,5,5,2023-01-01,2025-10-01,5,2023-01-01,2025-10-01,0,,,Buyout Program - Relocation Assistance,,,Buyout Program - Relocation Assistance,,Relocation payments and assistance,,,Relocation payments and assistance,,San Jacinto County,,,San Jacinto County,,LBAP_HMID_LMH_20-066-020-C135_SanJacintoCounty_RA,,,LBAP_HMID_LMH_20-066-020-C135_SanJacintoCounty_RA,
LBAP_HMID_LMH_20-066-022-C166_ROSECITY_DPA,1,0,0,0,1,0,1,0,0,0,4,0,4,0,,,4,2020-01-01,2024-04-01,0,,,,,,Acquisition Program - Down-Payment Assistance,,,,,Homeownership Assistance to low- and moderate-income,,,,,Rose City,,,,,LBAP_HMID_LMH_20-066-022-C166_RoseCity_DPA-04102024105923,
LBAP_HMID_LMH_20-066-023-C168_VIDOR_DPA,2,1,0,0,1,0,1,4,0,0,4,0,4,4,2020-01-01,2025-10-01,4,2020-01-01,2025-10-01,0,,,Buyout Program - Down-Payment Assistance,,,Buyout Program - Down-Payment Assistance,,Homeownership Assistance to low- and moderate-income,,,Homeownership Assistance to low- and moderate-income,,Vidor,,,Vidor,,LBAP_HMID_LMH_20-066-023-C168_Vidor_DPA,,,LBAP_HMID_LMH_20-066-023-C168_Vidor_DPA,
LBAP_HMID_LMH_20-066-023-C168_VIDOR_RA,2,1,0,0,1,0,1,5,0,0,5,0,5,5,2020-01-01,2025-10-01,5,2020-01-01,2025-10-01,0,,,Buyout Program - Relocation Assistance,,,Buyout Program - Relocation Assistance,,Relocation payments and assistance,,,Relocation payments and assistance,,Vidor,,,Vidor,,LBAP_HMID_LMH_20-066-023-C168_Vidor_RA,,,LBAP_HMID_LMH_20-066-023-C168_Vidor_RA,
LBAP_HMID_LMH_20-066-024-C178_SILSBEE,4,1,1,1,1,0,1,5,4,1,4,0,4,5,2020-01-01,2025-10-01,4,2020-01-01,2025-10-01,0,,,Buyout Program - Relocation Assistance,Buyout Program - Relocation Assistance,Buyout Program - Relocation Assistance,Buyout Program - Relocation Assistance,,Relocation payments and assistance,Relocation payments and assistance,Relocation payments and assistance,Relocation payments and assistance,,Silsbee,Silsbee,Silsbee,Silsbee,,LBAP_HMID_LMH_20-066-024-C178_Silsbee,LBAP_HMID_LMH_20-066-024-C178_Silsbee,LBAP_HMID_LMH_20-066-024-C178_Silsbee,LBAP_HMID_LMH_20-066-024-C178_Silsbee,
LBAP_HMID_LMH_20-066-025-C202_BRIDGECITY_DPA,1,0,0,0,1,0,1,0,0,0,2,0,2,0,,,2,2023-01-01,2024-01-01,0,,,,,,Buyout Program - Homeownership Assistance,,,,,Homeownership Assistance to low- and moderate-income,,,,,Bridge City,,,,,LBAP_HMID_LMH_20-066-025-C202_BridgeCity_DPA-02022024102342,
LBAP_HMID_LMH_20-066-025-C202_BRIDGECITY_RA,4,1,1,1,1,0,1,9,4,1,7,0,7,9,2020-01-01,2025-07-01,7,2020-01-01,2024-04-01,0,,,Buyout Program - Relocation Assistance,Buyout Program - Relocation Assistance,Buyout Program - Relocation Assistance,Buyout Program - Relocation Assistance,,Relocation payments and assistance,Relocation payments and assistance,Relocation payments and assistance,Relocation payments and assistance,,Bridge City,Bridge City,Bridge City,Bridge City,,LBAP_HMID_LMH_20-066-025-C202_BridgeCity_RA,LBAP_HMID_LMH_20-066-025-C202_BridgeCity_RA,LBAP_HMID_LMH_20-066-025-C202_BridgeCity_RA,LBAP_HMID_LMH_20-066-025-C202_BridgeCity_RA,
LBAP_HMID_LMH_20-066-029-C223_WESTORANGE_HA,2,1,0,0,1,0,1,2,0,0,2,0,2,2,2020-01-01,2023-01-01,2,2020-01-01,2023-01-01,0,,,Acquisition Program - Down-Payment Assistance,,,Acquisition Program - Down-Payment Assistance,,Homeownership Assistance to low- and moderate-income,,,Homeownership Assistance to low- and moderate-income,,CITY OF WEST ORANGE,,,CITY OF WEST ORANGE,,LBAP_HMID_LMH_20-066-029-C223_WestOrange_HA,,,LBAP_HMID_LMH_20-066-029-C223_WestOrange_HA,
LBAP_HMID_LMH_20-066-029-C223_WESTORANGE_RA,2,1,0,0,1,0,1,3,0,0,2,0,2,3,2020-01-01,2023-01-01,2,2020-01-01,2023-01-01,0,,,Acquisition Program - Relocation Assistance,,,Acquisition Program - Relocation Assistance,,Relocation payments and assistance,,,Relocation payments and assistance,,CITY OF WEST ORANGE,,,CITY OF WEST ORANGE,,LBAP_HMID_LMH_20-066-029-C223_WestOrange_RA,,,LBAP_HMID_LMH_20-066-029-C223_WestOrange_RA,
LBAP_HMID_LMH_20-066-031-C225_JASPER_RA,4,1,1,1,1,0,1,7,2,1,7,0,7,7,2020-01-01,2025-07-01,7,2020-01-01,2025-07-01,0,,,Buyout Program - Relocation Assistance,Buyout Program - Relocation Assistance,Buyout Program - Relocation Assistance,Buyout Program - Relocation Assistance,,Relocation payments and assistance,Relocation payments and assistance,Relocation payments and assistance,Relocation payments and assistance,,Jasper,Jasper,Jasper,Jasper,,LBAP_HMID_LMH_20-066-031-C225_Jasper_RA,LBAP_HMID_LMH_20-066-031-C225_Jasper_RA,LBAP_HMID_LMH_20-066-031-C225_Jasper_RA,LBAP_HMID_LMH_20-066-031-C225_Jasper_RA,
LBAP_HMID_LMH_20-066-034-C232_PORTARTHUR_DPA,1,0,0,0,1,0,1,0,0,0,4,0,4,0,,,4,2020-10-01,2025-10-01,0,,,,,,Down-Payment Assistance,,,,,Homeownership Assistance to low- and moderate-income,,,,,Port Arthur,,,,,LBAP_HMID_LMH_20-066-034-C232_PortArthur_DPA,
LBAP_HMID_LMH_20-066-034-C232_PORTARTHUR_RA,1,0,0,0,1,0,1,0,0,0,4,0,4,0,,,4,2020-10-01,2025-10-01,0,,,,,,Relocation Assistance,,,,,Relocation payments and assistance,,,,,Port Arthur,,,,,LBAP_HMID_LMH_20-066-034-C232_PortArthur_RA,
LBAP_HMID_LMH_20-066-036-C242_JEFFERSONCOUNTY_RA,2,1,0,0,1,0,1,2,0,0,2,0,2,2,2020-01-01,2025-07-01,2,2020-01-01,2025-07-01,0,,,Buyout Program - Relocation Assistance,,,Buyout Program - Relocation Assistance,,Relocation payments and assistance,,,Relocation payments and assistance,,Jefferson County,,,Jefferson County,,LBAP_HMID_LMH_20-066-036-C242_JeffersonCounty_RA,,,LBAP_HMID_LMH_20-066-036-C242_JeffersonCounty_RA,
LBAP_HMID_LMH_20-066-038-C251_ROSEHILL_DPA,2,0,1,0,1,0,1,0,2,0,6,0,6,0,,,6,2020-04-01,2023-10-01,0,,,,Acquisition Program - Down-Payment Assistance,,Acquisition Program - Down-Payment Assistance,,,Homeownership Assistance to low- and moderate-income,,Homeownership Assistance to low- and moderate-income,,,"Rose Hill Acres, City of",,"Rose Hill Acres, City of",,,LBAP_HMID_LMH_20-066-038-C251_RoseHill_DPA-11022023163703,,LBAP_HMID_LMH_20-066-038-C251_RoseHill_DPA-11022023163703,
LBAP_HMID_LMH_20-066-039-C258_ORANGE_DPA,2,1,0,0,1,0,1,5,0,0,5,0,5,5,2020-01-01,2023-07-01,5,2020-01-01,2023-07-01,0,,,Acquisition Program - Down-Payment Assistance,,,Acquisition Program - Down-Payment Assistance,,Homeownership Assistance to low- and moderate-income,,,Homeownership Assistance to low- and moderate-income,,Orange,,,Orange,,LBAP_HMID_LMH_20-066-039-C258_Orange_DPA,,,LBAP_HMID_LMH_20-066-039-C258_Orange_DPA,
LBAP_HMID_LMH_20-066-039-C258_ORANGE_RA,2,1,0,0,1,0,1,5,0,0,5,0,5,5,2020-04-01,2023-07-01,5,2020-04-01,2023-07-01,0,,,Acquisition Program - Relocation Payments,,,Acquisition Program - Relocation Payments,,Relocation payments and assistance,,,Relocation payments and assistance,,Orange,,,Orange,,LBAP_HMID_LMH_20-066-039-C258_Orange_RA,,,LBAP_HMID_LMH_20-066-039-C258_Orange_RA,
LBAP_HMID_LMH_20-066-041-C266_HARDINCOUNTY_RA,2,1,0,0,1,0,1,2,0,0,2,0,2,2,2020-01-01,2023-01-01,2,2020-01-01,2023-01-01,0,,,Acquisition Program - Relocation Assistance,,,Acquisition Program - Relocation Assistance,,Relocation payments and assistance,,,Relocation payments and assistance,,"Hardin, County of",,,"Hardin, County of",,LBAP_HMID_LMH_20-066-041-C266_HardinCounty_RA,,,LBAP_HMID_LMH_20-066-041-C266_HardinCounty_RA,
LBAP_HMID_LMH_20-066-043-C300_JASPERCOUNTY_RA,2,1,0,0,1,0,1,3,0,0,3,0,3,3,2023-07-01,2025-07-01,3,2023-07-01,2025-07-01,0,,,Buyout Program - Relocation Assistance,,,Buyout Program - Relocation Assistance,,Relocation payments and assistance,,,Relocation payments and assistance,,Jasper County,,,Jasper County,,LBAP_HMID_LMH_20-066-043-C300_JasperCounty_RA,,,LBAP_HMID_LMH_20-066-043-C300_JasperCounty_RA,
LBAP_HMID_LMH_20-066-044-C314_BEAUMONT_RA,2,1,0,0,1,0,1,2,0,0,2,0,2,2,2025-04-01,2025-07-01,2,2025-04-01,2025-07-01,0,,,Relocation Assistance,,,Relocation Assistance,,Relocation payments and assistance,,,Relocation payments and assistance,,Beaumont,,,Beaumont,,LBAP_HMID_LMH_20-066-044-C314_Beaumont_RA,,,LBAP_HMID_LMH_20-066-044-C314_Beaumont_RA,
LBAP_HMID_LMH_20-066-045-C444_FRIENDSWOOD_RA,4,1,1,1,1,0,1,4,2,1,4,0,4,4,2023-07-01,2025-10-01,4,2023-07-01,2025-10-01,0,,,Relocation Assistance,Relocation Assistance,Relocation Assistance,Relocation Assistance,,Relocation payments and assistance,Relocation payments and assistance,Relocation payments and assistance,Relocation payments and assistance,,City of Friendswood,City of Friendswood,City of Friendswood,City of Friendswood,,LBAP_HMID_LMH_20-066-045-C444_Friendswood_RA,LBAP_HMID_LMH_20-066-045-C444_Friendswood_RA,LBAP_HMID_LMH_20-066-045-C444_Friendswood_RA,LBAP_HMID_LMH_20-066-045-C444_Friendswood_RA,
LBAP_HMID_LMH_20-066-046-C455_GALVESTONCOUNTY_RA,2,1,0,0,1,0,1,2,0,0,2,0,2,2,2024-01-01,2024-07-01,2,2024-01-01,2024-07-01,0,,,Relocation Assistance,,,Relocation Assistance,,Relocation payments and assistance,,,Relocation payments and assistance,,Galveston County,,,Galveston County,,LBAP_HMID_LMH_20-066-046-C455_GalvestonCounty_RA,,,LBAP_HMID_LMH_20-066-046-C455_GalvestonCounty_RA,
LBAP_HMID_LMH_20-066-048-C526_ORANGECOUNTY_DPA,2,1,0,0,1,0,1,3,0,0,3,0,3,3,2022-10-01,2025-01-01,3,2022-10-01,2025-01-01,0,,,Down-Payment Assistance,,,Down-Payment Assistance,,Homeownership Assistance to low- and moderate-income,,,Homeownership Assistance to low- and moderate-income,,Orange County,,,Orange County,,LBAP_HMID_LMH_20-066-048-C526_OrangeCounty_DPA,,,LBAP_HMID_LMH_20-066-048-C526_OrangeCounty_DPA,
LBAP_HMID_LMH_20-066-048-C526_ORANGECOUNTY_RA,2,1,0,0,1,0,1,6,0,0,6,0,6,6,2020-07-01,2024-07-01,6,2020-07-01,2024-07-01,0,,,Buyout Program - Relocation Assistance,,,Buyout Program - Relocation Assistance,,Relocation payments and assistance,,,Relocation payments and assistance,,Orange County,,,Orange County,,LBAP_HMID_LMH_20-066-048-C526_OrangeCounty_RA,,,LBAP_HMID_LMH_20-066-048-C526_OrangeCounty_RA,
LBAP_HMID_LMI_20-066-035-C237_PINEFOREST,2,1,0,0,1,0,1,5,0,0,4,0,4,5,2020-01-01,2024-04-01,4,2020-01-01,2023-07-01,0,,,Acquisition - general,,,Acquisition - general,,Acquisition - general,,,Acquisition - general,,Pine Forest,,,Pine Forest,,LBAP_HMID_LMI_20-066-035-C237_PineForest,,,LBAP_HMID_LMI_20-066-035-C237_PineForest,
LBAP_HMID_LMI_20-066-037-C245_PEARLAND,1,0,0,0,1,0,1,0,0,0,2,0,2,0,,,2,2020-04-01,2025-04-01,0,,,,,,Buyout Program,,,,,Acquisition - buyout of residential properties,,,,,"PEARLAND, CITY OF",,,,,LBAP_HMID_LMI_20-066-037-C245_Pearland,
LBAP_HMID_LMI_20-066-038-C251_ROSEHILL,2,1,0,0,1,0,1,11,0,0,11,0,11,11,2020-04-01,2024-01-01,11,2020-04-01,2024-01-01,0,,,Acquisition - general,,,Acquisition - general,,Acquisition - general,,,Acquisition - general,,"Rose Hill Acres, City of",,,"Rose Hill Acres, City of",,LBAP_HMID_LMI_20-066-038-C251_RoseHill,,,LBAP_HMID_LMI_20-066-038-C251_RoseHill,
LBAP_HMID_LMI_20-066-040-C259_DICKINSON,3,1,1,0,1,0,1,3,1,0,3,0,3,3,2020-04-01,2025-10-01,3,2020-04-01,2025-10-01,0,,,Acquisition - general,Acquisition - general,,Acquisition - general,,Acquisition - general,Acquisition - general,,Acquisition - general,,Dickinson,Dickinson,,Dickinson,,LBAP_HMID_LMI_20-066-040-C259_Dickinson,LBAP_HMID_LMI_20-066-040-C259_Dickinson,,LBAP_HMID_LMI_20-066-040-C259_Dickinson,
LBAP_HMID_LMI_20-066-046-C455_GALVESTONCOUNTY_ACQ,2,1,0,0,1,0,1,2,0,0,2,0,2,2,2024-01-01,2024-07-01,2,2024-01-01,2024-07-01,0,,,Acquisition - Buyout,,,Acquisition - Buyout,,Acquisition - buyout of residential properties,,,Acquisition - buyout of residential properties,,Galveston County,,,Galveston County,,LBAP_HMID_LMI_20-066-046-C455_GalvestonCounty_ACQ,,,LBAP_HMID_LMI_20-066-046-C455_GalvestonCounty_ACQ,
LBAP_HMID_LMI_GRANTEESUPPORT[H5B]_ACQ,2,1,0,0,1,0,1,7,0,0,7,0,7,7,2024-04-01,2025-10-01,7,2024-04-01,2025-10-01,0,,,Grantee Support for Subrecipient HMID LMI Acquisition - General,,,Grantee Support for Subrecipient HMID LMI Acquisition - General,,Acquisition - general,,,Acquisition - general,,Texas General Land Office,,,Texas General Land Office,,LBAP_HMID_LMI_GranteeSupport[H5b]_ACQ,,,LBAP_HMID_LMI_GranteeSupport[H5b]_ACQ,
LBAP_HMID_LMI_GRANTEESUPPORT[H5B]_ACQ_B,2,1,0,0,1,0,1,8,0,0,8,0,8,8,2024-04-01,2026-01-01,8,2024-04-01,2026-01-01,0,,,Grantee Support for Subrecipient HMID LMI Acquisition - Buyout,,,Grantee Support for Subrecipient HMID LMI Acquisition - Buyout,,Acquisition - buyout of residential properties,,,Acquisition - buyout of residential properties,,Texas General Land Office,,,Texas General Land Office,,LBAP_HMID_LMI_GranteeSupport[H5b]_ACQ_B,,,LBAP_HMID_LMI_GranteeSupport[H5b]_ACQ_B,
LBAP_HMID_LMI_GRANTEESUPPORT[H5B]_HA,2,1,0,0,1,0,1,8,0,0,8,0,8,8,2024-04-01,2026-01-01,8,2024-04-01,2026-01-01,0,,,Grantee Support for Subrecipient HMID LMI Homeownership Assistance,,,Grantee Support for Subrecipient HMID LMI Homeownership Assistance,,Homeownership Assistance to low- and moderate-income,,,Homeownership Assistance to low- and moderate-income,,Texas General Land Office,,,Texas General Land Office,,LBAP_HMID_LMI_GranteeSupport[H5b]_HA,,,LBAP_HMID_LMI_GranteeSupport[H5b]_HA,
LBAP_HMID_LMI_GRANTEESUPPORT[H5B]_HI,2,1,0,0,1,0,1,7,0,0,7,0,7,7,2024-04-01,2025-10-01,7,2024-04-01,2025-10-01,0,,,Grantee Support for Subrecipient HMID LMI Housing Incentives,,,Grantee Support for Subrecipient HMID LMI Housing Incentives,,Housing incentives to encourage resettlement,,,Housing incentives to encourage resettlement,,Texas General Land Office,,,Texas General Land Office,,LBAP_HMID_LMI_GranteeSupport[H5b]_HI,,,LBAP_HMID_LMI_GranteeSupport[H5b]_HI,
LBAP_HMID_LMI_GRANTEESUPPORT[H5B]_RA,2,1,0,0,1,0,1,7,0,0,7,0,7,7,2024-04-01,2025-10-01,7,2024-04-01,2025-10-01,0,,,Grantee Support for Subrecipient HMID LMI Relocation Assistance,,,Grantee Support for Subrecipient HMID LMI Relocation Assistance,,Relocation payments and assistance,,,Relocation payments and assistance,,Texas General Land Office,,,Texas General Land Office,,LBAP_HMID_LMI_GranteeSupport[H5b]_RA,,,LBAP_HMID_LMI_GranteeSupport[H5b]_RA,
LBAP_HMID_UN_20-066-001-B956_MONTGOMERYCOUNTY,2,1,0,0,1,0,1,6,0,0,6,0,6,6,2019-10-01,2025-10-01,6,2019-10-01,2025-10-01,0,,,Buyout Program,,,Buyout Program,,Acquisition - buyout of residential properties,,,Acquisition - buyout of residential properties,,Montgomery County,,,Montgomery County,,LBAP_HMID_UN_20-066-001-B956_MontgomeryCounty,,,LBAP_HMID_UN_20-066-001-B956_MontgomeryCounty,
LBAP_HMID_UN_20-066-001-B956_MONTGOMERYCOUNTY_DPA,1,0,0,0,1,0,1,0,0,0,3,0,3,0,,,3,2023-01-01,2025-04-01,0,,,,,,Homeownership Assistance,,,,,Homeownership Assistance (with waiver only),,,,,Montgomery County,,,,,LBAP_HMID_UN_20-066-001-B956_MontgomeryCounty_DPA,
LBAP_HMID_UN_20-066-001-B956_MONTGOMERYCOUNTY_HI,2,1,0,0,1,0,1,3,0,0,3,0,3,3,2023-01-01,2025-04-01,3,2023-01-01,2025-04-01,0,,,Housing Incentives,,,Housing Incentives,,Housing incentives to encourage resettlement,,,Housing incentives to encourage resettlement,,Montgomery County,,,Montgomery County,,LBAP_HMID_UN_20-066-001-B956_MontgomeryCounty_HI,,,LBAP_HMID_UN_20-066-001-B956_MontgomeryCounty_HI,
LBAP_HMID_UN_20-066-001-B956_MONTGOMERYCOUNTY_RA,1,0,0,0,1,0,1,0,0,0,4,0,4,0,,,4,2019-10-01,2025-04-01,0,,,,,,Buyout Program - Relocation Assistance,,,,,Relocation payments and assistance,,,,,Montgomery County,,,,,LBAP_HMID_UN_20-066-001-B956_MontgomeryCounty_RA,
LBAP_HMID_UN_20-066-004-C033_VICTORIACOUNTY,3,1,1,0,1,0,1,6,1,0,6,0,6,6,2019-10-01,2025-01-01,6,2019-10-01,2025-01-01,0,,,Buyout Program,Buyout Program,,Buyout Program,,Acquisition - buyout of residential properties,Acquisition - buyout of residential properties,,Acquisition - buyout of residential properties,,Victoria County,Victoria County,,Victoria County,,LBAP_HMID_UN_20-066-004-C033_VictoriaCounty,LBAP_HMID_UN_20-066-004-C033_VictoriaCounty,,LBAP_HMID_UN_20-066-004-C033_VictoriaCounty,
LBAP_HMID_UN_20-066-005-C034_WHARTON,2,1,0,0,1,0,1,4,0,0,4,0,4,4,2019-10-01,2023-01-01,4,2019-10-01,2023-01-01,0,,,Buyout Program,,,Buyout Program,,Acquisition - buyout of residential properties,,,Acquisition - buyout of residential properties,,Wharton,,,Wharton,,LBAP_HMID_UN_20-066-005-C034_Wharton,,,LBAP_HMID_UN_20-066-005-C034_Wharton,
LBAP_HMID_UN_20-066-006-C038_FORTBENDCOUNTY,2,1,0,0,1,0,1,3,0,0,3,0,3,3,2019-10-01,2025-07-01,3,2019-10-01,2025-07-01,0,,,Buyout Program,,,Buyout Program,,Acquisition - buyout of residential properties,,,Acquisition - buyout of residential properties,,Fort Bend County,,,Fort Bend County,,LBAP_HMID_UN_20-066-006-C038_FortBendCounty,,,LBAP_HMID_UN_20-066-006-C038_FortBendCounty,
LBAP_HMID_UN_20-066-006-C038_FORTBENDCOUNTY_DPA,2,1,0,0,1,0,1,2,0,0,2,0,2,2,2019-10-01,2022-10-01,2,2019-10-01,2022-10-01,0,,,Buyout Program - Down-Payment Assistance,,,Buyout Program - Down-Payment Assistance,,Homeownership Assistance (with waiver only),,,Homeownership Assistance (with waiver only),,Fort Bend County,,,Fort Bend County,,LBAP_HMID_UN_20-066-006-C038_FortBendCounty_DPA,,,LBAP_HMID_UN_20-066-006-C038_FortBendCounty_DPA,
LBAP_HMID_UN_20-066-006-C038_FORTBENDCOUNTY_HI,2,1,0,0,1,0,1,2,0,0,2,0,2,2,2019-10-01,2022-10-01,2,2019-10-01,2022-10-01,0,,,Buyout Program - Housing Incentives,,,Buyout Program - Housing Incentives,,Housing incentives to encourage resettlement,,,Housing incentives to encourage resettlement,,Fort Bend County,,,Fort Bend County,,LBAP_HMID_UN_20-066-006-C038_FortBendCounty_HI,,,LBAP_HMID_UN_20-066-006-C038_FortBendCounty_HI,
LBAP_HMID_UN_20-066-006-C038_FORTBENDCOUNTY_RA,2,1,0,0,1,0,1,2,0,0,2,0,2,2,2019-10-01,2022-10-01,2,2019-10-01,2022-10-01,0,,,Buyout Program - Relocation Assistance,,,Buyout Program - Relocation Assistance,,Relocation payments and assistance,,,Relocation payments and assistance,,Fort Bend County,,,Fort Bend County,,LBAP_HMID_UN_20-066-006-C038_FortBendCounty_RA,,,LBAP_HMID_UN_20-066-006-C038_FortBendCounty_RA,
LBAP_HMID_UN_20-066-007-C041_VICTORIA,4,1,1,1,1,0,1,12,4,1,12,0,12,12,2019-10-01,2025-10-01,12,2019-10-01,2025-10-01,0,,,Buyout Program,Buyout Program,Buyout Program,Buyout Program,,Acquisition - buyout of residential properties,Acquisition - buyout of residential properties,Acquisition - buyout of residential properties,Acquisition - buyout of residential properties,,"Victoria, City of (INC)","Victoria, City of (INC)","Victoria, City of (INC)","Victoria, City of (INC)",,LBAP_HMID_UN_20-066-007-C041_Victoria,LBAP_HMID_UN_20-066-007-C041_Victoria,LBAP_HMID_UN_20-066-007-C041_Victoria,LBAP_HMID_UN_20-066-007-C041_Victoria,
LBAP_HMID_UN_20-066-007-C041_VICTORIA_RA,2,1,0,0,1,0,1,8,0,0,8,0,8,8,2019-10-01,2024-04-01,8,2019-10-01,2024-04-01,0,,,Relocation Assistance,,,Relocation Assistance,,Relocation payments and assistance,,,Relocation payments and assistance,,"Victoria, City of (INC)",,,"Victoria, City of (INC)",,LBAP_HMID_UN_20-066-007-C041_Victoria_RA,,,LBAP_HMID_UN_20-066-007-C041_Victoria_RA,
LBAP_HMID_UN_20-066-008-C043_TEXASCITY,3,1,1,0,1,0,1,10,2,0,10,0,10,10,2019-10-01,2025-04-01,10,2019-10-01,2025-04-01,0,,,Buyout Program,Buyout Program,,Buyout Program,,Acquisition - buyout of residential properties,Acquisition - buyout of residential properties,,Acquisition - buyout of residential properties,,Texas City,Texas City,,Texas City,,LBAP_HMID_UN_20-066-008-C043_TexasCity,LBAP_HMID_UN_20-066-008-C043_TexasCity,,LBAP_HMID_UN_20-066-008-C043_TexasCity,
LBAP_HMID_UN_20-066-008-C043_TEXASCITY_HI,1,0,0,0,1,0,1,0,0,0,6,0,6,0,,,6,2019-10-01,2024-01-01,0,,,,,,Buyout Program - Housing Incentives,,,,,Housing incentives to encourage resettlement,,,,,Texas City,,,,,LBAP_HMID_UN_20-066-008-C043_TexasCity_HI-03142024132957,
LBAP_HMID_UN_20-066-008-C043_TEXASCITY_RA,1,0,0,0,1,0,1,0,0,0,6,0,6,0,,,6,2023-01-01,2025-10-01,0,,,,,,Relocation Assistance,,,,,Relocation payments and assistance,,,,,Texas City,,,,,LBAP_HMID_UN_20-066-008-C043_TexasCity_RA,
LBAP_HMID_UN_20-066-009-C052_WHARTONCOUNTY,2,1,0,0,1,0,1,9,0,0,9,0,9,9,2019-10-01,2025-01-01,9,2019-10-01,2025-01-01,0,,,Buyout Program,,,Buyout Program,,Acquisition - buyout of residential properties,,,Acquisition - buyout of residential properties,,"Wharton, County of",,,"Wharton, County of",,LBAP_HMID_UN_20-066-009-C052_WhartonCounty,,,LBAP_HMID_UN_20-066-009-C052_WhartonCounty,
LBAP_HMID_UN_20-066-010-C063_FAYETTECOUNTY,4,1,1,1,1,0,1,15,4,1,15,0,15,15,2019-10-01,2025-07-01,15,2019-10-01,2025-07-01,0,,,Buyout Program,Buyout Program,Buyout Program,Buyout Program,,Acquisition - buyout of residential properties,Acquisition - buyout of residential properties,Acquisition - buyout of residential properties,Acquisition - buyout of residential properties,,"Fayette, County of","Fayette, County of","Fayette, County of","Fayette, County of",,LBAP_HMID_UN_20-066-010-C063_FayetteCounty,LBAP_HMID_UN_20-066-010-C063_FayetteCounty,LBAP_HMID_UN_20-066-010-C063_FayetteCounty,LBAP_HMID_UN_20-066-010-C063_FayetteCounty,
LBAP_HMID_UN_20-066-010-C063_FAYETTECOUNTY_HI,3,1,1,0,1,0,1,6,2,0,6,0,6,6,2019-10-01,2023-10-01,6,2019-10-01,2023-10-01,0,,,Buyout Program - Housing Incentives,Buyout Program - Housing Incentives,,Buyout Program - Housing Incentives,,Housing incentives to encourage resettlement,Housing incentives to encourage resettlement,,Housing incentives to encourage resettlement,,"Fayette, County of","Fayette, County of",,"Fayette, County of",,LBAP_HMID_UN_20-066-010-C063_FayetteCounty_HI-11022023163938,LBAP_HMID_UN_20-066-010-C063_FayetteCounty_HI-11022023163938,,LBAP_HMID_UN_20-066-010-C063_FayetteCounty_HI-11022023163938,
LBAP_HMID_UN_20-066-010-C063_FAYETTECOUNTY_RA,4,1,1,1,1,0,1,4,2,1,4,0,4,4,2023-01-01,2024-04-01,4,2023-01-01,2024-04-01,0,,,Buyout Program - Relocation Assistance,Buyout Program - Relocation Assistance,Buyout Program - Relocation Assistance,Buyout Program - Relocation Assistance,,Relocation payments and assistance,Relocation payments and assistance,Relocation payments and assistance,Relocation payments and assistance,,"Fayette, County of","Fayette, County of","Fayette, County of","Fayette, County of",,LBAP_HMID_UN_20-066-010-C063_FayetteCounty_RA,LBAP_HMID_UN_20-066-010-C063_FayetteCounty_RA,LBAP_HMID_UN_20-066-010-C063_FayetteCounty_RA,LBAP_HMID_UN_20-066-010-C063_FayetteCounty_RA,
LBAP_HMID_UN_20-066-013-C095_LIBERTYCOUNTY,2,1,0,0,1,0,1,11,0,0,10,0,10,11,2019-10-01,2025-07-01,10,2019-10-01,2025-07-01,0,,,Buyout Program,,,Buyout Program,,Acquisition - buyout of residential properties,,,Acquisition - buyout of residential properties,,Liberty County,,,Liberty County,,LBAP_HMID_UN_20-066-013-C095_LibertyCounty,,,LBAP_HMID_UN_20-066-013-C095_LibertyCounty,
LBAP_HMID_UN_20-066-013-C095_LIBERTYCOUNTY_RA,2,1,0,0,1,0,1,7,0,0,7,0,7,7,2019-10-01,2025-07-01,7,2019-10-01,2025-07-01,0,,,Buyout Program - Relocation Assistance,,,Buyout Program - Relocation Assistance,,Relocation payments and assistance,,,Relocation payments and assistance,,Liberty County,,,Liberty County,,LBAP_HMID_UN_20-066-013-C095_LibertyCounty_RA,,,LBAP_HMID_UN_20-066-013-C095_LibertyCounty_RA,
LBAP_HMID_UN_20-066-015-C108_NEWTONCOUNTY,4,1,1,1,1,0,1,7,4,1,7,0,7,7,2019-10-01,2025-04-01,7,2019-10-01,2025-04-01,0,,,Buyout Program,Buyout Program,Buyout Program,Buyout Program,,Acquisition - buyout of residential properties,Acquisition - buyout of residential properties,Acquisition - buyout of residential properties,Acquisition - buyout of residential properties,,Newton County,Newton County,Newton County,Newton County,,LBAP_HMID_UN_20-066-015-C108_NewtonCounty,LBAP_HMID_UN_20-066-015-C108_NewtonCounty,LBAP_HMID_UN_20-066-015-C108_NewtonCounty,LBAP_HMID_UN_20-066-015-C108_NewtonCounty,
LBAP_HMID_UN_20-066-017-C123_CORPUSCHRISTI,3,1,1,0,1,0,1,3,2,0,3,0,3,3,2020-01-01,2023-01-01,3,2020-01-01,2023-01-01,0,,,Pending Cancellation,Pending Cancellation,,Pending Cancellation,,Acquisition - buyout of residential properties,Acquisition - buyout of residential properties,,Acquisition - buyout of residential properties,,"Corpus Christi, City Of","Corpus Christi, City Of",,"Corpus Christi, City Of",,LBAP_HMID_UN_20-066-017-C123_CorpusChristi,LBAP_HMID_UN_20-066-017-C123_CorpusChristi,,LBAP_HMID_UN_20-066-017-C123_CorpusChristi,
LBAP_HMID_UN_20-066-018-C125_POLKCOUNTY,2,1,0,0,1,0,1,13,0,0,12,0,12,13,2020-01-01,2025-07-01,12,2020-01-01,2025-07-01,0,,,Buyout Program,,,Buyout Program,,Acquisition - buyout of residential properties,,,Acquisition - buyout of residential properties,,Polk County,,,Polk County,,LBAP_HMID_UN_20-066-018-C125_PolkCounty,,,LBAP_HMID_UN_20-066-018-C125_PolkCounty,
LBAP_HMID_UN_20-066-018-C125_POLKCOUNTY_RA,4,1,1,1,1,0,1,2,2,1,2,0,2,2,2024-01-01,2025-07-01,2,2024-01-01,2025-07-01,0,,,Relocation Assistance,Relocation Assistance,Relocation Assistance,Relocation Assistance,,Relocation payments and assistance,Relocation payments and assistance,Relocation payments and assistance,Relocation payments and assistance,,Polk County,Polk County,Polk County,Polk County,,LBAP_HMID_UN_20-066-018-C125_PolkCounty_RA,LBAP_HMID_UN_20-066-018-C125_PolkCounty_RA,LBAP_HMID_UN_20-066-018-C125_PolkCounty_RA,LBAP_HMID_UN_20-066-018-C125_PolkCounty_RA,
LBAP_HMID_UN_20-066-019-C134_NOME,2,1,0,0,1,0,1,1,0,0,1,0,1,1,2020-01-01,2020-01-01,1,2020-01-01,2020-01-01,0,,,Buyout Program,,,Buyout Program,,Acquisition - buyout of residential properties,,,Acquisition - buyout of residential properties,,Nome,,,Nome,,LBAP_HMID_UN_20-066-019-C134_Nome,,,LBAP_HMID_UN_20-066-019-C134_Nome,
LBAP_HMID_UN_20-066-020-C135_SANJACINTOCOUNTY,2,1,0,0,1,0,1,16,0,0,16,0,16,16,2020-01-01,2025-10-01,16,2020-01-01,2025-10-01,0,,,Buyout Program,,,Buyout Program,,Acquisition - buyout of residential properties,,,Acquisition - buyout of residential properties,,San Jacinto County,,,San Jacinto County,,LBAP_HMID_UN_20-066-020-C135_SanJacintoCounty,,,LBAP_HMID_UN_20-066-020-C135_SanJacintoCounty,
LBAP_HMID_UN_20-066-020-C135_SANJACINTOCOUNTY_RA,2,1,0,0,1,0,1,3,0,0,3,0,3,3,2023-01-01,2025-01-01,3,2023-01-01,2025-01-01,0,,,Buyout Program - Relocation Assistance,,,Buyout Program - Relocation Assistance,,Relocation payments and assistance,,,Relocation payments and assistance,,San Jacinto County,,,San Jacinto County,,LBAP_HMID_UN_20-066-020-C135_SanJacintoCounty_RA,,,LBAP_HMID_UN_20-066-020-C135_SanJacintoCounty_RA,
LBAP_HMID_UN_20-066-021-C137_SOURLAKE,3,1,1,0,1,0,1,4,1,0,3,0,3,4,2020-01-01,2025-01-01,3,2020-01-01,2025-01-01,0,,,Buyout Program,Buyout Program,,Buyout Program,,Acquisition - buyout of residential properties,Acquisition - buyout of residential properties,,Acquisition - buyout of residential properties,,Sour Lake,Sour Lake,,Sour Lake,,LBAP_HMID_UN_20-066-021-C137_SourLake,LBAP_HMID_UN_20-066-021-C137_SourLake,,LBAP_HMID_UN_20-066-021-C137_SourLake,
LBAP_HMID_UN_20-066-023-C168_VIDOR,2,1,0,0,1,0,1,6,0,0,6,0,6,6,2020-01-01,2025-10-01,6,2020-01-01,2025-10-01,0,,,Buyout Program,,,Buyout Program,,Acquisition - buyout of residential properties,,,Acquisition - buyout of residential properties,,Vidor,,,Vidor,,LBAP_HMID_UN_20-066-023-C168_Vidor,,,LBAP_HMID_UN_20-066-023-C168_Vidor,
LBAP_HMID_UN_20-066-023-C168_VIDOR_DPA,2,1,0,0,1,0,1,4,0,0,4,0,4,4,2020-01-01,2025-10-01,4,2020-01-01,2025-10-01,0,,,Buyout Program - Down- Payment Assistance,,,Buyout Program - Down- Payment Assistance,,Homeownership Assistance (with waiver only),,,Homeownership Assistance (with waiver only),,Vidor,,,Vidor,,LBAP_HMID_UN_20-066-023-C168_Vidor_DPA,,,LBAP_HMID_UN_20-066-023-C168_Vidor_DPA,
LBAP_HMID_UN_20-066-023-C168_VIDOR_HI,3,1,1,0,1,0,1,4,2,0,4,0,4,4,2020-01-01,2025-10-01,4,2020-01-01,2025-10-01,0,,,Buyout Program - Housing Incentives,Buyout Program - Housing Incentives,,Buyout Program - Housing Incentives,,Housing incentives to encourage resettlement,Housing incentives to encourage resettlement,,Housing incentives to encourage resettlement,,Vidor,Vidor,,Vidor,,LBAP_HMID_UN_20-066-023-C168_Vidor_HI,LBAP_HMID_UN_20-066-023-C168_Vidor_HI,,LBAP_HMID_UN_20-066-023-C168_Vidor_HI,
LBAP_HMID_UN_20-066-023-C168_VIDOR_RA,2,1,0,0,1,0,1,4,0,0,4,0,4,4,2020-01-01,2025-10-01,4,2020-01-01,2025-10-01,0,,,Buyout Program - Relocation Assistance,,,Buyout Program - Relocation Assistance,,Relocation payments and assistance,,,Relocation payments and assistance,,Vidor,,,Vidor,,LBAP_HMID_UN_20-066-023-C168_Vidor_RA,,,LBAP_HMID_UN_20-066-023-C168_Vidor_RA,
LBAP_HMID_UN_20-066-024-C178_SILSBEE,4,1,1,1,1,0,1,10,5,1,9,0,9,10,2020-01-01,2025-10-01,9,2020-01-01,2025-10-01,0,,,Buyout Program,Buyout Program,Buyout Program,Buyout Program,,Acquisition - buyout of residential properties,Acquisition - buyout of residential properties,Acquisition - buyout of residential properties,Acquisition - buyout of residential properties,,Silsbee,Silsbee,Silsbee,Silsbee,,LBAP_HMID_UN_20-066-024-C178_Silsbee,LBAP_HMID_UN_20-066-024-C178_Silsbee,LBAP_HMID_UN_20-066-024-C178_Silsbee,LBAP_HMID_UN_20-066-024-C178_Silsbee,
LBAP_HMID_UN_20-066-024-C178_SILSBEE_HI,1,0,0,0,1,0,1,0,0,0,2,0,2,0,,,2,2020-01-01,2025-10-01,0,,,,,,Buyout Program - Housing Incentives,,,,,Housing incentives to encourage resettlement,,,,,Silsbee,,,,,LBAP_HMID_UN_20-066-024-C178_Silsbee_HI,
LBAP_HMID_UN_20-066-024-C178_SILSBEE_RA,1,0,0,0,1,0,1,0,0,0,2,0,2,0,,,2,2020-01-01,2025-10-01,0,,,,,,Buyout Program - Relocation Assistance,,,,,Relocation payments and assistance,,,,,Silsbee,,,,,LBAP_HMID_UN_20-066-024-C178_Silsbee_RA,
LBAP_HMID_UN_20-066-025-C202_BRIDGECITY_DPA,1,0,0,0,1,0,1,0,0,0,2,0,2,0,,,2,2023-01-01,2024-01-01,0,,,,,,Buyout Program - Homeownership Assistance,,,,,Homeownership Assistance (with waiver only),,,,,Bridge City,,,,,LBAP_HMID_UN_20-066-025-C202_BridgeCity_DPA-02022024102520,
LBAP_HMID_UN_20-066-025-C202_BRIDGECITY_HI,1,0,0,0,1,0,1,0,0,0,2,0,2,0,,,2,2023-01-01,2024-01-01,0,,,,,,Buyout Program - Housing Incentives,,,,,Housing incentives to encourage resettlement,,,,,Bridge City,,,,,LBAP_HMID_UN_20-066-025-C202_BridgeCity_HI-02022024102659,
LBAP_HMID_UN_20-066-025-C202_BRIDGECITY_RA,1,0,0,0,1,0,1,0,0,0,3,0,3,0,,,3,2023-01-01,2025-10-01,0,,,,,,Buyout Program - Relocation Assistance,,,,,Relocation payments and assistance,,,,,Bridge City,,,,,LBAP_HMID_UN_20-066-025-C202_BridgeCity_RA,
LBAP_HMID_UN_20-066-030-C224_INGLESIDE,2,1,0,0,1,0,1,8,0,0,8,0,8,8,2020-01-01,2025-01-01,8,2020-01-01,2025-01-01,0,,,Acquisition - general,,,Acquisition - general,,Acquisition - general,,,Acquisition - general,,Ingleside,,,Ingleside,,LBAP_HMID_UN_20-066-030-C224_Ingleside,,,LBAP_HMID_UN_20-066-030-C224_Ingleside,
LBAP_HMID_UN_20-066-031-C225_JASPER,2,1,0,0,1,0,1,9,0,0,9,0,9,9,2020-01-01,2025-07-01,9,2020-01-01,2025-07-01,0,,,Buyout Program,,,Buyout Program,,Acquisition - buyout of residential properties,,,Acquisition - buyout of residential properties,,Jasper,,,Jasper,,LBAP_HMID_UN_20-066-031-C225_Jasper,,,LBAP_HMID_UN_20-066-031-C225_Jasper,
LBAP_HMID_UN_20-066-036-C242_JEFFERSONCOUNTY,2,1,0,0,1,0,1,7,0,0,7,0,7,7,2020-01-01,2025-10-01,7,2020-01-01,2025-10-01,0,,,Buyout Program,,,Buyout Program,,Acquisition - buyout of residential properties,,,Acquisition - buyout of residential properties,,Jefferson County,,,Jefferson County,,LBAP_HMID_UN_20-066-036-C242_JeffersonCounty,,,LBAP_HMID_UN_20-066-036-C242_JeffersonCounty,
LBAP_HMID_UN_20-066-036-C242_JEFFERSONCOUNTY_HI,2,1,0,0,1,0,1,2,0,0,2,0,2,2,2020-01-01,2025-07-01,2,2020-01-01,2025-07-01,0,,,Buyout Program - Housing Incentives,,,Buyout Program - Housing Incentives,,Housing incentives to encourage resettlement,,,Housing incentives to encourage resettlement,,Jefferson County,,,Jefferson County,,LBAP_HMID_UN_20-066-036-C242_JeffersonCounty_HI,,,LBAP_HMID_UN_20-066-036-C242_JeffersonCounty_HI,
LBAP_HMID_UN_20-066-036-C242_JEFFERSONCOUNTY_RA,4,1,1,1,1,0,1,2,2,1,2,0,2,2,2020-01-01,2025-07-01,2,2020-01-01,2025-07-01,0,,,Buyout Program - Relocation Assistance,Buyout Program - Relocation Assistance,Buyout Program - Relocation Assistance,Buyout Program - Relocation Assistance,,Relocation payments and assistance,Relocation payments and assistance,Relocation payments and assistance,Relocation payments and assistance,,Jefferson County,Jefferson County,Jefferson County,Jefferson County,,LBAP_HMID_UN_20-066-036-C242_JeffersonCounty_RA,LBAP_HMID_UN_20-066-036-C242_JeffersonCounty_RA,LBAP_HMID_UN_20-066-036-C242_JeffersonCounty_RA,LBAP_HMID_UN_20-066-036-C242_JeffersonCounty_RA,
LBAP_HMID_UN_20-066-038-C251_ROSEHILL,2,1,0,0,1,0,1,10,0,0,10,0,10,10,2020-04-01,2024-01-01,10,2020-04-01,2024-01-01,0,,,Acquisition - general,,,Acquisition - general,,Acquisition - general,,,Acquisition - general,,"Rose Hill Acres, City of",,,"Rose Hill Acres, City of",,LBAP_HMID_UN_20-066-038-C251_RoseHill,,,LBAP_HMID_UN_20-066-038-C251_RoseHill,
LBAP_HMID_UN_20-066-038-C251_ROSEHILL_DPA,2,0,1,0,1,0,1,0,2,0,6,0,6,0,,,6,2020-04-01,2023-10-01,0,,,,Acquisition Program - Down-Payment Assistance,,Acquisition Program - Down-Payment Assistance,,,Homeownership Assistance (with waiver only),,Homeownership Assistance (with waiver only),,,"Rose Hill Acres, City of",,"Rose Hill Acres, City of",,,LBAP_HMID_UN_20-066-038-C251_RoseHill_DPA-08302023102816-11022023160937,,LBAP_HMID_UN_20-066-038-C251_RoseHill_DPA-08302023102816-11022023160937,
LBAP_HMID_UN_20-066-038-C251_ROSEHILL_HI,2,0,1,0,1,0,1,0,2,0,6,0,6,0,,,6,2020-04-01,2023-10-01,0,,,,Acquisition Program - Housing Incentives,,Acquisition Program - Housing Incentives,,,Housing incentives to encourage resettlement,,Housing incentives to encourage resettlement,,,"Rose Hill Acres, City of",,"Rose Hill Acres, City of",,,LBAP_HMID_UN_20-066-038-C251_RoseHill_HI-11022023163812,,LBAP_HMID_UN_20-066-038-C251_RoseHill_HI-11022023163812,
LBAP_HMID_UN_20-066-038-C251_ROSEHILL_RA,3,0,1,1,1,0,1,0,2,1,6,0,6,0,,,6,2020-04-01,2023-10-01,0,,,,Acquisition Program - Relocation Assistance,Acquisition Program - Relocation Assistance,Acquisition Program - Relocation Assistance,,,Relocation payments and assistance,Relocation payments and assistance,Relocation payments and assistance,,,"Rose Hill Acres, City of","Rose Hill Acres, City of","Rose Hill Acres, City of",,,LBAP_HMID_UN_20-066-038-C251_RoseHill_RA-11022023163721,LBAP_HMID_UN_20-066-038-C251_RoseHill_RA-11022023163721,LBAP_HMID_UN_20-066-038-C251_RoseHill_RA-11022023163721,
LBAP_HMID_UN_20-066-039-C258_ORANGE,2,1,0,0,1,0,1,9,0,0,9,0,9,9,2020-01-01,2025-01-01,9,2020-01-01,2025-01-01,0,,,Acquisition - Buyout,,,Acquisition - Buyout,,Acquisition - buyout of residential properties,,,Acquisition - buyout of residential properties,,Orange,,,Orange,,LBAP_HMID_UN_20-066-039-C258_Orange,,,LBAP_HMID_UN_20-066-039-C258_Orange,
LBAP_HMID_UN_20-066-039-C258_ORANGE_DPA,2,1,0,0,1,0,1,5,0,0,5,0,5,5,2020-01-01,2023-07-01,5,2020-01-01,2023-07-01,0,,,Acquisition Program - Down-Payment Assistance,,,Acquisition Program - Down-Payment Assistance,,Homeownership Assistance (with waiver only),,,Homeownership Assistance (with waiver only),,Orange,,,Orange,,LBAP_HMID_UN_20-066-039-C258_Orange_DPA,,,LBAP_HMID_UN_20-066-039-C258_Orange_DPA,
LBAP_HMID_UN_20-066-039-C258_ORANGE_HI,2,0,1,0,1,0,1,0,1,0,6,0,6,0,,,6,2020-01-01,2023-10-01,0,,,,Acquisition Program - Housing Incentives,,Acquisition Program - Housing Incentives,,,Housing incentives to encourage resettlement,,Housing incentives to encourage resettlement,,,Orange,,Orange,,,LBAP_HMID_UN_20-066-039-C258_Orange_HI-11022023163848,,LBAP_HMID_UN_20-066-039-C258_Orange_HI-11022023163848,
LBAP_HMID_UN_20-066-039-C258_ORANGE_RA,2,1,0,0,1,0,1,5,0,0,5,0,5,5,2020-01-01,2023-07-01,5,2020-01-01,2023-07-01,0,,,Acquisition Program - Relocation Payments,,,Acquisition Program - Relocation Payments,,Relocation payments and assistance,,,Relocation payments and assistance,,Orange,,,Orange,,LBAP_HMID_UN_20-066-039-C258_Orange_RA,,,LBAP_HMID_UN_20-066-039-C258_Orange_RA,
LBAP_HMID_UN_20-066-040-C259_DICKINSON,3,1,1,0,1,0,1,3,1,0,3,0,3,3,2020-04-01,2025-10-01,3,2020-04-01,2025-10-01,0,,,Buyout Program,Buyout Program,,Buyout Program,,Acquisition - buyout of residential properties,Acquisition - buyout of residential properties,,Acquisition - buyout of residential properties,,Dickinson,Dickinson,,Dickinson,,LBAP_HMID_UN_20-066-040-C259_Dickinson,LBAP_HMID_UN_20-066-040-C259_Dickinson,,LBAP_HMID_UN_20-066-040-C259_Dickinson,
LBAP_HMID_UN_20-066-040-C259_DICKINSON_HI,1,0,0,0,1,0,1,0,0,0,2,0,2,0,,,2,2020-04-01,2025-10-01,0,,,,,,Buyout Program - Housing Incentives,,,,,Housing incentives to encourage resettlement,,,,,Dickinson,,,,,LBAP_HMID_UN_20-066-040-C259_Dickinson_HI,
LBAP_HMID_UN_20-066-041-C266_HARDINCOUNTY,2,1,0,0,1,0,1,4,0,0,4,0,4,4,2023-01-01,2024-01-01,4,2023-01-01,2024-01-01,0,,,Buyout Program,,,Buyout Program,,Acquisition - buyout of residential properties,,,Acquisition - buyout of residential properties,,"Hardin, County of",,,"Hardin, County of",,LBAP_HMID_UN_20-066-041-C266_HardinCounty,,,LBAP_HMID_UN_20-066-041-C266_HardinCounty,
LBAP_HMID_UN_20-066-043-C300_JASPERCOUNTY,2,1,0,0,1,0,1,7,0,0,7,0,7,7,2020-04-01,2025-04-01,7,2020-04-01,2025-04-01,0,,,Buyout Program,,,Buyout Program,,Acquisition - buyout of residential properties,,,Acquisition - buyout of residential properties,,Jasper County,,,Jasper County,,LBAP_HMID_UN_20-066-043-C300_JasperCounty,,,LBAP_HMID_UN_20-066-043-C300_JasperCounty,
LBAP_HMID_UN_20-066-043-C300_JASPERCOUNTY_RA,1,0,0,0,1,0,1,0,0,0,2,0,2,0,,,2,2023-07-01,2024-07-01,0,,,,,,Buyout Program - Relocation Assistance,,,,,Relocation payments and assistance,,,,,Jasper County,,,,,LBAP_HMID_UN_20-066-043-C300_JasperCounty_RA-07102024112816,
LBAP_HMID_UN_20-066-044-C314_BEAUMONT,2,1,0,0,1,0,1,8,0,0,8,0,8,8,2020-04-01,2025-10-01,8,2020-04-01,2025-10-01,0,,,Buyout Program,,,Buyout Program,,Acquisition - buyout of residential properties,,,Acquisition - buyout of residential properties,,Beaumont,,,Beaumont,,LBAP_HMID_UN_20-066-044-C314_Beaumont,,,LBAP_HMID_UN_20-066-044-C314_Beaumont,
LBAP_HMID_UN_20-066-044-C314_BEAUMONT_HI,3,1,1,0,1,0,1,6,2,0,6,0,6,6,2020-04-01,2025-04-01,6,2020-04-01,2025-04-01,0,,,Buyout Program - Housing Incentives,Buyout Program - Housing Incentives,,Buyout Program - Housing Incentives,,Housing incentives to encourage resettlement,Housing incentives to encourage resettlement,,Housing incentives to encourage resettlement,,Beaumont,Beaumont,,Beaumont,,LBAP_HMID_UN_20-066-044-C314_Beaumont_HI,LBAP_HMID_UN_20-066-044-C314_Beaumont_HI,,LBAP_HMID_UN_20-066-044-C314_Beaumont_HI,
LBAP_HMID_UN_20-066-044-C314_BEAUMONT_RA,2,1,0,0,1,0,1,1,0,0,1,0,1,1,2025-04-01,2025-04-01,1,2025-04-01,2025-04-01,0,,,Relocation Assistance,,,Relocation Assistance,,Relocation payments and assistance,,,Relocation payments and assistance,,Beaumont,,,Beaumont,,LBAP_HMID_UN_20-066-044-C314_Beaumont_RA,,,LBAP_HMID_UN_20-066-044-C314_Beaumont_RA,
LBAP_HMID_UN_20-066-045-C444_FRIENDSWOOD,3,1,1,0,1,0,1,11,1,0,11,0,11,11,2020-04-01,2025-10-01,11,2020-04-01,2025-10-01,0,,,Acquisition - general,Acquisition - general,,Acquisition - general,,Acquisition - general,Acquisition - general,,Acquisition - general,,City of Friendswood,City of Friendswood,,City of Friendswood,,LBAP_HMID_UN_20-066-045-C444_Friendswood,LBAP_HMID_UN_20-066-045-C444_Friendswood,,LBAP_HMID_UN_20-066-045-C444_Friendswood,
LBAP_HMID_UN_20-066-045-C444_FRIENDSWOOD_HI,3,1,1,0,1,0,1,2,2,0,2,0,2,2,2023-07-01,2023-10-01,2,2023-07-01,2023-10-01,0,,,Housing Incentives,Housing Incentives,,Housing Incentives,,Housing incentives to encourage resettlement,Housing incentives to encourage resettlement,,Housing incentives to encourage resettlement,,City of Friendswood,City of Friendswood,,City of Friendswood,,LBAP_HMID_UN_20-066-045-C444_Friendswood_HI,LBAP_HMID_UN_20-066-045-C444_Friendswood_HI,,LBAP_HMID_UN_20-066-045-C444_Friendswood_HI,
LBAP_HMID_UN_20-066-045-C444_FRIENDSWOOD_RA,4,1,1,1,1,0,1,7,2,1,7,0,7,7,2020-04-01,2025-10-01,7,2020-04-01,2025-10-01,0,,,Acquisition Program - Relocation Assistance,Acquisition Program - Relocation Assistance,Acquisition Program - Relocation Assistance,Acquisition Program - Relocation Assistance,,Relocation payments and assistance,Relocation payments and assistance,Relocation payments and assistance,Relocation payments and assistance,,City of Friendswood,City of Friendswood,City of Friendswood,City of Friendswood,,LBAP_HMID_UN_20-066-045-C444_Friendswood_RA,LBAP_HMID_UN_20-066-045-C444_Friendswood_RA,LBAP_HMID_UN_20-066-045-C444_Friendswood_RA,LBAP_HMID_UN_20-066-045-C444_Friendswood_RA,
LBAP_HMID_UN_20-066-046-C455_GALVESTONCOUNTY_ACQ,2,1,0,0,1,0,1,8,0,0,8,0,8,8,2020-07-01,2024-07-01,8,2020-07-01,2024-07-01,0,,,Acquisition - general,,,Acquisition - general,,Acquisition - buyout of residential properties,,,Acquisition - buyout of residential properties,,Galveston County,,,Galveston County,,LBAP_HMID_UN_20-066-046-C455_GalvestonCounty_ACQ,,,LBAP_HMID_UN_20-066-046-C455_GalvestonCounty_ACQ,
LBAP_HMID_UN_20-066-046-C455_GALVESTONCOUNTY_HI,2,1,0,0,1,0,1,1,0,0,1,0,1,1,2024-01-01,2024-01-01,1,2024-01-01,2024-01-01,0,,,Housing Incentives,,,Housing Incentives,,Housing incentives to encourage resettlement,,,Housing incentives to encourage resettlement,,Galveston County,,,Galveston County,,LBAP_HMID_UN_20-066-046-C455_GalvestonCounty_HI,,,LBAP_HMID_UN_20-066-046-C455_GalvestonCounty_HI,
LBAP_HMID_UN_20-066-046-C455_GALVESTONCOUNTY_RA,2,1,0,0,1,0,1,4,0,0,4,0,4,4,2020-07-01,2024-07-01,4,2020-07-01,2024-07-01,0,,,Acquisition Program - Relocation Assistance,,,Acquisition Program - Relocation Assistance,,Relocation payments and assistance,,,Relocation payments and assistance,,Galveston County,,,Galveston County,,LBAP_HMID_UN_20-066-046-C455_GalvestonCounty_RA,,,LBAP_HMID_UN_20-066-046-C455_GalvestonCounty_RA,
LBAP_HMID_UN_20-066-048-C526_ORANGECOUNTY,2,1,0,0,1,0,1,13,0,0,13,0,13,13,2020-07-01,2025-04-01,13,2020-07-01,2025-04-01,0,,,Buyout Program,,,Buyout Program,,Acquisition - buyout of residential properties,,,Acquisition - buyout of residential properties,,Orange County,,,Orange County,,LBAP_HMID_UN_20-066-048-C526_OrangeCounty,,,LBAP_HMID_UN_20-066-048-C526_OrangeCounty,
LBAP_HMID_UN_20-066-048-C526_ORANGECOUNTY_HI,2,1,0,0,1,0,1,6,0,0,6,0,6,6,2020-07-01,2025-04-01,6,2020-07-01,2025-04-01,0,,,Buyout Program - Housing Incentives,,,Buyout Program - Housing Incentives,,Housing incentives to encourage resettlement,,,Housing incentives to encourage resettlement,,Orange County,,,Orange County,,LBAP_HMID_UN_20-066-048-C526_OrangeCounty_HI,,,LBAP_HMID_UN_20-066-048-C526_OrangeCounty_HI,
LBAP_HMID_UN_20-066-048-C526_ORANGECOUNTY_RA,2,1,0,0,1,0,1,6,0,0,6,0,6,6,2020-07-01,2024-10-01,6,2020-07-01,2024-10-01,0,,,Buyout Program - Relocation Assistance,,,Buyout Program - Relocation Assistance,,Relocation payments and assistance,,,Relocation payments and assistance,,Orange County,,,Orange County,,LBAP_HMID_UN_20-066-048-C526_OrangeCounty_RA,,,LBAP_HMID_UN_20-066-048-C526_OrangeCounty_RA,
LBAP_HMID_UN_20-066-049-C772_LEAGUECITY,2,1,0,0,1,0,1,4,0,0,4,0,4,4,2021-01-01,2025-04-01,4,2021-01-01,2025-04-01,0,,,Buyout Program,,,Buyout Program,,Acquisition - buyout of residential properties,,,Acquisition - buyout of residential properties,,League City,,,League City,,LBAP_HMID_UN_20-066-049-C772_LeagueCity,,,LBAP_HMID_UN_20-066-049-C772_LeagueCity,
LBAP_HMID_UN_GRANTEESUPPORT[H5B]_ACQ,2,1,0,0,1,0,1,7,0,0,7,0,7,7,2024-04-01,2025-10-01,7,2024-04-01,2025-10-01,0,,,Grantee Support for Subrecipient HMID UN Acquisition - General,,,Grantee Support for Subrecipient HMID UN Acquisition - General,,Acquisition - general,,,Acquisition - general,,Texas General Land Office,,,Texas General Land Office,,LBAP_HMID_UN_GranteeSupport[H5b]_ACQ,,,LBAP_HMID_UN_GranteeSupport[H5b]_ACQ,
LBAP_HMID_UN_GRANTEESUPPORT[H5B]_ACQ_B,2,1,0,0,1,0,1,7,0,0,7,0,7,7,2024-04-01,2025-10-01,7,2024-04-01,2025-10-01,0,,,Grantee Support for Subrecipient HMID UN Acquisition - Buyout,,,Grantee Support for Subrecipient HMID UN Acquisition - Buyout,,Acquisition - buyout of residential properties,,,Acquisition - buyout of residential properties,,Texas General Land Office,,,Texas General Land Office,,LBAP_HMID_UN_GranteeSupport[H5b]_ACQ_B,,,LBAP_HMID_UN_GranteeSupport[H5b]_ACQ_B,
LBAP_HMID_UN_GRANTEESUPPORT[H5B]_HA,2,1,0,0,1,0,1,6,0,0,6,0,6,6,2024-04-01,2025-10-01,6,2024-04-01,2025-10-01,0,,,Grantee Support for Subrecipient HMID UN Homeownership Assistance,,,Grantee Support for Subrecipient HMID UN Homeownership Assistance,,Homeownership Assistance (with waiver only),,,Homeownership Assistance (with waiver only),,Texas General Land Office,,,Texas General Land Office,,LBAP_HMID_UN_GranteeSupport[H5b]_HA,,,LBAP_HMID_UN_GranteeSupport[H5b]_HA,
LBAP_HMID_UN_GRANTEESUPPORT[H5B]_HI,2,1,0,0,1,0,1,7,0,0,7,0,7,7,2024-04-01,2025-10-01,7,2024-04-01,2025-10-01,0,,,Grantee Support for Subrecipient HMID UN Housing Incentives,,,Grantee Support for Subrecipient HMID UN Housing Incentives,,Housing incentives to encourage resettlement,,,Housing incentives to encourage resettlement,,Texas General Land Office,,,Texas General Land Office,,LBAP_HMID_UN_GranteeSupport[H5b]_HI,,,LBAP_HMID_UN_GranteeSupport[H5b]_HI,
LBAP_HMID_UN_GRANTEESUPPORT[H5B]_RA,2,1,0,0,1,0,1,7,0,0,7,0,7,7,2024-04-01,2025-10-01,7,2024-04-01,2025-10-01,0,,,Grantee Support for Subrecipient HMID UN Relocation Assistance,,,Grantee Support for Subrecipient HMID UN Relocation Assistance,,Relocation payments and assistance,,,Relocation payments and assistance,,Texas General Land Office,,,Texas General Land Office,,LBAP_HMID_UN_GranteeSupport[H5b]_RA,,,LBAP_HMID_UN_GranteeSupport[H5b]_RA,
LBAP_SMID_LMA_20-066-033-C229_GONZALESCOUNTY,3,1,1,0,1,0,1,7,2,0,6,0,6,7,2020-01-01,2025-04-01,6,2020-01-01,2025-04-01,0,,,Buyout Program,Buyout Program,,Buyout Program,,Acquisition - buyout of residential properties,Acquisition - buyout of residential properties,,Acquisition - buyout of residential properties,,Gonzales County,Gonzales County,,Gonzales County,,LBAP_SMID_LMA_20-066-033-C229_GonzalesCounty,LBAP_SMID_LMA_20-066-033-C229_GonzalesCounty,,LBAP_SMID_LMA_20-066-033-C229_GonzalesCounty,
LBAP_SMID_LMB_20-066-002-B957_AUSTINCOUNTY,2,1,0,0,1,0,1,16,0,0,15,0,15,16,2019-10-01,2025-10-01,15,2019-10-01,2025-10-01,0,,,Buyout Program,,,Buyout Program,,Acquisition - buyout of residential properties,,,Acquisition - buyout of residential properties,,Austin County,,,Austin County,,LBAP_SMID_LMB_20-066-002-B957_AustinCounty,,,LBAP_SMID_LMB_20-066-002-B957_AustinCounty,
LBAP_SMID_LMB_20-066-003-B966_GRIMESCOUNTY,2,1,0,0,1,0,1,10,0,0,10,0,10,10,2019-10-01,2025-07-01,10,2019-10-01,2025-07-01,0,,,Buyout Program,,,Buyout Program,,Acquisition - buyout of residential properties,,,Acquisition - buyout of residential properties,,Grimes County,,,Grimes County,,LBAP_SMID_LMB_20-066-003-B966_GrimesCounty,,,LBAP_SMID_LMB_20-066-003-B966_GrimesCounty,
LBAP_SMID_LMB_20-066-011-C074_WALLERCOUNTY,4,1,1,1,1,0,1,11,6,1,11,0,11,11,2019-10-01,2025-01-01,11,2019-10-01,2025-01-01,0,,,Buyout Program,Buyout Program,Buyout Program,Buyout Program,,Acquisition - buyout of residential properties,Acquisition - buyout of residential properties,Acquisition - buyout of residential properties,Acquisition - buyout of residential properties,,Waller County,Waller County,Waller County,Waller County,,LBAP_SMID_LMB_20-066-011-C074_WallerCounty,LBAP_SMID_LMB_20-066-011-C074_WallerCounty,LBAP_SMID_LMB_20-066-011-C074_WallerCounty,LBAP_SMID_LMB_20-066-011-C074_WallerCounty,
LBAP_SMID_LMB_20-066-012-C094_CALDWELLCOUNTY,3,1,1,0,1,0,1,8,1,0,7,0,7,8,2019-10-01,2025-10-01,7,2019-10-01,2025-10-01,0,,,Buyout Program,Buyout Program,,Buyout Program,,Acquisition - buyout of residential properties,Acquisition - buyout of residential properties,,Acquisition - buyout of residential properties,,"Caldwell, County of","Caldwell, County of",,"Caldwell, County of",,LBAP_SMID_LMB_20-066-012-C094_CaldwellCounty,LBAP_SMID_LMB_20-066-012-C094_CaldwellCounty,,LBAP_SMID_LMB_20-066-012-C094_CaldwellCounty,
LBAP_SMID_LMB_20-066-014-C106_LEECOUNTY,2,1,0,0,1,0,1,3,0,0,3,0,3,3,2020-01-01,2024-04-01,3,2020-01-01,2024-04-01,0,,,Buyout Program,,,Buyout Program,,Acquisition - buyout of residential properties,,,Acquisition - buyout of residential properties,,"Lee, County of",,,"Lee, County of",,LBAP_SMID_LMB_20-066-014-C106_LeeCounty,,,LBAP_SMID_LMB_20-066-014-C106_LeeCounty,
LBAP_SMID_LMB_20-066-016-C112_TYLERCOUNTY,2,1,0,0,1,0,1,8,0,0,8,0,8,8,2019-10-01,2024-01-01,8,2019-10-01,2024-01-01,0,,,Buyout Program,,,Buyout Program,,Acquisition - buyout of residential properties,,,Acquisition - buyout of residential properties,,Tyler County,,,Tyler County,,LBAP_SMID_LMB_20-066-016-C112_TylerCounty,,,LBAP_SMID_LMB_20-066-016-C112_TylerCounty,
LBAP_SMID_LMB_20-066-026-C215_MILAMCOUNTY,3,1,1,0,1,0,1,6,2,0,6,0,6,6,2020-01-01,2024-07-01,6,2020-01-01,2024-07-01,0,,,Buyout Program,Buyout Program,,Buyout Program,,Acquisition - buyout of residential properties,Acquisition - buyout of residential properties,,Acquisition - buyout of residential properties,,Milam County,Milam County,,Milam County,,LBAP_SMID_LMB_20-066-026-C215_MilamCounty,LBAP_SMID_LMB_20-066-026-C215_MilamCounty,,LBAP_SMID_LMB_20-066-026-C215_MilamCounty,
LBAP_SMID_LMB_20-066-027-C220_GOLIADCOUNTY,3,1,1,0,1,0,1,6,2,0,6,0,6,6,2020-01-01,2025-04-01,6,2020-01-01,2025-04-01,0,,,Buyout Program,Buyout Program,,Buyout Program,,Acquisition - buyout of residential properties,Acquisition - buyout of residential properties,,Acquisition - buyout of residential properties,,"Goliad, County of","Goliad, County of",,"Goliad, County of",,LBAP_SMID_LMB_20-066-027-C220_GoliadCounty,LBAP_SMID_LMB_20-066-027-C220_GoliadCounty,,LBAP_SMID_LMB_20-066-027-C220_GoliadCounty,
LBAP_SMID_LMB_20-066-028-C222_BASTROPCOUNTY,4,1,1,1,1,0,1,11,6,1,9,0,9,11,2020-01-01,2025-07-01,9,2020-01-01,2024-01-01,0,,,Buyout Program,Buyout Program,Buyout Program,Buyout Program,,Acquisition - buyout of residential properties,Acquisition - buyout of residential properties,Acquisition - buyout of residential properties,Acquisition - buyout of residential properties,,Bastrop County,Bastrop County,Bastrop County,Bastrop County,,LBAP_SMID_LMB_20-066-028-C222_BastropCounty,LBAP_SMID_LMB_20-066-028-C222_BastropCounty,LBAP_SMID_LMB_20-066-028-C222_BastropCounty,LBAP_SMID_LMB_20-066-028-C222_BastropCounty,
LBAP_SMID_LMB_20-066-032-C226_KARNESCOUNTY,3,1,1,0,1,0,1,6,2,0,6,0,6,6,2020-01-01,2025-04-01,6,2020-01-01,2025-04-01,0,,,Buyout Program,Buyout Program,,Buyout Program,,Acquisition - buyout of residential properties,Acquisition - buyout of residential properties,,Acquisition - buyout of residential properties,,"Karnes, County of","Karnes, County of",,"Karnes, County of",,LBAP_SMID_LMB_20-066-032-C226_KarnesCounty,LBAP_SMID_LMB_20-066-032-C226_KarnesCounty,,LBAP_SMID_LMB_20-066-032-C226_KarnesCounty,
LBAP_SMID_LMHI_20-066-002-B957_AUSTINCOUNTY,1,0,0,0,1,0,1,0,0,0,8,0,8,0,,,8,2019-10-01,2024-07-01,0,,,,,,Buyout Program - Housing Incentives,,,,,Housing incentives to encourage resettlement,,,,,Austin County,,,,,LBAP_SMID_LMHI_20-066-002-B957_AustinCounty-09092024135919,
LBAP_SMID_LMHI_20-066-011-C074_WALLERCOUNTY,2,1,0,0,1,0,1,5,0,0,5,0,5,5,2019-10-01,2023-07-01,5,2019-10-01,2023-07-01,0,,,Buyout Program - Housing Incentives,,,Buyout Program - Housing Incentives,,Housing incentives to encourage resettlement,,,Housing incentives to encourage resettlement,,Waller County,,,Waller County,,LBAP_SMID_LMHI_20-066-011-C074_WallerCounty,,,LBAP_SMID_LMHI_20-066-011-C074_WallerCounty,
LBAP_SMID_LMHI_20-066-016-C112_TYLERCOUNTY,2,1,0,0,1,0,1,2,0,0,2,0,2,2,2023-07-01,2024-01-01,2,2023-07-01,2024-01-01,0,,,Buyout Program - Housing Incentives,,,Buyout Program - Housing Incentives,,Housing incentives to encourage resettlement,,,Housing incentives to encourage resettlement,,Tyler County,,,Tyler County,,LBAP_SMID_LMHI_20-066-016-C112_TylerCounty,,,LBAP_SMID_LMHI_20-066-016-C112_TylerCounty,
LBAP_SMID_LMH_20-066-002-B957_AUSTINCOUNTY_RA,4,1,1,1,1,0,1,5,2,1,5,0,5,5,2023-01-01,2024-07-01,5,2023-01-01,2024-07-01,0,,,Buyout Program - Relocation Assistance,Buyout Program - Relocation Assistance,Buyout Program - Relocation Assistance,Buyout Program - Relocation Assistance,,Relocation payments and assistance,Relocation payments and assistance,Relocation payments and assistance,Relocation payments and assistance,,Austin County,Austin County,Austin County,Austin County,,LBAP_SMID_LMH_20-066-002-B957_AustinCounty_RA,LBAP_SMID_LMH_20-066-002-B957_AustinCounty_RA,LBAP_SMID_LMH_20-066-002-B957_AustinCounty_RA,LBAP_SMID_LMH_20-066-002-B957_AustinCounty_RA,
LBAP_SMID_LMH_20-066-003-B966_GRIMESCOUNTY_DPA,2,1,0,0,1,0,1,4,0,0,4,0,4,4,2019-10-01,2023-01-01,4,2019-10-01,2023-01-01,0,,,Buyout Program - Down-Payment Assistance,,,Buyout Program - Down-Payment Assistance,,Homeownership Assistance to low- and moderate-income,,,Homeownership Assistance to low- and moderate-income,,Grimes County,,,Grimes County,,LBAP_SMID_LMH_20-066-003-B966_GrimesCounty_DPA,,,LBAP_SMID_LMH_20-066-003-B966_GrimesCounty_DPA,
LBAP_SMID_LMH_20-066-003-B966_GRIMESCOUNTY_RA,2,1,0,0,1,0,1,6,0,0,6,0,6,6,2019-10-01,2024-07-01,6,2019-10-01,2024-07-01,0,,,Buyout Program - Relocation Assistance,,,Buyout Program - Relocation Assistance,,Relocation payments and assistance,,,Relocation payments and assistance,,Grimes County,,,Grimes County,,LBAP_SMID_LMH_20-066-003-B966_GrimesCounty_RA,,,LBAP_SMID_LMH_20-066-003-B966_GrimesCounty_RA,
LBAP_SMID_LMH_20-066-011-C074_WALLERCOUNTY_RA,4,1,1,1,1,0,1,3,4,1,2,0,2,3,2023-01-01,2024-04-01,2,2023-01-01,2023-10-01,0,,,Buyout Program - Relocation Assistance,Buyout Program - Relocation Assistance,Buyout Program - Relocation Assistance,Buyout Program - Relocation Assistance,,Relocation payments and assistance,Relocation payments and assistance,Relocation payments and assistance,Relocation payments and assistance,,Waller County,Waller County,Waller County,Waller County,,LBAP_SMID_LMH_20-066-011-C074_WallerCounty_RA,LBAP_SMID_LMH_20-066-011-C074_WallerCounty_RA,LBAP_SMID_LMH_20-066-011-C074_WallerCounty_RA,LBAP_SMID_LMH_20-066-011-C074_WallerCounty_RA,
LBAP_SMID_LMH_20-066-012-C094_CALDWELLCOUNTY,1,0,0,0,1,0,1,0,0,0,6,0,6,0,,,6,2019-10-01,2025-10-01,0,,,,,,Buyout Program - Relocation Assistance,,,,,Relocation payments and assistance,,,,,"Caldwell, County of",,,,,LBAP_SMID_LMH_20-066-012-C094_CaldwellCounty,
LBAP_SMID_LMH_20-066-016-C112_TYLERCOUNTY_DPA,2,1,0,0,1,0,1,1,0,0,1,0,1,1,2023-07-01,2023-07-01,1,2023-07-01,2023-07-01,0,,,Buyout Program - Downpayment Assistance,,,Buyout Program - Downpayment Assistance,,Homeownership Assistance to low- and moderate-income,,,Homeownership Assistance to low- and moderate-income,,Tyler County,,,Tyler County,,LBAP_SMID_LMH_20-066-016-C112_TylerCounty_DPA,,,LBAP_SMID_LMH_20-066-016-C112_TylerCounty_DPA,
LBAP_SMID_LMH_20-066-016-C112_TYLERCOUNTY_RA,4,1,1,1,1,0,1,2,4,1,2,0,2,2,2023-07-01,2024-01-01,2,2023-07-01,2024-01-01,0,,,Relocation Assistance,Relocation Assistance,Relocation Assistance,Relocation Assistance,,Relocation payments and assistance,Relocation payments and assistance,Relocation payments and assistance,Relocation payments and assistance,,Tyler County,Tyler County,Tyler County,Tyler County,,LBAP_SMID_LMH_20-066-016-C112_TylerCounty_RA,LBAP_SMID_LMH_20-066-016-C112_TylerCounty_RA,LBAP_SMID_LMH_20-066-016-C112_TylerCounty_RA,LBAP_SMID_LMH_20-066-016-C112_TylerCounty_RA,
LBAP_SMID_LMH_20-066-026-C215_MILAMCOUNTY_RA,1,0,0,0,1,0,1,0,0,0,2,0,2,0,,,2,2023-07-01,2024-07-01,0,,,,,,Buyout Program - Relocation Assistance,,,,,Relocation payments and assistance,,,,,Milam County,,,,,LBAP_SMID_LMH_20-066-026-C215_MilamCounty_RA-08072024121227,
LBAP_SMID_LMH_20-066-027-C220_GOLIADCOUNTY_RA,1,0,0,0,1,0,1,0,0,0,6,0,6,0,,,6,2020-01-01,2025-10-01,0,,,,,,Buyout Program - Relocation Assistance,,,,,Relocation payments and assistance,,,,,"Goliad, County of",,,,,LBAP_SMID_LMH_20-066-027-C220_GoliadCounty_RA,
LBAP_SMID_LMH_20-066-028-C222_BASTROPCOUNTY_RA,4,1,1,1,1,0,1,8,6,1,6,0,6,8,2020-01-01,2025-07-01,6,2020-01-01,2023-10-01,0,,,Buyout Program - Relocation Assistance,Buyout Program - Relocation Assistance,Buyout Program - Relocation Assistance,Buyout Program - Relocation Assistance,,Relocation payments and assistance,Relocation payments and assistance,Relocation payments and assistance,Relocation payments and assistance,,Bastrop County,Bastrop County,Bastrop County,Bastrop County,,LBAP_SMID_LMH_20-066-028-C222_BastropCounty_RA,LBAP_SMID_LMH_20-066-028-C222_BastropCounty_RA,LBAP_SMID_LMH_20-066-028-C222_BastropCounty_RA,LBAP_SMID_LMH_20-066-028-C222_BastropCounty_RA,
LBAP_SMID_LMH_20-066-032-C226_KARNESCOUNTY,1,0,0,0,1,0,1,0,0,0,6,0,6,0,,,6,2020-01-01,2025-10-01,0,,,,,,Buyout Program - Relocation Assistance,,,,,Relocation payments and assistance,,,,,"Karnes, County of",,,,,LBAP_SMID_LMH_20-066-032-C226_KarnesCounty,
LBAP_SMID_LMH_20-066-033-C229_GONZALESCOUNTY,1,0,0,0,1,0,1,0,0,0,6,0,6,0,,,6,2020-01-01,2025-10-01,0,,,,,,Buyout Program - Relocation Assistance,,,,,Relocation payments and assistance,,,,,Gonzales County,,,,,LBAP_SMID_LMH_20-066-033-C229_GonzalesCounty,
LBAP_SMID_LMI_GRANTEESUPPORT[H5B]_ACQ_B,2,1,0,0,1,0,1,7,0,0,7,0,7,7,2024-04-01,2025-10-01,7,2024-04-01,2025-10-01,0,,,Grantee Support for Subrecipient SMID LMI Acquisition - Buyout,,,Grantee Support for Subrecipient SMID LMI Acquisition - Buyout,,Acquisition - buyout of residential properties,,,Acquisition - buyout of residential properties,,Texas General Land Office,,,Texas General Land Office,,LBAP_SMID_LMI_GranteeSupport[H5b]_ACQ_B,,,LBAP_SMID_LMI_GranteeSupport[H5b]_ACQ_B,
LBAP_SMID_LMI_GRANTEESUPPORT[H5B]_HI,2,1,0,0,1,0,1,7,0,0,7,0,7,7,2024-04-01,2025-10-01,7,2024-04-01,2025-10-01,0,,,Grantee Support for Subrecipient SMID LMI Housing Incentives,,,Grantee Support for Subrecipient SMID LMI Housing Incentives,,Housing incentives to encourage resettlement,,,Housing incentives to encourage resettlement,,Texas General Land Office,,,Texas General Land Office,,LBAP_SMID_LMI_GranteeSupport[H5b]_HI,,,LBAP_SMID_LMI_GranteeSupport[H5b]_HI,
LBAP_SMID_LMI_GRANTEESUPPORT[H5B]_RA,2,1,0,0,1,0,1,7,0,0,7,0,7,7,2024-04-01,2025-10-01,7,2024-04-01,2025-10-01,0,,,Grantee Support for Subrecipient SMID LMI Relocation Assistance,,,Grantee Support for Subrecipient SMID LMI Relocation Assistance,,Relocation payments and assistance,,,Relocation payments and assistance,,Texas General Land Office,,,Texas General Land Office,,LBAP_SMID_LMI_GranteeSupport[H5b]_RA,,,LBAP_SMID_LMI_GranteeSupport[H5b]_RA,
LBAP_SMID_UN_20-066-002-B957_AUSTINCOUNTY,2,1,0,0,1,0,1,16,0,0,15,0,15,16,2019-10-01,2025-10-01,15,2019-10-01,2025-10-01,0,,,Buyout Program,,,Buyout Program,,Acquisition - buyout of residential properties,,,Acquisition - buyout of residential properties,,Austin County,,,Austin County,,LBAP_SMID_UN_20-066-002-B957_AustinCounty,,,LBAP_SMID_UN_20-066-002-B957_AustinCounty,
LBAP_SMID_UN_20-066-002-B957_AUSTINCOUNTY_HI,2,0,1,0,1,0,1,0,2,0,6,0,6,0,,,6,2019-10-01,2023-10-01,0,,,,Buyout Program - Housing Incentives,,Buyout Program - Housing Incentives,,,Housing incentives to encourage resettlement,,Housing incentives to encourage resettlement,,,Austin County,,Austin County,,,LBAP_SMID_UN_20-066-002-B957_AustinCounty_HI-11022023163954,,LBAP_SMID_UN_20-066-002-B957_AustinCounty_HI-11022023163954,
LBAP_SMID_UN_20-066-002-B957_AUSTINCOUNTY_RA,4,1,1,1,1,0,1,4,2,1,4,0,4,4,2023-01-01,2024-07-01,4,2023-01-01,2024-07-01,0,,,Buyout Program - Relocation Assistance,Buyout Program - Relocation Assistance,Buyout Program - Relocation Assistance,Buyout Program - Relocation Assistance,,Relocation payments and assistance,Relocation payments and assistance,Relocation payments and assistance,Relocation payments and assistance,,Austin County,Austin County,Austin County,Austin County,,LBAP_SMID_UN_20-066-002-B957_AustinCounty_RA,LBAP_SMID_UN_20-066-002-B957_AustinCounty_RA,LBAP_SMID_UN_20-066-002-B957_AustinCounty_RA,LBAP_SMID_UN_20-066-002-B957_AustinCounty_RA,
LBAP_SMID_UN_20-066-011-C074_WALLERCOUNTY,2,1,0,0,1,0,1,12,0,0,12,0,12,12,2019-10-01,2025-01-01,12,2019-10-01,2025-01-01,0,,,Buyout Program,,,Buyout Program,,Acquisition - buyout of residential properties,,,Acquisition - buyout of residential properties,,Waller County,,,Waller County,,LBAP_SMID_UN_20-066-011-C074_WallerCounty,,,LBAP_SMID_UN_20-066-011-C074_WallerCounty,
LBAP_SMID_UN_20-066-011-C074_WALLERCOUNTY_RA,2,1,0,0,1,0,1,6,0,0,6,0,6,6,2019-10-01,2024-07-01,6,2019-10-01,2024-07-01,0,,,Buyout Program - Relocation Assistance,,,Buyout Program - Relocation Assistance,,Relocation payments and assistance,,,Relocation payments and assistance,,Waller County,,,Waller County,,LBAP_SMID_UN_20-066-011-C074_WallerCounty_RA,,,LBAP_SMID_UN_20-066-011-C074_WallerCounty_RA,
LBAP_SMID_UN_20-066-016-C112_TYLERCOUNTY,2,1,0,0,1,0,1,3,0,0,3,0,3,3,2019-10-01,2023-07-01,3,2019-10-01,2023-07-01,0,,,Buyout Program,,,Buyout Program,,Acquisition - buyout of residential properties,,,Acquisition - buyout of residential properties,,Tyler County,,,Tyler County,,LBAP_SMID_UN_20-066-016-C112_TylerCounty,,,LBAP_SMID_UN_20-066-016-C112_TylerCounty,
LBAP_SMID_UN_20-066-026-C215_MILAMCOUNTY,3,1,1,0,1,0,1,7,2,0,7,0,7,7,2020-01-01,2024-07-01,7,2020-01-01,2024-07-01,0,,,Buyout Program,Buyout Program,,Buyout Program,,Acquisition - buyout of residential properties,Acquisition - buyout of residential properties,,Acquisition - buyout of residential properties,,Milam County,Milam County,,Milam County,,LBAP_SMID_UN_20-066-026-C215_MilamCounty,LBAP_SMID_UN_20-066-026-C215_MilamCounty,,LBAP_SMID_UN_20-066-026-C215_MilamCounty,
LBAP_SMID_UN_20-066-026-C215_MILAMCOUNTY_RA,1,0,0,0,1,0,1,0,0,0,2,0,2,0,,,2,2023-07-01,2024-07-01,0,,,,,,Buyout Program - Relocation Assistance,,,,,Relocation payments and assistance,,,,,Milam County,,,,,LBAP_SMID_UN_20-066-026-C215_MilamCounty_RA-08072024121115,
LBAP_SMID_UN_20-066-027-C220_GOLIADCOUNTY,3,1,1,0,1,0,1,6,2,0,6,0,6,6,2020-01-01,2025-04-01,6,2020-01-01,2025-04-01,0,,,Buyout Program,Buyout Program,,Buyout Program,,Acquisition - buyout of residential properties,Acquisition - buyout of residential properties,,Acquisition - buyout of residential properties,,"Goliad, County of","Goliad, County of",,"Goliad, County of",,LBAP_SMID_UN_20-066-027-C220_GoliadCounty,LBAP_SMID_UN_20-066-027-C220_GoliadCounty,,LBAP_SMID_UN_20-066-027-C220_GoliadCounty,
LBAP_SMID_UN_20-066-027-C220_GOLIADCOUNTY_RA,1,0,0,0,1,0,1,0,0,0,6,0,6,0,,,6,2020-01-01,2025-10-01,0,,,,,,Buyout Program - Relocation Assistance,,,,,Relocation payments and assistance,,,,,"Goliad, County of",,,,,LBAP_SMID_UN_20-066-027-C220_GoliadCounty_RA,
LBAP_SMID_UN_20-066-028-C222_BASTROPCOUNTY,3,1,1,0,1,0,1,8,1,0,7,0,7,8,2020-01-01,2025-07-01,7,2020-01-01,2023-10-01,0,,,Buyout Program,Buyout Program,,Buyout Program,,Acquisition - buyout of residential properties,Acquisition - buyout of residential properties,,Acquisition - buyout of residential properties,,Bastrop County,Bastrop County,,Bastrop County,,LBAP_SMID_UN_20-066-028-C222_BastropCounty,LBAP_SMID_UN_20-066-028-C222_BastropCounty,,LBAP_SMID_UN_20-066-028-C222_BastropCounty,
LBAP_SMID_UN_20-066-028-C222_BASTROPCOUNTY_HI,2,0,1,0,1,0,1,0,1,0,6,0,6,0,,,6,2020-01-01,2023-10-01,0,,,,Pending Cancellation,,Pending Cancellation,,,Housing incentives to encourage resettlement,,Housing incentives to encourage resettlement,,,Bastrop County,,Bastrop County,,,LBAP_SMID_UN_20-066-028-C222_BastropCounty_HI-11022023163922,,LBAP_SMID_UN_20-066-028-C222_BastropCounty_HI-11022023163922,
LBAP_SMID_UN_20-066-032-C226_KARNESCOUNTY,3,1,1,0,1,0,1,6,3,0,6,0,6,6,2020-01-01,2025-04-01,6,2020-01-01,2025-04-01,0,,,Buyout Program,Buyout Program,,Buyout Program,,Acquisition - buyout of residential properties,Acquisition - buyout of residential properties,,Acquisition - buyout of residential properties,,"Karnes, County of","Karnes, County of",,"Karnes, County of",,LBAP_SMID_UN_20-066-032-C226_KarnesCounty,LBAP_SMID_UN_20-066-032-C226_KarnesCounty,,LBAP_SMID_UN_20-066-032-C226_KarnesCounty,
LBAP_SMID_UN_20-066-032-C226_KARNESCOUNTY_RA,1,0,0,0,1,0,1,0,0,0,6,0,6,0,,,6,2020-01-01,2025-10-01,0,,,,,,Buyout Program - Relocation Assistance,,,,,Relocation payments and assistance,,,,,"Karnes, County of",,,,,LBAP_SMID_UN_20-066-032-C226_KarnesCounty_RA,
LBAP_SMID_UN_20-066-033-C229_GONZALESCOUNTY,3,1,1,0,1,0,1,6,1,0,6,0,6,6,2020-01-01,2025-04-01,6,2020-01-01,2025-04-01,0,,,Buyout Program,Buyout Program,,Buyout Program,,Acquisition - buyout of residential properties,Acquisition - buyout of residential properties,,Acquisition - buyout of residential properties,,Gonzales County,Gonzales County,,Gonzales County,,LBAP_SMID_UN_20-066-033-C229_GonzalesCounty,LBAP_SMID_UN_20-066-033-C229_GonzalesCounty,,LBAP_SMID_UN_20-066-033-C229_GonzalesCounty,
LBAP_SMID_UN_20-066-033-C229_GONZALESCOUNTY_RA,1,0,0,0,1,0,1,0,0,0,6,0,6,0,,,6,2020-01-01,2025-10-01,0,,,,,,Buyout Program - Relocation Assistance,,,,,Relocation payments and assistance,,,,,Gonzales County,,,,,LBAP_SMID_UN_20-066-033-C229_GonzalesCounty_RA,
LBAP_SMID_UN_GRANTEESUPPORT[H5B]_ACQ_B,2,1,0,0,1,0,1,7,0,0,7,0,7,7,2024-04-01,2025-10-01,7,2024-04-01,2025-10-01,0,,,Grantee Support for Subrecipient SMID UN Acquisition - Buyout,,,Grantee Support for Subrecipient SMID UN Acquisition - Buyout,,Acquisition - buyout of residential properties,,,Acquisition - buyout of residential properties,,Texas General Land Office,,,Texas General Land Office,,LBAP_SMID_UN_GranteeSupport[H5b]_ACQ_B,,,LBAP_SMID_UN_GranteeSupport[H5b]_ACQ_B,
LBAP_SMID_UN_GRANTEESUPPORT[H5B]_RA,2,1,0,0,1,0,1,7,0,0,7,0,7,7,2024-04-01,2025-10-01,7,2024-04-01,2025-10-01,0,,,Grantee Support for Subrecipient SMID UN Relocation Assistance,,,Grantee Support for Subrecipient SMID UN Relocation Assistance,,Relocation payments and assistance,,,Relocation payments and assistance,,Texas General Land Office,,,Texas General Land Office,,LBAP_SMID_UN_GranteeSupport[H5b]_RA,,,LBAP_SMID_UN_GranteeSupport[H5b]_RA,
PH_18-229-000 WOA907,1,0,0,0,1,0,1,0,0,0,2,0,2,0,,,2,2019-04-01,2019-07-01,0,,,,,,PH_UT AT AUSTIN,,,,,Administration,,,,,Texas General Land Office,,,,,PH_18-229-000 WOA907-09132019154303,
PH_18-229-000 WOB005,1,0,0,0,1,0,1,0,0,0,2,0,2,0,,,2,2019-04-01,2019-07-01,0,,,,,,PH_UT AT AUSTIN,,,,,Administration,,,,,Texas General Land Office,,,,,PH_18-229-000 WOB005-09132019154712,
PH_18-229-000 WOB729,1,0,0,0,1,0,1,0,0,0,2,0,2,0,,,2,2019-04-01,2019-07-01,0,,,,,,PH_UT AT AUSTIN,,,,,Administration,,,,,Texas General Land Office,,,,,PH_18-229-000 WOB729-09132019155013,
PH_18-497-001-B222,1,0,0,0,1,0,1,0,0,0,2,0,2,0,,,2,2019-04-01,2019-07-01,0,,,,,,PH_CAPCOG,,,,,Administration,,,,,Texas General Land Office,,,,,PH_18-497-001-B222-09132019155228,
PH_18-497-002-B229,1,0,0,0,1,0,1,0,0,0,2,0,2,0,,,2,2019-04-01,2019-07-01,0,,,,,,PH_AACOG,,,,,Administration,,,,,Texas General Land Office,,,,,PH_18-497-002-B229-09132019155656,
PH_18-497-003-B230,1,0,0,0,1,0,1,0,0,0,2,0,2,0,,,2,2019-04-01,2019-07-01,0,,,,,,PH_BVCOG,,,,,Administration,,,,,Texas General Land Office,,,,,PH_18-497-003-B230-09132019155941,
PH_18-497-004-B233,1,0,0,0,1,0,1,0,0,0,2,0,2,0,,,2,2019-04-01,2019-07-01,0,,,,,,PH_CTCOG,,,,,Administration,,,,,Texas General Land Office,,,,,PH_18-497-004-B233-09132019160201,
PH_18-497-005-B234,1,0,0,0,1,0,1,0,0,0,2,0,2,0,,,2,2019-04-01,2019-07-01,0,,,,,,PH_CBCOG,,,,,Administration,,,,,Texas General Land Office,,,,,PH_18-497-005-B234-09132019160737,
PH_18-497-006-B235,1,0,0,0,1,0,1,0,0,0,2,0,2,0,,,2,2019-04-01,2019-07-01,0,,,,,,PH_DETCOG,,,,,Planning,,,,,Texas General Land Office,,,,,PH_18-497-006-B235-09132019161021,
PH_18-497-007-B236,1,0,0,0,1,0,1,0,0,0,2,0,2,0,,,2,2019-04-01,2019-07-01,0,,,,,,PH_GCRPC,,,,,Planning,,,,,Texas General Land Office,,,,,PH_18-497-007-B236-09132019160550,
PH_18-497-008-B237,1,0,0,0,1,0,1,0,0,0,2,0,2,0,,,2,2019-04-01,2019-07-01,0,,,,,,PH_SETRPC,,,,,Planning,,,,,Texas General Land Office,,,,,PH_18-497-008-B237-09132019161223,
PH_18-497-009-B238,1,0,0,0,1,0,1,0,0,0,2,0,2,0,,,2,2019-04-01,2019-07-01,0,,,,,,PH_HGAC,,,,,Planning,,,,,Texas General Land Office,,,,,PH_18-497-009-B238-09132019161316,
PH_18-505-001-B504,1,0,0,0,1,0,1,0,0,0,2,0,2,0,,,2,2019-04-01,2019-07-01,0,,,,,,Admin-Phoenix Translations,,,,,Administration,,,,,Texas General Land Office,,,,,PH_18-505-001-B504-09132019152957,
PH_DETCOG,1,0,0,0,1,0,1,0,0,0,2,0,2,0,,,2,2019-04-01,2019-07-01,0,,,,,,0,,,,,Administration,,,,,Texas General Land Office,,,,,PH_DETCOG-09122019165507,
PH_GCRPC,1,0,0,0,1,0,1,0,0,0,2,0,2,0,,,2,2019-04-01,2019-07-01,0,,,,,,PH_Local Buyout/Acquisition Program,,,,,Administration,,,,,Texas General Land Office,,,,,PH_GCRPC-09122019165753,
PH_H-GAC,1,0,0,0,1,0,1,0,0,0,2,0,2,0,,,2,2019-04-01,2019-07-01,0,,,,,,PH_Local Buyout/Acquisition Program,,,,,Administration,,,,,Texas General Land Office,,,,,PH_H-GAC-09122019170255,
PH_HUD MI PLANNING,1,0,0,0,1,0,1,0,0,0,2,0,2,0,,,2,2019-04-01,2019-07-01,0,,,,,,CANCELLED,,,,,Planning,,,,,Texas General Land Office,,,,,PH_HUD MI Planning-09202019161147,
PH_HUD_MI_AFFORDABLE RENTAL PROGRAM,1,0,0,0,1,0,1,0,0,0,2,0,2,0,,,2,2019-04-01,2019-07-01,0,,,,,,Affordable Rental Program,,,,,Affordable Rental Housing,,,,,Texas General Land Office,,,,,PH_HUD_MI_Affordable Rental Program-09132019164204,
PH_HUD_MI_DETCOG,1,0,0,0,1,0,1,0,0,0,2,0,2,0,,,2,2019-04-01,2019-07-01,0,,,,,,PH_Local Infrastructure Program,,,,,Construction/reconstruction of streets,,,,,Texas General Land Office,,,,,PH_HUD_MI_DETCOG-09162019112948,
PH_HUD_MI_GCRPC,1,0,0,0,1,0,1,0,0,0,2,0,2,0,,,2,2019-04-01,2019-07-01,0,,,,,,PH_Local Infrastructure Program,,,,,Construction/reconstruction of streets,,,,,Texas General Land Office,,,,,PH_HUD_MI_GCRPC-09162019113059,
PH_HUD_MI_H-GAC,1,0,0,0,1,0,1,0,0,0,2,0,2,0,,,2,2019-04-01,2019-07-01,0,,,,,,PH_Local Infrastructure Program,,,,,Construction/reconstruction of streets,,,,,Texas General Land Office,,,,,PH_HUD_MI_H-GAC-09162019113150,
PH_HUD_MI_SETRPC,1,0,0,0,1,0,1,0,0,0,2,0,2,0,,,2,2019-04-01,2019-07-01,0,,,,,,PH_Local Infrastructure Program,,,,,Construction/reconstruction of streets,,,,,Texas General Land Office,,,,,PH_HUD_MI_SETRPC-09162019113250,
PH_MULTI_HUD_MAGNOLIA STATION,1,0,0,0,1,0,1,0,0,0,2,0,2,0,,,2,2019-04-01,2019-07-01,0,,,,,,Magnolia Station,,,,,Affordable Rental Housing,,,,,Texas General Land Office,,,,,PH_Multi_HUD_Magnolia Station-09132019165627,
PH_MULTI_HUD_MI_ABBY COURT L.P.,1,0,0,0,1,0,1,0,0,0,2,0,2,0,,,2,2019-04-01,2019-07-01,0,,,,,,Abby Court L.P.,,,,,Affordable Rental Housing,,,,,Texas General Land Office,,,,,PH_Multi_HUD_MI_Abby Court L.P.-09132019165808,
PH_MULTI_HUD_MI_CEDAR RIDGE APARTMENTS,1,0,0,0,1,0,1,0,0,0,2,0,2,0,,,2,2019-04-01,2019-07-01,0,,,,,,Cedar Ridge Apartments,,,,,Affordable Rental Housing,,,,,Texas General Land Office,,,,,PH_Multi_HUD_MI_Cedar Ridge Apartments-09132019165850,
PH_MULTI_HUD_MI_COASTAL BEND CROSSING,1,0,0,0,1,0,1,0,0,0,2,0,2,0,,,2,2019-04-01,2019-07-01,0,,,,,,Coastal Bend Crossing,,,,,Affordable Rental Housing,,,,,Texas General Land Office,,,,,PH_Multi_HUD_MI_Coastal Bend Crossing-09132019170023,
PH_MULTI_HUD_MI_EDISON SQUARE,1,0,0,0,1,0,1,0,0,0,2,0,2,0,,,2,2019-04-01,2019-07-01,0,,,,,,Edison Square,,,,,Affordable Rental Housing,,,,,Texas General Land Office,,,,,PH_Multi_HUD_MI_Edison Square-09132019170219,
PH_MULTI_HUD_MI_HUNTINGTON LAGO MAR,1,0,0,0,1,0,1,0,0,0,2,0,2,0,,,2,2019-04-01,2019-07-01,0,,,,,,Huntington Lago Mar,,,,,Affordable Rental Housing,,,,,Texas General Land Office,,,,,PH_Multi_HUD_MI_Huntington Lago Mar-09132019172920,
PH_MULTI_HUD_MI_KOUNTZE PIONEER CROSSING,1,0,0,0,1,0,1,0,0,0,2,0,2,0,,,2,2019-04-01,2019-07-01,0,,,,,,Kountze Pioneer Crossing,,,,,Affordable Rental Housing,,,,,Texas General Land Office,,,,,PH_Multi_HUD_MI_Kountze Pioneer Crossing-09132019172843,
PH_MULTI_HUD_MI_LA BELLE MAISON,1,0,0,0,1,0,1,0,0,0,2,0,2,0,,,2,2019-04-01,2019-07-01,0,,,,,,La Belle Maison,,,,,Affordable Rental Housing,,,,,Texas General Land Office,,,,,PH_Multi_HUD_MI_La Belle Maison-09132019172730,
PH_MULTI_HUD_MI_LAGUNA SHORES,1,0,0,0,1,0,1,0,0,0,2,0,2,0,,,2,2019-04-01,2019-07-01,0,,,,,,Laguna Shores,,,,,Affordable Rental Housing,,,,,Texas General Land Office,,,,,PH_Multi_HUD_MI_Laguna Shores-09132019172648,
PH_MULTI_HUD_MI_MAGNOLIA PLACE,1,0,0,0,1,0,1,0,0,0,2,0,2,0,,,2,2019-04-01,2019-07-01,0,,,,,,Magnolia Place,,,,,Affordable Rental Housing,,,,,Texas General Land Office,,,,,PH_Multi_HUD_MI_Magnolia Place-09132019173025,
PH_MULTI_HUD_MI_MAPLE COURT L.P.,1,0,0,0,1,0,1,0,0,0,2,0,2,0,,,2,2019-04-01,2019-07-01,0,,,,,,Affordable Rental Housing,,,,,Affordable Rental Housing,,,,,Texas General Land Office,,,,,PH_Multi_HUD_MI_Maple Court L.P.-09132019171958,
PH_MULTI_HUD_MI_OCEAN VIEW APARTMENTS,1,0,0,0,1,0,1,0,0,0,2,0,2,0,,,2,2019-04-01,2019-07-01,0,,,,,,Affordable Rental Housing,,,,,Affordable Rental Housing,,,,,Texas General Land Office,,,,,PH_Multi_HUD_MI_Ocean View Apartments-09132019171913,
PH_MULTI_HUD_MI_PARKSIDE PLACE,1,0,0,0,1,0,1,0,0,0,2,0,2,0,,,2,2019-04-01,2019-07-01,0,,,,,,Affordable Rental Housing,,,,,Affordable Rental Housing,,,,,Texas General Land Office,,,,,PH_Multi_HUD_MI_Parkside Place-09132019171825,
PH_MULTI_HUD_MI_PEBBLE CREEK APARTMENTS,1,0,0,0,1,0,1,0,0,0,2,0,2,0,,,2,2019-04-01,2019-07-01,0,,,,,,Affordable Rental Housing,,,,,Affordable Rental Housing,,,,,Texas General Land Office,,,,,PH_Multi_HUD_MI_Pebble Creek Apartments-09132019171741,
PH_MULTI_HUD_MI_SILVERLEAF AT ORANGE,1,0,0,0,1,0,1,0,0,0,2,0,2,0,,,2,2019-04-01,2019-07-01,0,,,,,,Affordable Rental Housing,,,,,Affordable Rental Housing,,,,,Texas General Land Office,,,,,PH_Multi_HUD_MI_SilverLeaf at Orange-09132019171651,
PH_MULTI_HUD_MI_SPHINX AT ROCKPORT I,1,0,0,0,1,0,1,0,0,0,2,0,2,0,,,2,2019-04-01,2019-07-01,0,,,,,,Affordable Rental Housing,,,,,Affordable Rental Housing,,,,,Texas General Land Office,,,,,PH_Multi_HUD_MI_Sphinx at Rockport I-09132019171607,
PH_MULTI_HUD_MI_THE GROVES,1,0,0,0,1,0,1,0,0,0,2,0,2,0,,,2,2019-04-01,2019-07-01,0,,,,,,Affordable Rental Housing,,,,,Affordable Rental Housing,,,,,Texas General Land Office,,,,,PH_Multi_HUD_MI_The Groves-09132019171517,
PH_MULTI_HUD_MI_TRAMONTI AT KEMAH,1,0,0,0,1,0,1,0,0,0,2,0,2,0,,,2,2019-04-01,2019-07-01,0,,,,,,Affordable Rental Housing,,,,,Affordable Rental Housing,,,,,Texas General Land Office,,,,,PH_Multi_HUD_MI_Tramonti at Kemah-09132019171433,
PH_MULTI_HUD_MI_WHARTON INDEPENDENT SCHOOL,1,0,0,0,1,0,1,0,0,0,2,0,2,0,,,2,2019-04-01,2019-07-01,0,,,,,,Affordable Rental Housing,,,,,Affordable Rental Housing,,,,,Texas General Land Office,,,,,PH_Multi_HUD_MI_Wharton Independent School-09132019171338,
PH_MULTI_HUD_MI_WINNHAVEN,1,0,0,0,1,0,1,0,0,0,2,0,2,0,,,2,2019-04-01,2019-07-01,0,,,,,,Winnhaven,,,,,Affordable Rental Housing,,,,,Texas General Land Office,,,,,PH_Multi_HUD_MI_Winnhaven-09132019171246,
PH_MULTI_HUD_SPHINX AT SIENNA VILLAS,1,0,0,0,1,0,1,0,0,0,2,0,2,0,,,2,2019-04-01,2019-07-01,0,,,,,,Sphinx at Sienna Villas,,,,,Affordable Rental Housing,,,,,Texas General Land Office,,,,,PH_Multi_HUD_Sphinx at Sienna Villas-09132019171150,
PH_MULTI_HUD_THE OAKS AT HITCHCOCK,1,0,0,0,1,0,1,0,0,0,2,0,2,0,,,2,2019-04-01,2019-07-01,0,,,,,,Oaks at Hitchcock,,,,,Affordable Rental Housing,,,,,Texas General Land Office,,,,,PH_Multi_HUD_The Oaks at Hitchcock-09132019171042,
PH_MULTI_STATE_MI_DOVE COURT I,1,0,0,0,1,0,1,0,0,0,2,0,2,0,,,2,2019-04-01,2019-07-01,0,,,,,,Affordable Rental Housing,,,,,Affordable Rental Housing,,,,,Texas General Land Office,,,,,PH_Multi_State_MI_Dove Court I-09132019174154,
PH_MULTI_STATE_MI_HENDERSON PLACE APARTMENTS,1,0,0,0,1,0,1,0,0,0,2,0,2,0,,,2,2019-04-01,2019-07-01,0,,,,,,Affordable Rental Housing,,,,,Affordable Rental Housing,,,,,Texas General Land Office,,,,,PH_Multi_State_MI_Henderson Place Apartments-09132019174252,
PH_MULTI_STATE_MI_MAPLE PARK SENIOR VILLAGE,1,0,0,0,1,0,1,0,0,0,2,0,2,0,,,2,2019-04-01,2019-07-01,0,,,,,,Affordable Rental Housing,,,,,Affordable Rental Housing,,,,,Texas General Land Office,,,,,PH_Multi_State_MI_Maple Park Senior Village-09132019174402,
PH_MULTI_STATE_MI_THE OAKS AT BRENHAM,1,0,0,0,1,0,1,0,0,0,2,0,2,0,,,2,2019-04-01,2019-07-01,0,,,,,,Affordable Rental Housing,,,,,Affordable Rental Housing,,,,,Texas General Land Office,,,,,PH_Multi_State_MI_The Oaks at Brenham-09132019174447,
PH_MULTI_STATE_MI_WAVERLY VILLAGE,1,0,0,0,1,0,1,0,0,0,2,0,2,0,,,2,2019-04-01,2019-07-01,0,,,,,,Affordable Rental Housing,,,,,Affordable Rental Housing,,,,,Texas General Land Office,,,,,PH_Multi_State_MI_Waverly Village-09132019174527,
PH_SETRPC,1,0,0,0,1,0,1,0,0,0,2,0,2,0,,,2,2019-04-01,2019-07-01,0,,,,,,PH_Local Buyout/Acquisition Program,,,,,Administration,,,,,Texas General Land Office,,,,,PH_SETRPC-09122019170752,
PH_STATE_LEATHERWOOD TERRACE APARTMENTS,1,0,0,0,1,0,1,0,0,0,2,0,2,0,,,2,2019-04-01,2019-07-01,0,,,,,,Affordable Rental Housing,,,,,Affordable Rental Housing,,,,,Texas General Land Office,,,,,PH_State_Leatherwood Terrace Apartments-09132019174610,
PH_STATE_MI_AACOG,1,0,0,0,1,0,1,0,0,0,2,0,2,0,,,2,2019-04-01,2019-07-01,0,,,,,,PH_Local Buyout/Acquisition Program,,,,,Administration,,,,,Texas General Land Office,,,,,PH_State_MI_AACOG-09122019171413,
PH_STATE_MI_ARP,1,0,0,0,1,0,1,0,0,0,2,0,2,0,,,2,2019-04-01,2019-07-01,0,,,,,,Affordable Rental Program,,,,,Affordable Rental Housing,,,,,Texas General Land Office,,,,,PH_State_MI_ARP-09132019174702,
PH_STATE_MI_BVCOG,1,0,0,0,1,0,1,0,0,0,2,0,2,0,,,2,2019-04-01,2019-07-01,0,,,,,,PH_Local Buyout/Acquisition Program,,,,,Administration,,,,,Texas General Land Office,,,,,PH_State_MI_BVCOG-09122019171558,
PH_STATE_MI_CAPCOG,1,0,0,0,1,0,1,0,0,0,2,0,2,0,,,2,2019-04-01,2019-07-01,0,,,,,,PH_Local Buyout/Acquisition Program,,,,,Administration,,,,,Texas General Land Office,,,,,PH_State_MI_CAPCOG-09122019171916,
PH_STATE_MI_CBCOG,1,0,0,0,1,0,1,0,0,0,2,0,2,0,,,2,2019-04-01,2019-07-01,0,,,,,,PH_Local Buyout/Acquisition Program,,,,,Administration,,,,,Texas General Land Office,,,,,PH_State_MI_CBCOG-09122019173205,
PH_STATE_MI_CTCOG,1,0,0,0,1,0,1,0,0,0,2,0,2,0,,,2,2019-04-01,2019-07-01,0,,,,,,PH_Local Buyout/Acquisition Program,,,,,Administration,,,,,Texas General Land Office,,,,,PH_State_MI_CTCOG-09122019173331,
PH_STATE_MI_DETCOG,1,0,0,0,1,0,1,0,0,0,2,0,2,0,,,2,2019-04-01,2019-07-01,0,,,,,,PH_Local Buyout/Acquisition Program,,,,,Administration,,,,,Texas General Land Office,,,,,PH_State_MI_DETCOG-09122019174014,
PH_STATE_MI_GCRPC,1,0,0,0,1,0,1,0,0,0,2,0,2,0,,,2,2019-04-01,2019-07-01,0,,,,,,PH_Local Buyout/Acquisition Program,,,,,Administration,,,,,Texas General Land Office,,,,,PH_State_MI_GCRPC-09122019174245,
PH_STATE_MI_H-GAC,1,0,0,0,1,0,1,0,0,0,2,0,2,0,,,2,2019-04-01,2019-07-01,0,,,,,,PH_Local Buyout/Acquisition Program,,,,,Administration,,,,,Texas General Land Office,,,,,PH_State_MI_H-GAC-09122019174517,
PH_STATE_MI_INF_AACOG,1,0,0,0,1,0,1,0,0,0,2,0,2,0,,,2,2019-04-01,2019-07-01,0,,,,,,PH_Local Infrastructure Program,,,,,Construction/reconstruction of streets,,,,,Texas General Land Office,,,,,PH_State_MI_INF_AACOG-09162019113612,
PH_STATE_MI_INF_BVCOG,1,0,0,0,1,0,1,0,0,0,2,0,2,0,,,2,2019-04-01,2019-07-01,0,,,,,,PH_Local Infrastructure Program,,,,,Construction/reconstruction of streets,,,,,Texas General Land Office,,,,,PH_State_MI_INF_BVCOG-09162019113751,
PH_STATE_MI_INF_CALHOUN COUNTY,1,0,0,0,1,0,1,0,0,0,2,0,2,0,,,2,2019-04-01,2019-07-01,0,,,,,,PH_Local Infrastructure Program,,,,,Administration,,,,,Texas General Land Office,,,,,PH_State_MI_INF_Calhoun County-09162019113915,
PH_STATE_MI_INF_CAPCOG,1,0,0,0,1,0,1,0,0,0,2,0,2,0,,,2,2019-04-01,2019-07-01,0,,,,,,PH_Local Infrastructure Program,,,,,Construction/reconstruction of streets,,,,,Texas General Land Office,,,,,PH_State_MI_INF_CAPCOG-09162019114002,
PH_STATE_MI_INF_CBCOG,1,0,0,0,1,0,1,0,0,0,2,0,2,0,,,2,2019-04-01,2019-07-01,0,,,,,,PH_Local Infrastructure Program,,,,,Construction/reconstruction of streets,,,,,Texas General Land Office,,,,,PH_State_MI_INF_CBCOG-09162019114057,
PH_STATE_MI_INF_CTCOG,1,0,0,0,1,0,1,0,0,0,2,0,2,0,,,2,2019-04-01,2019-07-01,0,,,,,,PH_Local Infrastructure Program,,,,,Construction/reconstruction of streets,,,,,Texas General Land Office,,,,,PH_State_MI_INF_CTCOG-09162019114332,
PH_STATE_MI_INF_DETCOG,1,0,0,0,1,0,1,0,0,0,2,0,2,0,,,2,2019-04-01,2019-07-01,0,,,,,,PH_Local Infrastructure Program,,,,,Construction/reconstruction of streets,,,,,Texas General Land Office,,,,,PH_State_MI_INF_DETCOG-09162019114441,
PH_STATE_MI_INF_GCRPC,1,0,0,0,1,0,1,0,0,0,2,0,2,0,,,2,2019-04-01,2019-07-01,0,,,,,,PH_Local Infrastructure Program,,,,,Construction/reconstruction of streets,,,,,Texas General Land Office,,,,,PH_State_MI_INF_GCRPC-09162019114558,
PH_STATE_MI_INF_H-GAC,1,0,0,0,1,0,1,0,0,0,2,0,2,0,,,2,2019-04-01,2019-07-01,0,,,,,,Local Infrastructure Program,,,,,Construction/reconstruction of streets,,,,,Texas General Land Office,,,,,PH_State_MI_INF_H-GAC-09162019114834,
PLANNING,3,1,0,0,1,1,1,31,0,0,31,8,39,31,2018-07-01,2026-01-01,31,2018-07-01,2026-01-01,8,2021-01-01,2026-01-01,State Planning,,,State Planning,State Planning,Planning,,,Planning,Planning,Texas General Land Office,,,Texas General Land Office,Texas General Land Office,PLANNING,,,PLANNING,PLANNING
PLANNING[H5B]_20-152-000-C177_TEXASA&MUNIVERSITY,2,1,0,0,1,0,1,3,0,0,3,0,3,3,2024-07-01,2025-07-01,3,2024-07-01,2025-07-01,0,,,Planning,,,Planning,,Planning,,,Planning,,TEXAS A&M AGRILIFE EXTENSION SERVICE,,,TEXAS A&M AGRILIFE EXTENSION SERVICE,,Planning[H5b]_20-152-000-C177_TexasA&MUniversity,,,Planning[H5b]_20-152-000-C177_TexasA&MUniversity,
PLANNING[H5B]_20-165-000-C238_TEXASA&MUNIVERSITY,2,1,0,0,1,0,1,2,0,0,2,0,2,2,2024-07-01,2025-04-01,2,2024-07-01,2025-04-01,0,,,Planning,,,Planning,,Planning,,,Planning,,THE TEXAS A&M UNIVERSITY SYSTEM,,,THE TEXAS A&M UNIVERSITY SYSTEM,,Planning[H5b]_20-165-000-C238_TexasA&MUniversity,,,Planning[H5b]_20-165-000-C238_TexasA&MUniversity,
PLANNING[H5B]_21-127-000-C778_TWDB,2,1,0,0,1,0,1,2,0,0,2,0,2,2,2025-10-01,2026-01-01,2,2025-10-01,2026-01-01,0,,,Planning,,,Planning,,Planning,,,Planning,,TEXAS WATER DEVELOPMENT BOARD,,,TEXAS WATER DEVELOPMENT BOARD,,Planning[H5b]_21-127-000-C778_TWDB,,,Planning[H5b]_21-127-000-C778_TWDB,
PLANNING[H5B]_21-245-000-D081_TEXASA&MUNIVERSITY,2,1,0,0,1,0,1,2,0,0,2,0,2,2,2024-07-01,2025-04-01,2,2024-07-01,2025-04-01,0,,,Planning,,,Planning,,Planning,,,Planning,,TEXAS A & M UNIVERSITY AT GALVESTON,,,TEXAS A & M UNIVERSITY AT GALVESTON,,Planning[H5b]_21-245-000-D081_TexasA&MUniversity,,,Planning[H5b]_21-245-000-D081_TexasA&MUniversity,
PLANNING[H5B]_21-245-000-D082_TEXASA&MUNIVERSITY,2,1,0,0,1,0,1,2,0,0,2,0,2,2,2025-01-01,2025-07-01,2,2025-01-01,2025-07-01,0,,,Planning,,,Planning,,Planning,,,Planning,,TEXAS A & M UNIVERSITY AT GALVESTON,,,TEXAS A & M UNIVERSITY AT GALVESTON,,Planning[H5b]_21-245-000-D082_TexasA&MUniversity,,,Planning[H5b]_21-245-000-D082_TexasA&MUniversity,
PLANNING[H5B]_22-093-000-D262_TEXASA&MUNIVERSITY,2,1,0,0,1,0,1,3,0,0,3,0,3,3,2024-07-01,2026-01-01,3,2024-07-01,2026-01-01,0,,,Planning,,,Planning,,Planning,,,Planning,,TEXAS A&M AGRILIFE EXTENSION SERVICE,,,TEXAS A&M AGRILIFE EXTENSION SERVICE,,Planning[H5b]_22-093-000-D262_TexasA&MUniversity,,,Planning[H5b]_22-093-000-D262_TexasA&MUniversity,
PREPS_HMID_UN,4,1,1,1,1,0,1,10,4,1,7,0,7,10,2019-01-01,2023-07-01,7,2019-01-01,2023-07-01,0,,,PREPS Program,PREPS Program,PREPS Program,PREPS Program,,Rehabilitation/reconstruction of residential structures,Rehabilitation/reconstruction of residential structures,Rehabilitation/reconstruction of residential structures,Rehabilitation/reconstruction of residential structures,,Texas General Land Office,Texas General Land Office,Texas General Land Office,Texas General Land Office,,PREPS_HMID_UN,PREPS_HMID_UN,PREPS_HMID_UN,PREPS_HMID_UN,
PREPS_SMID_UN,4,1,1,1,1,0,1,10,4,1,7,0,7,10,2019-01-01,2023-07-01,7,2019-01-01,2023-07-01,0,,,PREPS Program,PREPS Program,PREPS Program,PREPS Program,,Rehabilitation/reconstruction of residential structures,Rehabilitation/reconstruction of residential structures,Rehabilitation/reconstruction of residential structures,Rehabilitation/reconstruction of residential structures,,Texas General Land Office,Texas General Land Office,Texas General Land Office,Texas General Land Office,,PREPS_SMID_UN,PREPS_SMID_UN,PREPS_SMID_UN,PREPS_SMID_UN,
