source,raw_activity_id,canonical_activity_id,row_count
A32,ADMINISTRATION,ADMINISTRATION,31
A32,ADMIN[INF PD HOLDING],ADMIN[INF PD HOLDING],25
A32,ADMIN[LBAP PD HOLDING],ADMIN[LBAP PD HOLDING],24
A32,ARP_HMID_LMI,ARP_HMID_LMI,28
A32,ARP_SMID_LMI,ARP_SMID_LMI,23
A32,DRRP[H5b]_HMID_LMH_25-142-001-F191_GalvestonHA_MF,DRRP[H5B]_HMID_LMH_25-142-001-F191_GALVESTONHA_MF,1
A32,DRRP[H5b]_HMID_LMH_25-142-002-F206_HarrisCoHA_MF,DRRP[H5B]_HMID_LMH_25-142-002-F206_HARRISCOHA_MF,1
A32,DRRP[H5b]_HMID_LMH_25-142-003-F207_PAHA_MF,DRRP[H5B]_HMID_LMH_25-142-003-F207_PAHA_MF,1
A32,DRRP[H5b]_HMID_LMH_25-142-004-F208_PAHA_MF,DRRP[H5B]_HMID_LMH_25-142-004-F208_PAHA_MF,1
A32,DRRP[H5b]_HMID_LMH_25-142-005-F209_PAHA_MF,DRRP[H5B]_HMID_LMH_25-142-005-F209_PAHA_MF,1
A32,DRRP[H5b]_HMID_LMI_25-143-001-F192_Ames_SI,DRRP[H5B]_HMID_LMI_25-143-001-F192_AMES_SI,3
A32,DRRP[H5b]_HMID_LMI_25-143-002-F338_Ames_F&D,DRRP[H5B]_HMID_LMI_25-143-002-F338_AMES_F&D,3
A32,DRRP[H5b]_HMID_LMI_25-143-003-F339_Baytown_F&D,DRRP[H5B]_HMID_LMI_25-143-003-F339_BAYTOWN_F&D,1
A32,DRRP[H5b]_HMID_LMI_25-143-004-F340_Baytown_SI,DRRP[H5B]_HMID_LMI_25-143-004-F340_BAYTOWN_SI,1
A32,DRRP[H5b]_HMID_LMI_25-143-005-F341_Cleveland_SF,DRRP[H5B]_HMID_LMI_25-143-005-F341_CLEVELAND_SF,2
A32,DRRP[H5b]_HMID_LMI_25-143-006-F342_Cleveland_WF,DRRP[H5B]_HMID_LMI_25-143-006-F342_CLEVELAND_WF,2
A32,DRRP[H5b]_HMID_LMI_25-143-007-F343_Cleveland_F&D,DRRP[H5B]_HMID_LMI_25-143-007-F343_CLEVELAND_F&D,2
A32,DRRP[H5b]_HMID_LMI_25-143-008-F344_Dayton_SI,DRRP[H5B]_HMID_LMI_25-143-008-F344_DAYTON_SI,3
A32,DRRP[H5b]_HMID_LMI_25-143-009-F345_Dayton_SI,DRRP[H5B]_HMID_LMI_25-143-009-F345_DAYTON_SI,2
A32,DRRP[H5b]_HMID_LMI_25-143-010-F346_Jasper_SF,DRRP[H5B]_HMID_LMI_25-143-010-F346_JASPER_SF,2
A32,DRRP[H5b]_HMID_LMI_25-143-011-F347_Jasper_WF,DRRP[H5B]_HMID_LMI_25-143-011-F347_JASPER_WF,2
A32,DRRP[H5b]_HMID_LMI_25-143-012-F348_Kirbyville_SF,DRRP[H5B]_HMID_LMI_25-143-012-F348_KIRBYVILLE_SF,1
A32,DRRP[H5b]_HMID_LMI_25-143-013-F349_Kirbyville_SF,DRRP[H5B]_HMID_LMI_25-143-013-F349_KIRBYVILLE_SF,2
A32,DRRP[H5b]_HMID_LMI_25-143-014-F350_Pasadena_SF,DRRP[H5B]_HMID_LMI_25-143-014-F350_PASADENA_SF,1
A32,DRRP[H5b]_HMID_LMI_25-143-015-F351_Pasadena_SI,DRRP[H5B]_HMID_LMI_25-143-015-F351_PASADENA_SI,1
A32,DRRP[H5b]_HMID_LMI_25-143-016-F352_Pasadena_SI,DRRP[H5B]_HMID_LMI_25-143-016-F352_PASADENA_SI,1
A32,DRRP_HMID_LMI_GranteeSupport[H5b]_F&D,DRRP_HMID_LMI_GRANTEESUPPORT[H5B]_F&D,1
A32,DRRP_HMID_LMI_GranteeSupport[H5b]_MFH,DRRP_HMID_LMI_GRANTEESUPPORT[H5B]_MFH,1
A32,DRRP_HMID_LMI_GranteeSupport[H5b]_SI,DRRP_HMID_LMI_GRANTEESUPPORT[H5B]_SI,1
A32,DRRP_HMID_LMI_GranteeSupport[H5b]_WSF,DRRP_HMID_LMI_GRANTEESUPPORT[H5B]_WSF,1
A32,ERP_HMID_LMI,ERP_HMID_LMI,24
A32,ERP_SMID_LMI,ERP_SMID_LMI,24
A32,HAP[AACOG]_SMID_LMI,HAP[AACOG]_SMID_LMI,26
A32,HAP[AACOG]_SMID_UN,HAP[AACOG]_SMID_UN,19
A32,HAP[BVCOG]_SMID_LMI,HAP[BVCOG]_SMID_LMI,27
A32,HAP[BVCOG]_SMID_UN,HAP[BVCOG]_SMID_UN,20
A32,HAP[CAPCOG]_HMID_LMI,HAP[CAPCOG]_HMID_LMI,27
A32,HAP[CAPCOG]_HMID_UN-02182022160330,HAP[CAPCOG]_HMID_UN,9
A32,HAP[CAPCOG]_SMID_LMI,HAP[CAPCOG]_SMID_LMI,28
A32,HAP[CAPCOG]_SMID_UN,HAP[CAPCOG]_SMID_UN,19
A32,HAP[CBCOG]_HMID_LMI,HAP[CBCOG]_HMID_LMI,28
A32,HAP[CBCOG]_HMID_UN,HAP[CBCOG]_HMID_UN,28
A32,HAP[CBCOG]_SMID_LMI,HAP[CBCOG]_SMID_LMI,28
A32,HAP[CBCOG]_SMID_UN,HAP[CBCOG]_SMID_UN,27
A32,HAP[DETCOG]_HMID_LMI,HAP[DETCOG]_HMID_LMI,28
A32,HAP[DETCOG]_HMID_UN,HAP[DETCOG]_HMID_UN,28
A32,HAP[DETCOG]_SMID_LMI,HAP[DETCOG]_SMID_LMI,27
A32,HAP[DETCOG]_SMID_UN,HAP[DETCOG]_SMID_UN,27
A32,HAP[GCRPC]_HMID_LMI,HAP[GCRPC]_HMID_LMI,28
A32,HAP[GCRPC]_HMID_UN,HAP[GCRPC]_HMID_UN,28
A32,HAP[GCRPC]_SMID_LMI,HAP[GCRPC]_SMID_LMI,28
A32,HAP[GCRPC]_SMID_UN,HAP[GCRPC]_SMID_UN,28
A32,HAP[HGAC]_HMID_LMI,HAP[HGAC]_HMID_LMI,28
A32,HAP[HGAC]_HMID_UN,HAP[HGAC]_HMID_UN,28
A32,HAP[HGAC]_SMID_LMI,HAP[HGAC]_SMID_LMI,27
A32,HAP[HGAC]_SMID_UN,HAP[HGAC]_SMID_UN,27
A32,HAP[Harris]_HMID_LMI,HAP[HARRIS]_HMID_LMI,21
A32,HAP[Harris]_HMID_UN,HAP[HARRIS]_HMID_UN,21
A32,HAP[Houston]_HMID_LMI,HAP[HOUSTON]_HMID_LMI,21
A32,HAP[Houston]_HMID_UN,HAP[HOUSTON]_HMID_UN,21
A32,HAP[SETRPC]_HMID_LMI,HAP[SETRPC]_HMID_LMI,28
A32,HAP[SETRPC]_HMID_UN,HAP[SETRPC]_HMID_UN,28
A32,HCADMIN_DA_NA_19-147-002-B490,HCADMIN_DA_NA_19-147-002-B490,23
A32,HCARP_DA_LMI_19-147-002-B490,HCARP_DA_LMI_19-147-002-B490,24
A32,HCARP_DA_LMI_19-147-002-B490_PS,HCARP_DA_LMI_19-147-002-B490_PS,14
A32,HCBP_DA_LMHI_19-147-002-B490_HI,HCBP_DA_LMHI_19-147-002-B490_HI,14
A32,HCBP_DA_LMH_19-147-002-B490_HA,HCBP_DA_LMH_19-147-002-B490_HA,8
A32,HCBP_DA_LMI_19-147-002-B490_ACQ,HCBP_DA_LMI_19-147-002-B490_ACQ,24
A32,HCBP_DA_LMI_19-147-002-B490_RA,HCBP_DA_LMI_19-147-002-B490_RA,16
A32,HCBP_DA_UN_19-147-002-B490_HI,HCBP_DA_UN_19-147-002-B490_HI,6
A32,HCComBP_DA_LMI_19-147-002-B490_ACQ,HCCOMBP_DA_LMI_19-147-002-B490_ACQ,17
A32,HCComBP_DA_LMI_19-147-002-B490_RA,HCCOMBP_DA_LMI_19-147-002-B490_RA,14
A32,HCCompApp_DA_LMI_19-147-002-B490_F&D,HCCOMPAPP_DA_LMI_19-147-002-B490_F&D,20
A32,HCCompApp_DA_LMI_19-147-002-B490_PF,HCCOMPAPP_DA_LMI_19-147-002-B490_PF,19
A32,HCCompApp_DA_LMI_19-147-002-B490_PS,HCCOMPAPP_DA_LMI_19-147-002-B490_PS,23
A32,HCCompApp_DA_LMI_19-147-002-B490_SF,HCCOMPAPP_DA_LMI_19-147-002-B490_SF,19
A32,HCCompApp_DA_UN_19-147-002-B490_F&D,HCCOMPAPP_DA_UN_19-147-002-B490_F&D,18
A32,HCFCD_DA_HMID_LMI_24-033-000-E072,HCFCD_DA_HMID_LMI_24-033-000-E072,8
A32,HCFCD_DA_HMID_UN_24-033-000-E072,HCFCD_DA_HMID_UN_24-033-000-E072,8
A32,HCHAP_DA_LMI_19-147-002-B490,HCHAP_DA_LMI_19-147-002-B490,27
A32,HCHAP_DA_LMI_19-147-002-B490_PS,HCHAP_DA_LMI_19-147-002-B490_PS,15
A32,HCHAP_DA_UN_19-147-002-B490,HCHAP_DA_UN_19-147-002-B490,27
A32,HCHAP_DA_UN_19-147-002-B490_PS,HCHAP_DA_UN_19-147-002-B490_PS,12
A32,HCHRP_DA_LMI_19-147-002-B490,HCHRP_DA_LMI_19-147-002-B490,25
A32,HCHRP_DA_UN_19-147-002-B490,HCHRP_DA_UN_19-147-002-B490,24
A32,HCMOD_DA_LMI_19-147-002-B490_F&D,HCMOD_DA_LMI_19-147-002-B490_F&D,26
A32,HCMOD_DA_LMI_19-147-002-B490_PF,HCMOD_DA_LMI_19-147-002-B490_PF,18
A32,HCMOD_DA_LMI_19-147-002-B490_SF,HCMOD_DA_LMI_19-147-002-B490_SF,23
A32,HCMOD_DA_UN_19-147-002-B490_F&D,HCMOD_DA_UN_19-147-002-B490_F&D,20
A32,HCMOD_DA_UN_19-147-002-B490_PF,HCMOD_DA_UN_19-147-002-B490_PF,21
A32,HCPLAN_DA_NA_19-147-002-B490,HCPLAN_DA_NA_19-147-002-B490,27
A32,HCPS_DA_LMA_19-147-002-B490,HCPS_DA_LMA_19-147-002-B490,9
A32,HCPS_DA_LMI_19-147-002-B490,HCPS_DA_LMI_19-147-002-B490,15
A32,HCSFNC_DA_LMI_19-147-002-B490,HCSFNC_DA_LMI_19-147-002-B490,24
A32,HC_ProgramIncomeTransfer,HC_PROGRAMINCOMETRANSFER,2
A32,HRP_HMID_LMI,HRP_HMID_LMI,18
A32,HRP_HMID_UN,HRP_HMID_UN,17
A32,HRP_SMID_LMI,HRP_SMID_LMI,16
A32,HRP_SMID_UN,HRP_SMID_UN,16
A32,HouADMIN_DA_NA_21-134-000-C788,HOUADMIN_DA_NA_21-134-000-C788,21
A32,HouBP_DA_LMI_21-134-000-C788_ACQ,HOUBP_DA_LMI_21-134-000-C788_ACQ,21
A32,HouBP_DA_LMI_21-134-000-C788_RA,HOUBP_DA_LMI_21-134-000-C788_RA,13
A32,HouERP_DA_LMI_21-134-000-C788,HOUERP_DA_LMI_21-134-000-C788,19
A32,HouHBAP-2_DA_LMI_21-134-000-C788,HOUHBAP-2_DA_LMI_21-134-000-C788,4
A32,HouHBAP-2_DA_UN_21-134-000-C788,HOUHBAP-2_DA_UN_21-134-000-C788,4
A32,HouHBAP_DA_LMI_21-134-000-C788,HOUHBAP_DA_LMI_21-134-000-C788,26
A32,HouHBAP_DA_UN_21-134-000-C788,HOUHBAP_DA_UN_21-134-000-C788,26
A32,HouHoAP[CM]_DA_LMI_21-134-000-C788,HOUHOAP[CM]_DA_LMI_21-134-000-C788,24
A32,HouHoAP[CM]_DA_UN_21-134-000-C788,HOUHOAP[CM]_DA_UN_21-134-000-C788,21
A32,HouHoAP[Reimb]_DA_LMI_21-134-000-C788,HOUHOAP[REIMB]_DA_LMI_21-134-000-C788,27
A32,HouHoAP[Reimb]_DA_UN_21-134-000-C788,HOUHOAP[REIMB]_DA_UN_21-134-000-C788,26
A32,HouMFRP_DA_LMI_21-134-000-C788,HOUMFRP_DA_LMI_21-134-000-C788,27
A32,HouPLN_DA_NA_21-134-000-C788,HOUPLN_DA_NA_21-134-000-C788,21
A32,HouPS_DA_LMI_21-134-000-C788,HOUPS_DA_LMI_21-134-000-C788,21
A32,HouSFDP_DA_LMI_21-134-000-C788,HOUSFDP_DA_LMI_21-134-000-C788,24
A32,HouSRP_DA_LMI_21-134-000-C788,HOUSRP_DA_LMI_21-134-000-C788,22
A32,INF_HMID_LMI_20-065-001-B947_Galveston,INF_HMID_LMI_20-065-001-B947_GALVESTON,7
A32,INF_HMID_LMI_20-065-003-B965_Liberty,INF_HMID_LMI_20-065-003-B965_LIBERTY,6
A32,INF_HMID_LMI_20-065-004-B995_Sinton,INF_HMID_LMI_20-065-004-B995_SINTON,13
A32,INF_HMID_LMI_20-065-006-C004_GalvestonCounty,INF_HMID_LMI_20-065-006-C004_GALVESTONCOUNTY,13
A32,INF_HMID_LMI_20-065-007-C010_ChambersCounty,INF_HMID_LMI_20-065-007-C010_CHAMBERSCOUNTY,9
A32,INF_HMID_LMI_20-065-008-C011_IowaColony,INF_HMID_LMI_20-065-008-C011_IOWACOLONY,10
A32,INF_HMID_LMI_20-065-009-C022_Cleveland_F&D,INF_HMID_LMI_20-065-009-C022_CLEVELAND_F&D,12
A32,INF_HMID_LMI_20-065-009-C022_Cleveland_SF,INF_HMID_LMI_20-065-009-C022_CLEVELAND_SF,10
A32,INF_HMID_LMI_20-065-010-C027_Conroe,INF_HMID_LMI_20-065-010-C027_CONROE,9
A32,INF_HMID_LMI_20-065-013-C049_JasperCounty,INF_HMID_LMI_20-065-013-C049_JASPERCOUNTY,12
A32,INF_HMID_LMI_20-065-014-C053_Shepherd,INF_HMID_LMI_20-065-014-C053_SHEPHERD,5
A32,INF_HMID_LMI_20-065-017-C058_Anahuac,INF_HMID_LMI_20-065-017-C058_ANAHUAC,7
A32,INF_HMID_LMI_20-065-018-C064_PolkCounty,INF_HMID_LMI_20-065-018-C064_POLKCOUNTY,10
A32,INF_HMID_LMI_20-065-022-C079_EastBernard,INF_HMID_LMI_20-065-022-C079_EASTBERNARD,12
A32,INF_HMID_LMI_20-065-024-C083_Angleton,INF_HMID_LMI_20-065-024-C083_ANGLETON,11
A32,INF_HMID_LMI_20-065-025-C086_Mathis,INF_HMID_LMI_20-065-025-C086_MATHIS,12
A32,INF_HMID_LMI_20-065-026-C093_SantaFe_F&D,INF_HMID_LMI_20-065-026-C093_SANTAFE_F&D,11
A32,INF_HMID_LMI_20-065-026-C093_SantaFe_SI,INF_HMID_LMI_20-065-026-C093_SANTAFE_SI,16
A32,INF_HMID_LMI_20-065-027-C092_Nome,INF_HMID_LMI_20-065-027-C092_NOME,9
A32,INF_HMID_LMI_20-065-028-C091_FayetteCounty,INF_HMID_LMI_20-065-028-C091_FAYETTECOUNTY,15
A32,INF_HMID_LMI_20-065-029-C096_Dickinson,INF_HMID_LMI_20-065-029-C096_DICKINSON,12
A32,INF_HMID_LMI_20-065-030-C097_Columbus,INF_HMID_LMI_20-065-030-C097_COLUMBUS,14
A32,INF_HMID_LMI_20-065-031-C101_Jasper,INF_HMID_LMI_20-065-031-C101_JASPER,8
A32,INF_HMID_LMI_20-065-034-C113_Pinehurst_SF,INF_HMID_LMI_20-065-034-C113_PINEHURST_SF,13
A32,INF_HMID_LMI_20-065-034-C113_Pinehurst_SI,INF_HMID_LMI_20-065-034-C113_PINEHURST_SI,13
A32,INF_HMID_LMI_20-065-037-C118_Brookside,INF_HMID_LMI_20-065-037-C118_BROOKSIDE,15
A32,INF_HMID_LMI_20-065-038-C119_Brookshire_F&D,INF_HMID_LMI_20-065-038-C119_BROOKSHIRE_F&D,18
A32,INF_HMID_LMI_20-065-038-C119_Brookshire_SI,INF_HMID_LMI_20-065-038-C119_BROOKSHIRE_SI,15
A32,INF_HMID_LMI_20-065-039-C120_Groves_SI,INF_HMID_LMI_20-065-039-C120_GROVES_SI,13
A32,INF_HMID_LMI_20-065-040-C121_Woodloch,INF_HMID_LMI_20-065-040-C121_WOODLOCH,14
A32,INF_HMID_LMI_20-065-042-C128_Hitchcock_F&D,INF_HMID_LMI_20-065-042-C128_HITCHCOCK_F&D,16
A32,INF_HMID_LMI_20-065-042-C128_Hitchcock_SF,INF_HMID_LMI_20-065-042-C128_HITCHCOCK_SF,15
A32,INF_HMID_LMI_20-065-043-C129_Liverpool,INF_HMID_LMI_20-065-043-C129_LIVERPOOL,15
A32,INF_HMID_LMI_20-065-045-C131_HolidayLakes,INF_HMID_LMI_20-065-045-C131_HOLIDAYLAKES,13
A32,INF_HMID_LMI_20-065-046-C138_Rosenberg,INF_HMID_LMI_20-065-046-C138_ROSENBERG,10
A32,INF_HMID_LMI_20-065-048-C142_BayCity,INF_HMID_LMI_20-065-048-C142_BAYCITY,13
A32,INF_HMID_LMI_20-065-049-C156_China,INF_HMID_LMI_20-065-049-C156_CHINA,5
A32,INF_HMID_LMI_20-065-050-C158_Freeport,INF_HMID_LMI_20-065-050-C158_FREEPORT,9
A32,INF_HMID_LMI_20-065-054-C164_Fulton_F&D,INF_HMID_LMI_20-065-054-C164_FULTON_F&D,15
A32,INF_HMID_LMI_20-065-054-C164_Fulton_SI,INF_HMID_LMI_20-065-054-C164_FULTON_SI,9
A32,INF_HMID_LMI_20-065-055-C165_Victoria,INF_HMID_LMI_20-065-055-C165_VICTORIA,13
A32,INF_HMID_LMI_20-065-057-C169_Refugio_F&D,INF_HMID_LMI_20-065-057-C169_REFUGIO_F&D,17
A32,INF_HMID_LMI_20-065-057-C169_Refugio_SF,INF_HMID_LMI_20-065-057-C169_REFUGIO_SF,17
A32,INF_HMID_LMI_20-065-057-C169_Refugio_SI,INF_HMID_LMI_20-065-057-C169_REFUGIO_SI,17
A32,INF_HMID_LMI_20-065-057-C169_Refugio_WF,INF_HMID_LMI_20-065-057-C169_REFUGIO_WF,16
A32,INF_HMID_LMI_20-065-060-C175_Alvin_PF,INF_HMID_LMI_20-065-060-C175_ALVIN_PF,7
A32,INF_HMID_LMI_20-065-060-C175_Alvin_SF,INF_HMID_LMI_20-065-060-C175_ALVIN_SF,14
A32,INF_HMID_LMI_20-065-060-C175_Alvin_WF,INF_HMID_LMI_20-065-060-C175_ALVIN_WF,13
A32,INF_HMID_LMI_20-065-061-C176_WestColumbia,INF_HMID_LMI_20-065-061-C176_WESTCOLUMBIA,7
A32,INF_HMID_LMI_20-065-062-C180_WallerCounty,INF_HMID_LMI_20-065-062-C180_WALLERCOUNTY,16
A32,INF_HMID_LMI_20-065-064-C182_CalhounCounty_F&D,INF_HMID_LMI_20-065-064-C182_CALHOUNCOUNTY_F&D,14
A32,INF_HMID_LMI_20-065-064-C182_CalhounCounty_PF,INF_HMID_LMI_20-065-064-C182_CALHOUNCOUNTY_PF,18
A32,INF_HMID_LMI_20-065-066-C192_Robstown,INF_HMID_LMI_20-065-066-C192_ROBSTOWN,4
A32,INF_HMID_LMI_20-065-068-C194_Bayside,INF_HMID_LMI_20-065-068-C194_BAYSIDE,11
A32,INF_HMID_LMI_20-065-069-C195_Lumberton,INF_HMID_LMI_20-065-069-C195_LUMBERTON,15
A32,INF_HMID_LMI_20-065-070-C196_Woodsboro,INF_HMID_LMI_20-065-070-C196_WOODSBORO,13
A32,INF_HMID_LMI_20-065-071-C198_PortLavaca_F&D,INF_HMID_LMI_20-065-071-C198_PORTLAVACA_F&D,16
A32,INF_HMID_LMI_20-065-071-C198_PortLavaca_SI,INF_HMID_LMI_20-065-071-C198_PORTLAVACA_SI,16
A32,INF_HMID_LMI_20-065-072-C199_VillageofJonesCreek,INF_HMID_LMI_20-065-072-C199_VILLAGEOFJONESCREEK,9
A32,INF_HMID_LMI_20-065-073-C200_Kirbyville,INF_HMID_LMI_20-065-073-C200_KIRBYVILLE,10
A32,INF_HMID_LMI_20-065-077-C219_MissouriCity,INF_HMID_LMI_20-065-077-C219_MISSOURICITY,2
A32,INF_HMID_LMI_20-065-078-C221_SanPatricioCounty,INF_HMID_LMI_20-065-078-C221_SANPATRICIOCOUNTY,14
A32,INF_HMID_LMI_20-065-080-C233_Richwood,INF_HMID_LMI_20-065-080-C233_RICHWOOD,14
A32,INF_HMID_LMI_20-065-081-C234_Wharton,INF_HMID_LMI_20-065-081-C234_WHARTON,7
A32,INF_HMID_LMI_20-065-082-C235_PattonVillage,INF_HMID_LMI_20-065-082-C235_PATTONVILLAGE,11
A32,INF_HMID_LMI_20-065-083-C236_TexasCity,INF_HMID_LMI_20-065-083-C236_TEXASCITY,10
A32,INF_HMID_LMI_20-065-084-C243_PortNeches_WF,INF_HMID_LMI_20-065-084-C243_PORTNECHES_WF,16
A32,INF_HMID_LMI_20-065-086-C247_Ingleside,INF_HMID_LMI_20-065-086-C247_INGLESIDE,10
A32,INF_HMID_LMI_20-065-087-C248_TylerCounty_SF,INF_HMID_LMI_20-065-087-C248_TYLERCOUNTY_SF,8
A32,INF_HMID_LMI_20-065-087-C248_TylerCounty_SI,INF_HMID_LMI_20-065-087-C248_TYLERCOUNTY_SI,6
A32,INF_HMID_LMI_20-065-087-C248_TylerCounty_WF,INF_HMID_LMI_20-065-087-C248_TYLERCOUNTY_WF,11
A32,INF_HMID_LMI_20-065-088-C249_SourLake_SF,INF_HMID_LMI_20-065-088-C249_SOURLAKE_SF,12
A32,INF_HMID_LMI_20-065-090-C252_Rockport,INF_HMID_LMI_20-065-090-C252_ROCKPORT,20
A32,INF_HMID_LMI_20-065-091-C254_NuecesCounty_PF,INF_HMID_LMI_20-065-091-C254_NUECESCOUNTY_PF,3
A32,INF_HMID_LMI_20-065-091-C254_NuecesCounty_SI,INF_HMID_LMI_20-065-091-C254_NUECESCOUNTY_SI,8
A32,INF_HMID_LMI_20-065-092-C257_FortBendCounty_F&D,INF_HMID_LMI_20-065-092-C257_FORTBENDCOUNTY_F&D,13
A32,INF_HMID_LMI_20-065-093-C261_SanJacintoCounty,INF_HMID_LMI_20-065-093-C261_SANJACINTOCOUNTY,16
A32,INF_HMID_LMI_20-065-094-C262_VictoriaCounty_F&D,INF_HMID_LMI_20-065-094-C262_VICTORIACOUNTY_F&D,13
A32,INF_HMID_LMI_20-065-094-C262_VictoriaCounty_SI,INF_HMID_LMI_20-065-094-C262_VICTORIACOUNTY_SI,12
A32,INF_HMID_LMI_20-065-095-C264_LibertyCounty,INF_HMID_LMI_20-065-095-C264_LIBERTYCOUNTY,16
A32,INF_HMID_LMI_20-065-097-C269_Taft,INF_HMID_LMI_20-065-097-C269_TAFT,8
A32,INF_HMID_LMI_20-065-098-C270_AransasCounty_F&D,INF_HMID_LMI_20-065-098-C270_ARANSASCOUNTY_F&D,21
A32,INF_HMID_LMI_20-065-098-C270_AransasCounty_SI,INF_HMID_LMI_20-065-098-C270_ARANSASCOUNTY_SI,22
A32,INF_HMID_LMI_20-065-101-C274_NewtonCounty,INF_HMID_LMI_20-065-101-C274_NEWTONCOUNTY,11
A32,INF_HMID_LMI_20-065-102-C275_Silsbee,INF_HMID_LMI_20-065-102-C275_SILSBEE,13
A32,INF_HMID_LMI_20-065-102-C275_Silsbee_SI,INF_HMID_LMI_20-065-102-C275_SILSBEE_SI,3
A32,INF_HMID_LMI_20-065-105-C287_LaMarque,INF_HMID_LMI_20-065-105-C287_LAMARQUE,9
A32,INF_HMID_LMI_20-065-106-C288_Pearland,INF_HMID_LMI_20-065-106-C288_PEARLAND,3
A32,INF_HMID_LMI_20-065-107-C294_WhartonCounty_F&D,INF_HMID_LMI_20-065-107-C294_WHARTONCOUNTY_F&D,15
A32,INF_HMID_LMI_20-065-107-C294_WhartonCounty_SF,INF_HMID_LMI_20-065-107-C294_WHARTONCOUNTY_SF,11
A32,INF_HMID_LMI_20-065-109-C303_AransasPass_F&D,INF_HMID_LMI_20-065-109-C303_ARANSASPASS_F&D,17
A32,INF_HMID_LMI_20-065-109-C303_AransasPass_SF,INF_HMID_LMI_20-065-109-C303_ARANSASPASS_SF,10
A32,INF_HMID_LMI_20-065-110-C306_RefugioCounty_F&D,INF_HMID_LMI_20-065-110-C306_REFUGIOCOUNTY_F&D,11
A32,INF_HMID_LMI_20-065-110-C306_RefugioCounty_PF,INF_HMID_LMI_20-065-110-C306_REFUGIOCOUNTY_PF,16
A32,INF_HMID_LMI_20-065-110-C306_RefugioCounty_SF,INF_HMID_LMI_20-065-110-C306_REFUGIOCOUNTY_SF,14
A32,INF_HMID_LMI_20-065-110-C306_RefugioCounty_SI,INF_HMID_LMI_20-065-110-C306_REFUGIOCOUNTY_SI,16
A32,INF_HMID_LMI_20-065-110-C306_RefugioCounty_WF,INF_HMID_LMI_20-065-110-C306_REFUGIOCOUNTY_WF,12
A32,INF_HMID_LMI_20-065-113-C310_Baytown,INF_HMID_LMI_20-065-113-C310_BAYTOWN,7
A32,INF_HMID_LMI_20-065-114-C313_Gregory,INF_HMID_LMI_20-065-114-C313_GREGORY,7
A32,INF_HMID_LMI_20-065-117-C378_PlumGrove,INF_HMID_LMI_20-065-117-C378_PLUMGROVE,7
A32,INF_HMID_LMI_20-065-118-C388_BrazoriaCounty,INF_HMID_LMI_20-065-118-C388_BRAZORIACOUNTY,16
A32,INF_HMID_LMI_20-065-118-C388_BrazoriaCounty_SF,INF_HMID_LMI_20-065-118-C388_BRAZORIACOUNTY_SF,1
A32,INF_HMID_LMI_20-065-118-C388_BrazoriaCounty_SI,INF_HMID_LMI_20-065-118-C388_BRAZORIACOUNTY_SI,1
A32,INF_HMID_LMI_20-065-118-C388_BrazoriaCounty_WF,INF_HMID_LMI_20-065-118-C388_BRAZORIACOUNTY_WF,1
A32,INF_HMID_LMI_20-065-119-C390_WestOrange_F&D,INF_HMID_LMI_20-065-119-C390_WESTORANGE_F&D,14
A32,INF_HMID_LMI_20-065-119-C390_WestOrange_PF,INF_HMID_LMI_20-065-119-C390_WESTORANGE_PF,12
A32,INF_HMID_LMI_20-065-119-C390_WestOrange_SF,INF_HMID_LMI_20-065-119-C390_WESTORANGE_SF,10
A32,INF_HMID_LMI_20-065-119-C390_WestOrange_SI,INF_HMID_LMI_20-065-119-C390_WESTORANGE_SI,14
A32,INF_HMID_LMI_20-065-120-C407_Vidor_F&D,INF_HMID_LMI_20-065-120-C407_VIDOR_F&D,18
A32,INF_HMID_LMI_20-065-120-C407_Vidor_SI,INF_HMID_LMI_20-065-120-C407_VIDOR_SI,18
A32,INF_HMID_LMI_20-065-121-C408_JeffersonCounty_F&D,INF_HMID_LMI_20-065-121-C408_JEFFERSONCOUNTY_F&D,15
A32,INF_HMID_LMI_20-065-123-C430_MatagordaCounty_SI,INF_HMID_LMI_20-065-123-C430_MATAGORDACOUNTY_SI,13
A32,INF_HMID_LMI_20-065-127-C438_Danbury,INF_HMID_LMI_20-065-127-C438_DANBURY,12
A32,INF_HMID_LMI_20-065-135-C481_MontBelvieu,INF_HMID_LMI_20-065-135-C481_MONTBELVIEU,4
A32,INF_HMID_LMI_20-065-136-C491_MontgomeryCounty_F&D,INF_HMID_LMI_20-065-136-C491_MONTGOMERYCOUNTY_F&D,7
A32,INF_HMID_LMI_20-065-140-C594_Orange_F&D,INF_HMID_LMI_20-065-140-C594_ORANGE_F&D,15
A32,INF_HMID_LMI_20-065-140-C594_Orange_PF,INF_HMID_LMI_20-065-140-C594_ORANGE_PF,7
A32,INF_HMID_LMI_20-065-142-C782_PortArthur_F&D,INF_HMID_LMI_20-065-142-C782_PORTARTHUR_F&D,12
A32,INF_HMID_LMI_20-065-144-C843_Beaumont_WF,INF_HMID_LMI_20-065-144-C843_BEAUMONT_WF,9
A32,INF_HMID_LMI_20-065-145-C857_HardinCounty_F&D,INF_HMID_LMI_20-065-145-C857_HARDINCOUNTY_F&D,8
A32,INF_HMID_LMI_20-065-145-C857_HardinCounty_PF,INF_HMID_LMI_20-065-145-C857_HARDINCOUNTY_PF,12
A32,INF_HMID_LMI_20-065-145-C857_HardinCounty_SI,INF_HMID_LMI_20-065-145-C857_HARDINCOUNTY_SI,17
A32,INF_HMID_LMI_20-065-146-C865_RoseCity_F&D,INF_HMID_LMI_20-065-146-C865_ROSECITY_F&D,15
A32,INF_HMID_LMI_20-065-152-C921_Kountze_SF,INF_HMID_LMI_20-065-152-C921_KOUNTZE_SF,16
A32,INF_HMID_LMI_20-065-152-C921_Kountze_SI,INF_HMID_LMI_20-065-152-C921_KOUNTZE_SI,14
A32,INF_HMID_LMI_GranteeSupport[H5b]_ACQ,INF_HMID_LMI_GRANTEESUPPORT[H5B]_ACQ,7
A32,INF_HMID_LMI_GranteeSupport[H5b]_F&D,INF_HMID_LMI_GRANTEESUPPORT[H5B]_F&D,8
A32,INF_HMID_LMI_GranteeSupport[H5b]_HI,INF_HMID_LMI_GRANTEESUPPORT[H5B]_HI,6
A32,INF_HMID_LMI_GranteeSupport[H5b]_PF,INF_HMID_LMI_GRANTEESUPPORT[H5B]_PF,9
A32,INF_HMID_LMI_GranteeSupport[H5b]_SI,INF_HMID_LMI_GRANTEESUPPORT[H5B]_SI,8
A32,INF_HMID_LMI_GranteeSupport[H5b]_WSF,INF_HMID_LMI_GRANTEESUPPORT[H5B]_WSF,8
A32,INF_HMID_NA_20-065-098-C270_AransasCounty_PLAN,INF_HMID_NA_20-065-098-C270_ARANSASCOUNTY_PLAN,6
A32,INF_HMID_NA_20-065-107-C294_WhartonCounty_PLAN,INF_HMID_NA_20-065-107-C294_WHARTONCOUNTY_PLAN,6
A32,INF_HMID_NA_20-065-120-C407_Vidor_PLAN,INF_HMID_NA_20-065-120-C407_VIDOR_PLAN,10
A32,INF_HMID_NA_20-065-121-C408_JeffersonCounty_PLAN,INF_HMID_NA_20-065-121-C408_JEFFERSONCOUNTY_PLAN,7
A32,INF_HMID_NA_GranteeSupport[H5b]_PLAN,INF_HMID_NA_GRANTEESUPPORT[H5B]_PLAN,8
A32,INF_HMID_SB_20-065-120-C407_Vidor_C&D,INF_HMID_SB_20-065-120-C407_VIDOR_C&D,9
A32,INF_HMID_SB_GranteeSupport[H5b]_C&D,INF_HMID_SB_GRANTEESUPPORT[H5B]_C&D,5
A32,INF_HMID_UN_20-065-013-C049_JasperCounty,INF_HMID_UN_20-065-013-C049_JASPERCOUNTY,12
A32,INF_HMID_UN_20-065-027-C092_Nome,INF_HMID_UN_20-065-027-C092_NOME,9
A32,INF_HMID_UN_20-065-029-C096_Dickinson,INF_HMID_UN_20-065-029-C096_DICKINSON,7
A32,INF_HMID_UN_20-065-039-C120_Groves_SF,INF_HMID_UN_20-065-039-C120_GROVES_SF,14
A32,INF_HMID_UN_20-065-039-C120_Groves_SI,INF_HMID_UN_20-065-039-C120_GROVES_SI,15
A32,INF_HMID_UN_20-065-049-C156_China,INF_HMID_UN_20-065-049-C156_CHINA,6
A32,INF_HMID_UN_20-065-064-C182_CalhounCounty_PF,INF_HMID_UN_20-065-064-C182_CALHOUNCOUNTY_PF,9
A32,INF_HMID_UN_20-065-069-C195_Lumberton,INF_HMID_UN_20-065-069-C195_LUMBERTON,11
A32,INF_HMID_UN_20-065-079-C231_ColoradoCounty,INF_HMID_UN_20-065-079-C231_COLORADOCOUNTY,10
A32,INF_HMID_UN_20-065-084-C243_PortNeches_SF,INF_HMID_UN_20-065-084-C243_PORTNECHES_SF,8
A32,INF_HMID_UN_20-065-087-C248_TylerCounty_WF,INF_HMID_UN_20-065-087-C248_TYLERCOUNTY_WF,8
A32,INF_HMID_UN_20-065-090-C252_Rockport,INF_HMID_UN_20-065-090-C252_ROCKPORT,18
A32,INF_HMID_UN_20-065-093-C261_SanJacintoCounty,INF_HMID_UN_20-065-093-C261_SANJACINTOCOUNTY,10
A32,INF_HMID_UN_20-065-094-C262_VictoriaCounty_F&D,INF_HMID_UN_20-065-094-C262_VICTORIACOUNTY_F&D,11
A32,INF_HMID_UN_20-065-095-C264_LibertyCounty,INF_HMID_UN_20-065-095-C264_LIBERTYCOUNTY,12
A32,INF_HMID_UN_20-065-098-C270_AransasCounty_PF,INF_HMID_UN_20-065-098-C270_ARANSASCOUNTY_PF,21
A32,INF_HMID_UN_20-065-106-C288_Pearland,INF_HMID_UN_20-065-106-C288_PEARLAND,3
A32,INF_HMID_UN_20-065-107-C294_WhartonCounty_F&D,INF_HMID_UN_20-065-107-C294_WHARTONCOUNTY_F&D,12
A32,INF_HMID_UN_20-065-107-C294_WhartonCounty_SF,INF_HMID_UN_20-065-107-C294_WHARTONCOUNTY_SF,8
A32,INF_HMID_UN_20-065-107-C294_WhartonCounty_WF,INF_HMID_UN_20-065-107-C294_WHARTONCOUNTY_WF,11
A32,INF_HMID_UN_20-065-109-C303_AransasPass_F&D,INF_HMID_UN_20-065-109-C303_ARANSASPASS_F&D,12
A32,INF_HMID_UN_20-065-110-C306_RefugioCounty_PF,INF_HMID_UN_20-065-110-C306_REFUGIOCOUNTY_PF,5
A32,INF_HMID_UN_20-065-110-C306_RefugioCounty_SI,INF_HMID_UN_20-065-110-C306_REFUGIOCOUNTY_SI,13
A32,INF_HMID_UN_20-065-114-C313_Gregory,INF_HMID_UN_20-065-114-C313_GREGORY,5
A32,INF_HMID_UN_20-065-120-C407_Vidor_SI,INF_HMID_UN_20-065-120-C407_VIDOR_SI,17
A32,INF_HMID_UN_20-065-121-C408_JeffersonCounty_F&D,INF_HMID_UN_20-065-121-C408_JEFFERSONCOUNTY_F&D,8
A32,INF_HMID_UN_20-065-123-C430_MatagordaCounty_SI,INF_HMID_UN_20-065-123-C430_MATAGORDACOUNTY_SI,9
A32,INF_HMID_UN_20-065-125-C436_WoodbranchVillage,INF_HMID_UN_20-065-125-C436_WOODBRANCHVILLAGE,9
A32,INF_HMID_UN_20-065-126-C437_Dayton,INF_HMID_UN_20-065-126-C437_DAYTON,8
A32,INF_HMID_UN_20-065-127-C438_Danbury,INF_HMID_UN_20-065-127-C438_DANBURY,10
A32,INF_HMID_UN_20-065-129-C440_Portland,INF_HMID_UN_20-065-129-C440_PORTLAND,10
A32,INF_HMID_UN_20-065-131-C442_Simonton,INF_HMID_UN_20-065-131-C442_SIMONTON,10
A32,INF_HMID_UN_20-065-133-C445_CorpusChristi,INF_HMID_UN_20-065-133-C445_CORPUSCHRISTI,5
A32,INF_HMID_UN_20-065-134-C451_Friendswood,INF_HMID_UN_20-065-134-C451_FRIENDSWOOD,7
A32,INF_HMID_UN_20-065-140-C594_Orange_F&D,INF_HMID_UN_20-065-140-C594_ORANGE_F&D,6
A32,INF_HMID_UN_20-065-140-C594_Orange_PF,INF_HMID_UN_20-065-140-C594_ORANGE_PF,7
A32,INF_HMID_UN_20-065-141-C780_LeagueCity_F&D,INF_HMID_UN_20-065-141-C780_LEAGUECITY_F&D,17
A32,INF_HMID_UN_20-065-143-C811_PortAransas_F&D,INF_HMID_UN_20-065-143-C811_PORTARANSAS_F&D,12
A32,INF_HMID_UN_20-065-145-C857_HardinCounty_PF,INF_HMID_UN_20-065-145-C857_HARDINCOUNTY_PF,12
A32,INF_HMID_UN_20-065-147-C902_BevilOaks_SI,INF_HMID_UN_20-065-147-C902_BEVILOAKS_SI,8
A32,INF_HMID_UN_20-065-148-C903_RoseHillAcres_SI,INF_HMID_UN_20-065-148-C903_ROSEHILLACRES_SI,15
A32,INF_HMID_UN_20-065-149-C905_Nederland_F&D,INF_HMID_UN_20-065-149-C905_NEDERLAND_F&D,10
A32,INF_HMID_UN_20-065-149-C905_Nederland_SI,INF_HMID_UN_20-065-149-C905_NEDERLAND_SI,2
A32,INF_HMID_UN_20-065-150-C911_OrangeCounty_F&D,INF_HMID_UN_20-065-150-C911_ORANGECOUNTY_F&D,17
A32,INF_HMID_UN_20-065-151-C916_TaylorLanding_SI,INF_HMID_UN_20-065-151-C916_TAYLORLANDING_SI,10
A32,INF_HMID_UN_20-065-153-C929_BridgeCity_F&D,INF_HMID_UN_20-065-153-C929_BRIDGECITY_F&D,10
A32,INF_HMID_UN_20-065-153-C929_BridgeCity_WF,INF_HMID_UN_20-065-153-C929_BRIDGECITY_WF,15
A32,INF_HMID_UN_20-065-154-C933_PineForest_F&D,INF_HMID_UN_20-065-154-C933_PINEFOREST_F&D,15
A32,INF_HMID_UN_GranteeSupport[H5b]_F&D,INF_HMID_UN_GRANTEESUPPORT[H5B]_F&D,8
A32,INF_HMID_UN_GranteeSupport[H5b]_PF,INF_HMID_UN_GRANTEESUPPORT[H5B]_PF,8
A32,INF_HMID_UN_GranteeSupport[H5b]_SI,INF_HMID_UN_GRANTEESUPPORT[H5B]_SI,8
A32,INF_HMID_UN_GranteeSupport[H5b]_WSF,INF_HMID_UN_GRANTEESUPPORT[H5B]_WSF,7
A32,INF_SMID_LMI_20-065-002-B964_Moulton,INF_SMID_LMI_20-065-002-B964_MOULTON,5
A32,INF_SMID_LMI_20-065-011-C032_EagleLake,INF_SMID_LMI_20-065-011-C032_EAGLELAKE,9
A32,INF_SMID_LMI_20-065-012-C039_Goliad,INF_SMID_LMI_20-065-012-C039_GOLIAD,11
A32,INF_SMID_LMI_20-065-015-C054_NewWaverly,INF_SMID_LMI_20-065-015-C054_NEWWAVERLY,8
A32,INF_SMID_LMI_20-065-016-C056_BeeCounty_SF,INF_SMID_LMI_20-065-016-C056_BEECOUNTY_SF,15
A32,INF_SMID_LMI_20-065-016-C056_BeeCounty_WF,INF_SMID_LMI_20-065-016-C056_BEECOUNTY_WF,14
A32,INF_SMID_LMI_20-065-019-C065_PrairieView,INF_SMID_LMI_20-065-019-C065_PRAIRIEVIEW,9
A32,INF_SMID_LMI_20-065-020-C066_CaldwellCounty,INF_SMID_LMI_20-065-020-C066_CALDWELLCOUNTY,13
A32,INF_SMID_LMI_20-065-023-C082_Ganado,INF_SMID_LMI_20-065-023-C082_GANADO,14
A32,INF_SMID_LMI_20-065-032-C109_Edna,INF_SMID_LMI_20-065-032-C109_EDNA,12
A32,INF_SMID_LMI_20-065-033-C111_LaWard_SF,INF_SMID_LMI_20-065-033-C111_LAWARD_SF,16
A32,INF_SMID_LMI_20-065-033-C111_LaWard_WF,INF_SMID_LMI_20-065-033-C111_LAWARD_WF,14
A32,INF_SMID_LMI_20-065-035-C115_Wallis_PF,INF_SMID_LMI_20-065-035-C115_WALLIS_PF,10
A32,INF_SMID_LMI_20-065-035-C115_Wallis_SF,INF_SMID_LMI_20-065-035-C115_WALLIS_SF,11
A32,INF_SMID_LMI_20-065-036-C116_Hallettsville,INF_SMID_LMI_20-065-036-C116_HALLETTSVILLE,14
A32,INF_SMID_LMI_20-065-041-C122_KarnesCounty,INF_SMID_LMI_20-065-041-C122_KARNESCOUNTY,11
A32,INF_SMID_LMI_20-065-044-C130_Smiley,INF_SMID_LMI_20-065-044-C130_SMILEY,13
A32,INF_SMID_LMI_20-065-047-C139_Gonzales,INF_SMID_LMI_20-065-047-C139_GONZALES,15
A32,INF_SMID_LMI_20-065-051-C160_Nixon,INF_SMID_LMI_20-065-051-C160_NIXON,13
A32,INF_SMID_LMI_20-065-052-C162_Iola,INF_SMID_LMI_20-065-052-C162_IOLA,11
A32,INF_SMID_LMI_20-065-053-C163_Shiner,INF_SMID_LMI_20-065-053-C163_SHINER,12
A32,INF_SMID_LMI_20-065-056-C167_Bedias,INF_SMID_LMI_20-065-056-C167_BEDIAS,13
A32,INF_SMID_LMI_20-065-058-C170_Somerville,INF_SMID_LMI_20-065-058-C170_SOMERVILLE,8
A32,INF_SMID_LMI_20-065-059-C171_ToddMission_F&D,INF_SMID_LMI_20-065-059-C171_TODDMISSION_F&D,10
A32,INF_SMID_LMI_20-065-059-C171_ToddMission_SI,INF_SMID_LMI_20-065-059-C171_TODDMISSION_SI,9
A32,INF_SMID_LMI_20-065-063-C181_Cuero_F&D,INF_SMID_LMI_20-065-063-C181_CUERO_F&D,8
A32,INF_SMID_LMI_20-065-063-C181_Cuero_SF,INF_SMID_LMI_20-065-063-C181_CUERO_SF,10
A32,INF_SMID_LMI_20-065-063-C181_Cuero_SI,INF_SMID_LMI_20-065-063-C181_CUERO_SI,10
A32,INF_SMID_LMI_20-065-063-C181_Cuero_WF,INF_SMID_LMI_20-065-063-C181_CUERO_WF,10
A32,INF_SMID_LMI_20-065-064-C182_CalhounCounty_F&D,INF_SMID_LMI_20-065-064-C182_CALHOUNCOUNTY_F&D,16
A32,INF_SMID_LMI_20-065-065-C184_AustinCounty,INF_SMID_LMI_20-065-065-C184_AUSTINCOUNTY,19
A32,INF_SMID_LMI_20-065-067-C193_Hempstead_SF,INF_SMID_LMI_20-065-067-C193_HEMPSTEAD_SF,9
A32,INF_SMID_LMI_20-065-067-C193_Hempstead_WF,INF_SMID_LMI_20-065-067-C193_HEMPSTEAD_WF,7
A32,INF_SMID_LMI_20-065-074-C201_Yorktown,INF_SMID_LMI_20-065-074-C201_YORKTOWN,11
A32,INF_SMID_LMI_20-065-075-C203_Gonzales_SF,INF_SMID_LMI_20-065-075-C203_GONZALES_SF,12
A32,INF_SMID_LMI_20-065-076-C218_PointComfort_F&D,INF_SMID_LMI_20-065-076-C218_POINTCOMFORT_F&D,15
A32,INF_SMID_LMI_20-065-076-C218_PointComfort_SI,INF_SMID_LMI_20-065-076-C218_POINTCOMFORT_SI,15
A32,INF_SMID_LMI_20-065-076-C218_PointComfort_WF,INF_SMID_LMI_20-065-076-C218_POINTCOMFORT_WF,15
A32,INF_SMID_LMI_20-065-079-C231_ColoradoCounty,INF_SMID_LMI_20-065-079-C231_COLORADOCOUNTY,12
A32,INF_SMID_LMI_20-065-085-C246_Yoakum_F&D,INF_SMID_LMI_20-065-085-C246_YOAKUM_F&D,9
A32,INF_SMID_LMI_20-065-085-C246_Yoakum_PF,INF_SMID_LMI_20-065-085-C246_YOAKUM_PF,14
A32,INF_SMID_LMI_20-065-085-C246_Yoakum_SF,INF_SMID_LMI_20-065-085-C246_YOAKUM_SF,11
A32,INF_SMID_LMI_20-065-085-C246_Yoakum_SI,INF_SMID_LMI_20-065-085-C246_YOAKUM_SI,10
A32,INF_SMID_LMI_20-065-085-C246_Yoakum_WF,INF_SMID_LMI_20-065-085-C246_YOAKUM_WF,11
A32,INF_SMID_LMI_20-065-096-C267_JacksonCounty,INF_SMID_LMI_20-065-096-C267_JACKSONCOUNTY,9
A32,INF_SMID_LMI_20-065-099-C271_GoliadCounty_SI,INF_SMID_LMI_20-065-099-C271_GOLIADCOUNTY_SI,12
A32,INF_SMID_LMI_20-065-099-C271_GoliadCounty_WF,INF_SMID_LMI_20-065-099-C271_GOLIADCOUNTY_WF,10
A32,INF_SMID_LMI_20-065-100-C273_GrimesCounty,INF_SMID_LMI_20-065-100-C273_GRIMESCOUNTY,9
A32,INF_SMID_LMI_20-065-103-C278_Seadrift_PF,INF_SMID_LMI_20-065-103-C278_SEADRIFT_PF,15
A32,INF_SMID_LMI_20-065-103-C278_Seadrift_SF,INF_SMID_LMI_20-065-103-C278_SEADRIFT_SF,8
A32,INF_SMID_LMI_20-065-103-C278_Seadrift_WF,INF_SMID_LMI_20-065-103-C278_SEADRIFT_WF,15
A32,INF_SMID_LMI_20-065-104-C279_WalkerCounty,INF_SMID_LMI_20-065-104-C279_WALKERCOUNTY,16
A32,INF_SMID_LMI_20-065-108-C295_Palacios,INF_SMID_LMI_20-065-108-C295_PALACIOS,13
A32,INF_SMID_LMI_20-065-111-C308_MilamCounty,INF_SMID_LMI_20-065-111-C308_MILAMCOUNTY,10
A32,INF_SMID_LMI_20-065-112-C309_Waelder_F&D,INF_SMID_LMI_20-065-112-C309_WAELDER_F&D,4
A32,INF_SMID_LMI_20-065-112-C309_Waelder_SF,INF_SMID_LMI_20-065-112-C309_WAELDER_SF,4
A32,INF_SMID_LMI_20-065-123-C430_MatagordaCounty_F&D,INF_SMID_LMI_20-065-123-C430_MATAGORDACOUNTY_F&D,15
A32,INF_SMID_LMI_20-065-123-C430_MatagordaCounty_SF,INF_SMID_LMI_20-065-123-C430_MATAGORDACOUNTY_SF,17
A32,INF_SMID_LMI_20-065-123-C430_MatagordaCounty_WF,INF_SMID_LMI_20-065-123-C430_MATAGORDACOUNTY_WF,15
A32,INF_SMID_LMI_20-065-139-C527_BastropCounty_F&D,INF_SMID_LMI_20-065-139-C527_BASTROPCOUNTY_F&D,5
A32,INF_SMID_LMI_24-074-001-E284_Somerville_F&D,INF_SMID_LMI_24-074-001-E284_SOMERVILLE_F&D,2
A32,INF_SMID_LMI_24-074-002-E285_GrimesCounty_SI,INF_SMID_LMI_24-074-002-E285_GRIMESCOUNTY_SI,1
A32,INF_SMID_LMI_24-074-003-E286_Anderson_F&D,INF_SMID_LMI_24-074-003-E286_ANDERSON_F&D,3
A32,INF_SMID_LMI_24-074-004-E287_Iola_F&D,INF_SMID_LMI_24-074-004-E287_IOLA_F&D,2
A32,INF_SMID_LMI_24-074-005-E288_Bedias_SI,INF_SMID_LMI_24-074-005-E288_BEDIAS_SI,2
A32,INF_SMID_LMI_24-074-006-E289_ToddMission_F&D,INF_SMID_LMI_24-074-006-E289_TODDMISSION_F&D,4
A32,INF_SMID_LMI_24-074-009-F149_Edna_SF,INF_SMID_LMI_24-074-009-F149_EDNA_SF,1
A32,INF_SMID_LMI_24-074-010-F150_JacksonCounty_SI,INF_SMID_LMI_24-074-010-F150_JACKSONCOUNTY_SI,1
A32,INF_SMID_LMI_24-074-011-F151_Goliad_SF,INF_SMID_LMI_24-074-011-F151_GOLIAD_SF,2
A32,INF_SMID_LMI_24-074-012-F152_GoliadCounty_WF,INF_SMID_LMI_24-074-012-F152_GOLIADCOUNTY_WF,1
A32,INF_SMID_LMI_GranteeSupport[H5b]_F&D,INF_SMID_LMI_GRANTEESUPPORT[H5B]_F&D,8
A32,INF_SMID_LMI_GranteeSupport[H5b]_PF,INF_SMID_LMI_GRANTEESUPPORT[H5B]_PF,8
A32,INF_SMID_LMI_GranteeSupport[H5b]_SI,INF_SMID_LMI_GRANTEESUPPORT[H5B]_SI,8
A32,INF_SMID_LMI_GranteeSupport[H5b]_WSF,INF_SMID_LMI_GRANTEESUPPORT[H5B]_WSF,8
A32,INF_SMID_NA_20-065-021-C076_SabineCounty,INF_SMID_NA_20-065-021-C076_SABINECOUNTY,9
A32,INF_SMID_NA_20-065-139-C527_BastropCounty_PLAN,INF_SMID_NA_20-065-139-C527_BASTROPCOUNTY_PLAN,5
A32,INF_SMID_NA_GranteeSupport[H5b]_PLAN,INF_SMID_NA_GRANTEESUPPORT[H5B]_PLAN,8
A32,INF_SMID_UN_20-065-047-C139_Gonzales,INF_SMID_UN_20-065-047-C139_GONZALES,10
A32,INF_SMID_UN_20-065-065-C184_AustinCounty,INF_SMID_UN_20-065-065-C184_AUSTINCOUNTY,17
A32,INF_SMID_UN_20-065-096-C267_JacksonCounty,INF_SMID_UN_20-065-096-C267_JACKSONCOUNTY,9
A32,INF_SMID_UN_20-065-099-C271_GoliadCounty_PF,INF_SMID_UN_20-065-099-C271_GOLIADCOUNTY_PF,11
A32,INF_SMID_UN_20-065-104-C279_WalkerCounty,INF_SMID_UN_20-065-104-C279_WALKERCOUNTY,11
A32,INF_SMID_UN_20-065-104-C279_WalkerCounty_F&D,INF_SMID_UN_20-065-104-C279_WALKERCOUNTY_F&D,11
A32,INF_SMID_UN_20-065-111-C308_MilamCounty,INF_SMID_UN_20-065-111-C308_MILAMCOUNTY,9
A32,INF_SMID_UN_20-065-116-C377_Anderson,INF_SMID_UN_20-065-116-C377_ANDERSON,9
A32,INF_SMID_UN_20-065-123-C430_MatagordaCounty_SF,INF_SMID_UN_20-065-123-C430_MATAGORDACOUNTY_SF,16
A32,INF_SMID_UN_20-065-124-C435_LeeCounty,INF_SMID_UN_20-065-124-C435_LEECOUNTY,10
A32,INF_SMID_UN_20-065-128-C439_Huntsville_F&D,INF_SMID_UN_20-065-128-C439_HUNTSVILLE_F&D,8
A32,INF_SMID_UN_20-065-128-C439_Huntsville_SI,INF_SMID_UN_20-065-128-C439_HUNTSVILLE_SI,6
A32,INF_SMID_UN_20-065-132-C443_Sealy,INF_SMID_UN_20-065-132-C443_SEALY,8
A32,INF_SMID_UN_20-065-137-C503_Katy,INF_SMID_UN_20-065-137-C503_KATY,9
A32,INF_SMID_UN_20-065-139-C527_BastropCounty_F&D,INF_SMID_UN_20-065-139-C527_BASTROPCOUNTY_F&D,12
A32,INF_SMID_UN_20-065-139-C527_BastropCounty_SI,INF_SMID_UN_20-065-139-C527_BASTROPCOUNTY_SI,4
A32,INF_SMID_UN_GranteeSupport[H5b]_F&D,INF_SMID_UN_GRANTEESUPPORT[H5B]_F&D,8
A32,INF_SMID_UN_GranteeSupport[H5b]_PF,INF_SMID_UN_GRANTEESUPPORT[H5B]_PF,8
A32,INF_SMID_UN_GranteeSupport[H5b]_SI,INF_SMID_UN_GRANTEESUPPORT[H5B]_SI,8
A32,INF_SMID_UN_GranteeSupport[H5b]_WSF,INF_SMID_UN_GRANTEESUPPORT[H5B]_WSF,8
A32,LBAP_HMID_LMA_20-066-001-B956_MontgomeryCounty,LBAP_HMID_LMA_20-066-001-B956_MONTGOMERYCOUNTY,5
A32,LBAP_HMID_LMA_20-066-022-C166_RoseCity,LBAP_HMID_LMA_20-066-022-C166_ROSECITY,4
A32,LBAP_HMID_LMA_20-066-023-C168_Vidor,LBAP_HMID_LMA_20-066-023-C168_VIDOR,5
A32,LBAP_HMID_LMA_20-066-025-C202_BridgeCity,LBAP_HMID_LMA_20-066-025-C202_BRIDGECITY,11
A32,LBAP_HMID_LMA_20-066-029-C223_WestOrange,LBAP_HMID_LMA_20-066-029-C223_WESTORANGE,9
A32,LBAP_HMID_LMA_20-066-030-C224_Ingleside,LBAP_HMID_LMA_20-066-030-C224_INGLESIDE,8
A32,LBAP_HMID_LMA_20-066-034-C232_PortArthur_ACQ,LBAP_HMID_LMA_20-066-034-C232_PORTARTHUR_ACQ,7
A32,LBAP_HMID_LMB_20-066-001-B956_MontgomeryCounty,LBAP_HMID_LMB_20-066-001-B956_MONTGOMERYCOUNTY,8
A32,LBAP_HMID_LMB_20-066-004-C033_VictoriaCounty,LBAP_HMID_LMB_20-066-004-C033_VICTORIACOUNTY,10
A32,LBAP_HMID_LMB_20-066-005-C034_Wharton,LBAP_HMID_LMB_20-066-005-C034_WHARTON,8
A32,LBAP_HMID_LMB_20-066-007-C041_Victoria,LBAP_HMID_LMB_20-066-007-C041_VICTORIA,12
A32,LBAP_HMID_LMB_20-066-008-C043_TexasCity,LBAP_HMID_LMB_20-066-008-C043_TEXASCITY,11
A32,LBAP_HMID_LMB_20-066-009-C052_WhartonCounty,LBAP_HMID_LMB_20-066-009-C052_WHARTONCOUNTY,10
A32,LBAP_HMID_LMB_20-066-010-C063_FayetteCounty,LBAP_HMID_LMB_20-066-010-C063_FAYETTECOUNTY,14
A32,LBAP_HMID_LMB_20-066-013-C095_LibertyCounty,LBAP_HMID_LMB_20-066-013-C095_LIBERTYCOUNTY,12
A32,LBAP_HMID_LMB_20-066-015-C108_NewtonCounty,LBAP_HMID_LMB_20-066-015-C108_NEWTONCOUNTY,8
A32,LBAP_HMID_LMB_20-066-017-C123_CorpusChristi,LBAP_HMID_LMB_20-066-017-C123_CORPUSCHRISTI,5
A32,LBAP_HMID_LMB_20-066-018-C125_PolkCounty,LBAP_HMID_LMB_20-066-018-C125_POLKCOUNTY,11
A32,LBAP_HMID_LMB_20-066-019-C134_Nome,LBAP_HMID_LMB_20-066-019-C134_NOME,1
A32,LBAP_HMID_LMB_20-066-020-C135_SanJacintoCounty,LBAP_HMID_LMB_20-066-020-C135_SANJACINTOCOUNTY,15
A32,LBAP_HMID_LMB_20-066-021-C137_SourLake,LBAP_HMID_LMB_20-066-021-C137_SOURLAKE,6
A32,LBAP_HMID_LMB_20-066-023-C168_Vidor,LBAP_HMID_LMB_20-066-023-C168_VIDOR,9
A32,LBAP_HMID_LMB_20-066-024-C178_Silsbee,LBAP_HMID_LMB_20-066-024-C178_SILSBEE,10
A32,LBAP_HMID_LMB_20-066-025-C202_BridgeCity,LBAP_HMID_LMB_20-066-025-C202_BRIDGECITY,7
A32,LBAP_HMID_LMB_20-066-031-C225_Jasper,LBAP_HMID_LMB_20-066-031-C225_JASPER,11
A32,LBAP_HMID_LMB_20-066-036-C242_JeffersonCounty,LBAP_HMID_LMB_20-066-036-C242_JEFFERSONCOUNTY,9
A32,LBAP_HMID_LMB_20-066-039-C258_Orange,LBAP_HMID_LMB_20-066-039-C258_ORANGE,9
A32,LBAP_HMID_LMB_20-066-040-C259_Dickinson,LBAP_HMID_LMB_20-066-040-C259_DICKINSON,3
A32,LBAP_HMID_LMB_20-066-041-C266_HardinCounty,LBAP_HMID_LMB_20-066-041-C266_HARDINCOUNTY,15
A32,LBAP_HMID_LMB_20-066-043-C300_JasperCounty,LBAP_HMID_LMB_20-066-043-C300_JASPERCOUNTY,9
A32,LBAP_HMID_LMB_20-066-044-C314_Beaumont,LBAP_HMID_LMB_20-066-044-C314_BEAUMONT,10
A32,LBAP_HMID_LMB_20-066-048-C526_OrangeCounty,LBAP_HMID_LMB_20-066-048-C526_ORANGECOUNTY,12
A32,LBAP_HMID_LMB_20-066-049-C772_LeagueCity_ACQ,LBAP_HMID_LMB_20-066-049-C772_LEAGUECITY_ACQ,6
A32,LBAP_HMID_LMHI_20-066-001-B956_MontgomeryCounty_HI,LBAP_HMID_LMHI_20-066-001-B956_MONTGOMERYCOUNTY_HI,5
A32,LBAP_HMID_LMHI_20-066-007-C041_Victoria,LBAP_HMID_LMHI_20-066-007-C041_VICTORIA,8
A32,LBAP_HMID_LMHI_20-066-009-C052_WhartonCounty,LBAP_HMID_LMHI_20-066-009-C052_WHARTONCOUNTY,1
A32,LBAP_HMID_LMHI_20-066-010-C063_FayetteCounty,LBAP_HMID_LMHI_20-066-010-C063_FAYETTECOUNTY,7
A32,LBAP_HMID_LMHI_20-066-013-C095_LibertyCounty,LBAP_HMID_LMHI_20-066-013-C095_LIBERTYCOUNTY,6
A32,LBAP_HMID_LMHI_20-066-017-C123_CorpusChristi,LBAP_HMID_LMHI_20-066-017-C123_CORPUSCHRISTI,2
A32,LBAP_HMID_LMHI_20-066-018-C125_PolkCounty,LBAP_HMID_LMHI_20-066-018-C125_POLKCOUNTY,3
A32,LBAP_HMID_LMHI_20-066-020-C135_SanJacintoCounty_HI,LBAP_HMID_LMHI_20-066-020-C135_SANJACINTOCOUNTY_HI,1
A32,LBAP_HMID_LMHI_20-066-023-C168_Vidor_HI,LBAP_HMID_LMHI_20-066-023-C168_VIDOR_HI,4
A32,LBAP_HMID_LMHI_20-066-029-C223_WestOrange,LBAP_HMID_LMHI_20-066-029-C223_WESTORANGE,2
A32,LBAP_HMID_LMHI_20-066-031-C225_Jasper,LBAP_HMID_LMHI_20-066-031-C225_JASPER,5
A32,LBAP_HMID_LMHI_20-066-036-C242_JeffersonCounty,LBAP_HMID_LMHI_20-066-036-C242_JEFFERSONCOUNTY,2
A32,LBAP_HMID_LMHI_20-066-043-C300_JasperCounty,LBAP_HMID_LMHI_20-066-043-C300_JASPERCOUNTY,3
A32,LBAP_HMID_LMHI_20-066-044-C314_Beaumont,LBAP_HMID_LMHI_20-066-044-C314_BEAUMONT,7
A32,LBAP_HMID_LMHI_20-066-046-C455_GalvestonCounty_HI,LBAP_HMID_LMHI_20-066-046-C455_GALVESTONCOUNTY_HI,1
A32,LBAP_HMID_LMHI_20-066-048-C526_OrangeCounty_HI,LBAP_HMID_LMHI_20-066-048-C526_ORANGECOUNTY_HI,6
A32,LBAP_HMID_LMH_20-066-001-B956_MontgomeryCounty_DPA,LBAP_HMID_LMH_20-066-001-B956_MONTGOMERYCOUNTY_DPA,5
A32,LBAP_HMID_LMH_20-066-001-B956_MontgomeryCounty_RA,LBAP_HMID_LMH_20-066-001-B956_MONTGOMERYCOUNTY_RA,6
A32,LBAP_HMID_LMH_20-066-005-C034_Wharton_RA,LBAP_HMID_LMH_20-066-005-C034_WHARTON_RA,3
A32,LBAP_HMID_LMH_20-066-007-C041_Victoria_RA,LBAP_HMID_LMH_20-066-007-C041_VICTORIA_RA,5
A32,LBAP_HMID_LMH_20-066-009-C052_WhartonCounty_RA,LBAP_HMID_LMH_20-066-009-C052_WHARTONCOUNTY_RA,5
A32,LBAP_HMID_LMH_20-066-010-C063_FayetteCounty_RA,LBAP_HMID_LMH_20-066-010-C063_FAYETTECOUNTY_RA,4
A32,LBAP_HMID_LMH_20-066-013-C095_LibertyCounty_RA,LBAP_HMID_LMH_20-066-013-C095_LIBERTYCOUNTY_RA,4
A32,LBAP_HMID_LMH_20-066-017-C123_CorpusChristi_RA,LBAP_HMID_LMH_20-066-017-C123_CORPUSCHRISTI_RA,2
A32,LBAP_HMID_LMH_20-066-018-C125_PolkCounty_RA,LBAP_HMID_LMH_20-066-018-C125_POLKCOUNTY_RA,3
A32,LBAP_HMID_LMH_20-066-020-C135_SanJacintoCounty_RA,LBAP_HMID_LMH_20-066-020-C135_SANJACINTOCOUNTY_RA,5
A32,LBAP_HMID_LMH_20-066-023-C168_Vidor_DPA,LBAP_HMID_LMH_20-066-023-C168_VIDOR_DPA,4
A32,LBAP_HMID_LMH_20-066-023-C168_Vidor_RA,LBAP_HMID_LMH_20-066-023-C168_VIDOR_RA,5
A32,LBAP_HMID_LMH_20-066-024-C178_Silsbee,LBAP_HMID_LMH_20-066-024-C178_SILSBEE,5
A32,LBAP_HMID_LMH_20-066-025-C202_BridgeCity_RA,LBAP_HMID_LMH_20-066-025-C202_BRIDGECITY_RA,9
A32,LBAP_HMID_LMH_20-066-029-C223_WestOrange_HA,LBAP_HMID_LMH_20-066-029-C223_WESTORANGE_HA,2
A32,LBAP_HMID_LMH_20-066-029-C223_WestOrange_RA,LBAP_HMID_LMH_20-066-029-C223_WESTORANGE_RA,3
A32,LBAP_HMID_LMH_20-066-031-C225_Jasper_RA,LBAP_HMID_LMH_20-066-031-C225_JASPER_RA,7
A32,LBAP_HMID_LMH_20-066-036-C242_JeffersonCounty_RA,LBAP_HMID_LMH_20-066-036-C242_JEFFERSONCOUNTY_RA,2
A32,LBAP_HMID_LMH_20-066-039-C258_Orange_DPA,LBAP_HMID_LMH_20-066-039-C258_ORANGE_DPA,5
A32,LBAP_HMID_LMH_20-066-039-C258_Orange_RA,LBAP_HMID_LMH_20-066-039-C258_ORANGE_RA,5
A32,LBAP_HMID_LMH_20-066-041-C266_HardinCounty_RA,LBAP_HMID_LMH_20-066-041-C266_HARDINCOUNTY_RA,2
A32,LBAP_HMID_LMH_20-066-043-C300_JasperCounty_RA,LBAP_HMID_LMH_20-066-043-C300_JASPERCOUNTY_RA,3
A32,LBAP_HMID_LMH_20-066-044-C314_Beaumont_RA,LBAP_HMID_LMH_20-066-044-C314_BEAUMONT_RA,2
A32,LBAP_HMID_LMH_20-066-045-C444_Friendswood_RA,LBAP_HMID_LMH_20-066-045-C444_FRIENDSWOOD_RA,4
A32,LBAP_HMID_LMH_20-066-046-C455_GalvestonCounty_RA,LBAP_HMID_LMH_20-066-046-C455_GALVESTONCOUNTY_RA,2
A32,LBAP_HMID_LMH_20-066-048-C526_OrangeCounty_DPA,LBAP_HMID_LMH_20-066-048-C526_ORANGECOUNTY_DPA,3
A32,LBAP_HMID_LMH_20-066-048-C526_OrangeCounty_RA,LBAP_HMID_LMH_20-066-048-C526_ORANGECOUNTY_RA,6
A32,LBAP_HMID_LMI_20-066-035-C237_PineForest,LBAP_HMID_LMI_20-066-035-C237_PINEFOREST,5
A32,LBAP_HMID_LMI_20-066-038-C251_RoseHill,LBAP_HMID_LMI_20-066-038-C251_ROSEHILL,11
A32,LBAP_HMID_LMI_20-066-040-C259_Dickinson,LBAP_HMID_LMI_20-066-040-C259_DICKINSON,3
A32,LBAP_HMID_LMI_20-066-046-C455_GalvestonCounty_ACQ,LBAP_HMID_LMI_20-066-046-C455_GALVESTONCOUNTY_ACQ,2
A32,LBAP_HMID_LMI_GranteeSupport[H5b]_ACQ,LBAP_HMID_LMI_GRANTEESUPPORT[H5B]_ACQ,7
A32,LBAP_HMID_LMI_GranteeSupport[H5b]_ACQ_B,LBAP_HMID_LMI_GRANTEESUPPORT[H5B]_ACQ_B,8
A32,LBAP_HMID_LMI_GranteeSupport[H5b]_HA,LBAP_HMID_LMI_GRANTEESUPPORT[H5B]_HA,8
A32,LBAP_HMID_LMI_GranteeSupport[H5b]_HI,LBAP_HMID_LMI_GRANTEESUPPORT[H5B]_HI,7
A32,LBAP_HMID_LMI_GranteeSupport[H5b]_RA,LBAP_HMID_LMI_GRANTEESUPPORT[H5B]_RA,7
A32,LBAP_HMID_UN_20-066-001-B956_MontgomeryCounty,LBAP_HMID_UN_20-066-001-B956_MONTGOMERYCOUNTY,6
A32,LBAP_HMID_UN_20-066-001-B956_MontgomeryCounty_HI,LBAP_HMID_UN_20-066-001-B956_MONTGOMERYCOUNTY_HI,3
A32,LBAP_HMID_UN_20-066-004-C033_VictoriaCounty,LBAP_HMID_UN_20-066-004-C033_VICTORIACOUNTY,6
A32,LBAP_HMID_UN_20-066-005-C034_Wharton,LBAP_HMID_UN_20-066-005-C034_WHARTON,4
A32,LBAP_HMID_UN_20-066-006-C038_FortBendCounty,LBAP_HMID_UN_20-066-006-C038_FORTBENDCOUNTY,3
A32,LBAP_HMID_UN_20-066-006-C038_FortBendCounty_DPA,LBAP_HMID_UN_20-066-006-C038_FORTBENDCOUNTY_DPA,2
A32,LBAP_HMID_UN_20-066-006-C038_FortBendCounty_HI,LBAP_HMID_UN_20-066-006-C038_FORTBENDCOUNTY_HI,2
A32,LBAP_HMID_UN_20-066-006-C038_FortBendCounty_RA,LBAP_HMID_UN_20-066-006-C038_FORTBENDCOUNTY_RA,2
A32,LBAP_HMID_UN_20-066-007-C041_Victoria,LBAP_HMID_UN_20-066-007-C041_VICTORIA,12
A32,LBAP_HMID_UN_20-066-007-C041_Victoria_RA,LBAP_HMID_UN_20-066-007-C041_VICTORIA_RA,8
A32,LBAP_HMID_UN_20-066-008-C043_TexasCity,LBAP_HMID_UN_20-066-008-C043_TEXASCITY,10
A32,LBAP_HMID_UN_20-066-009-C052_WhartonCounty,LBAP_HMID_UN_20-066-009-C052_WHARTONCOUNTY,9
A32,LBAP_HMID_UN_20-066-010-C063_FayetteCounty,LBAP_HMID_UN_20-066-010-C063_FAYETTECOUNTY,15
A32,LBAP_HMID_UN_20-066-010-C063_FayetteCounty_HI-11022023163938,LBAP_HMID_UN_20-066-010-C063_FAYETTECOUNTY_HI,6
A32,LBAP_HMID_UN_20-066-010-C063_FayetteCounty_RA,LBAP_HMID_UN_20-066-010-C063_FAYETTECOUNTY_RA,4
A32,LBAP_HMID_UN_20-066-013-C095_LibertyCounty,LBAP_HMID_UN_20-066-013-C095_LIBERTYCOUNTY,11
A32,LBAP_HMID_UN_20-066-013-C095_LibertyCounty_RA,LBAP_HMID_UN_20-066-013-C095_LIBERTYCOUNTY_RA,7
A32,LBAP_HMID_UN_20-066-015-C108_NewtonCounty,LBAP_HMID_UN_20-066-015-C108_NEWTONCOUNTY,7
A32,LBAP_HMID_UN_20-066-017-C123_CorpusChristi,LBAP_HMID_UN_20-066-017-C123_CORPUSCHRISTI,3
A32,LBAP_HMID_UN_20-066-018-C125_PolkCounty,LBAP_HMID_UN_20-066-018-C125_POLKCOUNTY,13
A32,LBAP_HMID_UN_20-066-018-C125_PolkCounty_RA,LBAP_HMID_UN_20-066-018-C125_POLKCOUNTY_RA,2
A32,LBAP_HMID_UN_20-066-019-C134_Nome,LBAP_HMID_UN_20-066-019-C134_NOME,1
A32,LBAP_HMID_UN_20-066-020-C135_SanJacintoCounty,LBAP_HMID_UN_20-066-020-C135_SANJACINTOCOUNTY,16
A32,LBAP_HMID_UN_20-066-020-C135_SanJacintoCounty_RA,LBAP_HMID_UN_20-066-020-C135_SANJACINTOCOUNTY_RA,3
A32,LBAP_HMID_UN_20-066-021-C137_SourLake,LBAP_HMID_UN_20-066-021-C137_SOURLAKE,4
A32,LBAP_HMID_UN_20-066-023-C168_Vidor,LBAP_HMID_UN_20-066-023-C168_VIDOR,6
A32,LBAP_HMID_UN_20-066-023-C168_Vidor_DPA,LBAP_HMID_UN_20-066-023-C168_VIDOR_DPA,4
A32,LBAP_HMID_UN_20-066-023-C168_Vidor_HI,LBAP_HMID_UN_20-066-023-C168_VIDOR_HI,4
A32,LBAP_HMID_UN_20-066-023-C168_Vidor_RA,LBAP_HMID_UN_20-066-023-C168_VIDOR_RA,4
A32,LBAP_HMID_UN_20-066-024-C178_Silsbee,LBAP_HMID_UN_20-066-024-C178_SILSBEE,10
A32,LBAP_HMID_UN_20-066-030-C224_Ingleside,LBAP_HMID_UN_20-066-030-C224_INGLESIDE,8
A32,LBAP_HMID_UN_20-066-031-C225_Jasper,LBAP_HMID_UN_20-066-031-C225_JASPER,9
A32,LBAP_HMID_UN_20-066-036-C242_JeffersonCounty,LBAP_HMID_UN_20-066-036-C242_JEFFERSONCOUNTY,7
A32,LBAP_HMID_UN_20-066-036-C242_JeffersonCounty_HI,LBAP_HMID_UN_20-066-036-C242_JEFFERSONCOUNTY_HI,2
A32,LBAP_HMID_UN_20-066-036-C242_JeffersonCounty_RA,LBAP_HMID_UN_20-066-036-C242_JEFFERSONCOUNTY_RA,2
A32,LBAP_HMID_UN_20-066-038-C251_RoseHill,LBAP_HMID_UN_20-066-038-C251_ROSEHILL,10
A32,LBAP_HMID_UN_20-066-039-C258_Orange,LBAP_HMID_UN_20-066-039-C258_ORANGE,9
A32,LBAP_HMID_UN_20-066-039-C258_Orange_DPA,LBAP_HMID_UN_20-066-039-C258_ORANGE_DPA,5
A32,LBAP_HMID_UN_20-066-039-C258_Orange_RA,LBAP_HMID_UN_20-066-039-C258_ORANGE_RA,5
A32,LBAP_HMID_UN_20-066-040-C259_Dickinson,LBAP_HMID_UN_20-066-040-C259_DICKINSON,3
A32,LBAP_HMID_UN_20-066-041-C266_HardinCounty,LBAP_HMID_UN_20-066-041-C266_HARDINCOUNTY,4
A32,LBAP_HMID_UN_20-066-043-C300_JasperCounty,LBAP_HMID_UN_20-066-043-C300_JASPERCOUNTY,7
A32,LBAP_HMID_UN_20-066-044-C314_Beaumont,LBAP_HMID_UN_20-066-044-C314_BEAUMONT,8
A32,LBAP_HMID_UN_20-066-044-C314_Beaumont_HI,LBAP_HMID_UN_20-066-044-C314_BEAUMONT_HI,6
A32,LBAP_HMID_UN_20-066-044-C314_Beaumont_RA,LBAP_HMID_UN_20-066-044-C314_BEAUMONT_RA,1
A32,LBAP_HMID_UN_20-066-045-C444_Friendswood,LBAP_HMID_UN_20-066-045-C444_FRIENDSWOOD,11
A32,LBAP_HMID_UN_20-066-045-C444_Friendswood_HI,LBAP_HMID_UN_20-066-045-C444_FRIENDSWOOD_HI,2
A32,LBAP_HMID_UN_20-066-045-C444_Friendswood_RA,LBAP_HMID_UN_20-066-045-C444_FRIENDSWOOD_RA,7
A32,LBAP_HMID_UN_20-066-046-C455_GalvestonCounty_ACQ,LBAP_HMID_UN_20-066-046-C455_GALVESTONCOUNTY_ACQ,8
A32,LBAP_HMID_UN_20-066-046-C455_GalvestonCounty_HI,LBAP_HMID_UN_20-066-046-C455_GALVESTONCOUNTY_HI,1
A32,LBAP_HMID_UN_20-066-046-C455_GalvestonCounty_RA,LBAP_HMID_UN_20-066-046-C455_GALVESTONCOUNTY_RA,4
A32,LBAP_HMID_UN_20-066-048-C526_OrangeCounty,LBAP_HMID_UN_20-066-048-C526_ORANGECOUNTY,13
A32,LBAP_HMID_UN_20-066-048-C526_OrangeCounty_HI,LBAP_HMID_UN_20-066-048-C526_ORANGECOUNTY_HI,6
A32,LBAP_HMID_UN_20-066-048-C526_OrangeCounty_RA,LBAP_HMID_UN_20-066-048-C526_ORANGECOUNTY_RA,6
A32,LBAP_HMID_UN_20-066-049-C772_LeagueCity,LBAP_HMID_UN_20-066-049-C772_LEAGUECITY,4
A32,LBAP_HMID_UN_GranteeSupport[H5b]_ACQ,LBAP_HMID_UN_GRANTEESUPPORT[H5B]_ACQ,7
A32,LBAP_HMID_UN_GranteeSupport[H5b]_ACQ_B,LBAP_HMID_UN_GRANTEESUPPORT[H5B]_ACQ_B,7
A32,LBAP_HMID_UN_GranteeSupport[H5b]_HA,LBAP_HMID_UN_GRANTEESUPPORT[H5B]_HA,6
A32,LBAP_HMID_UN_GranteeSupport[H5b]_HI,LBAP_HMID_UN_GRANTEESUPPORT[H5B]_HI,7
A32,LBAP_HMID_UN_GranteeSupport[H5b]_RA,LBAP_HMID_UN_GRANTEESUPPORT[H5B]_RA,7
A32,LBAP_SMID_LMA_20-066-033-C229_GonzalesCounty,LBAP_SMID_LMA_20-066-033-C229_GONZALESCOUNTY,7
A32,LBAP_SMID_LMB_20-066-002-B957_AustinCounty,LBAP_SMID_LMB_20-066-002-B957_AUSTINCOUNTY,16
A32,LBAP_SMID_LMB_20-066-003-B966_GrimesCounty,LBAP_SMID_LMB_20-066-003-B966_GRIMESCOUNTY,10
A32,LBAP_SMID_LMB_20-066-011-C074_WallerCounty,LBAP_SMID_LMB_20-066-011-C074_WALLERCOUNTY,11
A32,LBAP_SMID_LMB_20-066-012-C094_CaldwellCounty,LBAP_SMID_LMB_20-066-012-C094_CALDWELLCOUNTY,8
A32,LBAP_SMID_LMB_20-066-014-C106_LeeCounty,LBAP_SMID_LMB_20-066-014-C106_LEECOUNTY,3
A32,LBAP_SMID_LMB_20-066-016-C112_TylerCounty,LBAP_SMID_LMB_20-066-016-C112_TYLERCOUNTY,8
A32,LBAP_SMID_LMB_20-066-026-C215_MilamCounty,LBAP_SMID_LMB_20-066-026-C215_MILAMCOUNTY,6
A32,LBAP_SMID_LMB_20-066-027-C220_GoliadCounty,LBAP_SMID_LMB_20-066-027-C220_GOLIADCOUNTY,6
A32,LBAP_SMID_LMB_20-066-028-C222_BastropCounty,LBAP_SMID_LMB_20-066-028-C222_BASTROPCOUNTY,11
A32,LBAP_SMID_LMB_20-066-032-C226_KarnesCounty,LBAP_SMID_LMB_20-066-032-C226_KARNESCOUNTY,6
A32,LBAP_SMID_LMHI_20-066-011-C074_WallerCounty,LBAP_SMID_LMHI_20-066-011-C074_WALLERCOUNTY,5
A32,LBAP_SMID_LMHI_20-066-016-C112_TylerCounty,LBAP_SMID_LMHI_20-066-016-C112_TYLERCOUNTY,2
A32,LBAP_SMID_LMH_20-066-002-B957_AustinCounty_RA,LBAP_SMID_LMH_20-066-002-B957_AUSTINCOUNTY_RA,5
A32,LBAP_SMID_LMH_20-066-003-B966_GrimesCounty_DPA,LBAP_SMID_LMH_20-066-003-B966_GRIMESCOUNTY_DPA,4
A32,LBAP_SMID_LMH_20-066-003-B966_GrimesCounty_RA,LBAP_SMID_LMH_20-066-003-B966_GRIMESCOUNTY_RA,6
A32,LBAP_SMID_LMH_20-066-011-C074_WallerCounty_RA,LBAP_SMID_LMH_20-066-011-C074_WALLERCOUNTY_RA,3
A32,LBAP_SMID_LMH_20-066-016-C112_TylerCounty_DPA,LBAP_SMID_LMH_20-066-016-C112_TYLERCOUNTY_DPA,1
A32,LBAP_SMID_LMH_20-066-016-C112_TylerCounty_RA,LBAP_SMID_LMH_20-066-016-C112_TYLERCOUNTY_RA,2
A32,LBAP_SMID_LMH_20-066-028-C222_BastropCounty_RA,LBAP_SMID_LMH_20-066-028-C222_BASTROPCOUNTY_RA,8
A32,LBAP_SMID_LMI_GranteeSupport[H5b]_ACQ_B,LBAP_SMID_LMI_GRANTEESUPPORT[H5B]_ACQ_B,7
A32,LBAP_SMID_LMI_GranteeSupport[H5b]_HI,LBAP_SMID_LMI_GRANTEESUPPORT[H5B]_HI,7
A32,LBAP_SMID_LMI_GranteeSupport[H5b]_RA,LBAP_SMID_LMI_GRANTEESUPPORT[H5B]_RA,7
A32,LBAP_SMID_UN_20-066-002-B957_AustinCounty,LBAP_SMID_UN_20-066-002-B957_AUSTINCOUNTY,16
A32,LBAP_SMID_UN_20-066-002-B957_AustinCounty_RA,LBAP_SMID_UN_20-066-002-B957_AUSTINCOUNTY_RA,4
A32,LBAP_SMID_UN_20-066-011-C074_WallerCounty,LBAP_SMID_UN_20-066-011-C074_WALLERCOUNTY,12
A32,LBAP_SMID_UN_20-066-011-C074_WallerCounty_RA,LBAP_SMID_UN_20-066-011-C074_WALLERCOUNTY_RA,6
A32,LBAP_SMID_UN_20-066-016-C112_TylerCounty,LBAP_SMID_UN_20-066-016-C112_TYLERCOUNTY,3
A32,LBAP_SMID_UN_20-066-026-C215_MilamCounty,LBAP_SMID_UN_20-066-026-C215_MILAMCOUNTY,7
A32,LBAP_SMID_UN_20-066-027-C220_GoliadCounty,LBAP_SMID_UN_20-066-027-C220_GOLIADCOUNTY,6
A32,LBAP_SMID_UN_20-066-028-C222_BastropCounty,LBAP_SMID_UN_20-066-028-C222_BASTROPCOUNTY,8
A32,LBAP_SMID_UN_20-066-032-C226_KarnesCounty,LBAP_SMID_UN_20-066-032-C226_KARNESCOUNTY,6
A32,LBAP_SMID_UN_20-066-033-C229_GonzalesCounty,LBAP_SMID_UN_20-066-033-C229_GONZALESCOUNTY,6
A32,LBAP_SMID_UN_GranteeSupport[H5b]_ACQ_B,LBAP_SMID_UN_GRANTEESUPPORT[H5B]_ACQ_B,7
A32,LBAP_SMID_UN_GranteeSupport[H5b]_RA,LBAP_SMID_UN_GRANTEESUPPORT[H5B]_RA,7
A32,PLANNING,PLANNING,31
A32,PREPS_HMID_UN,PREPS_HMID_UN,10
A32,PREPS_SMID_UN,PREPS_SMID_UN,10
A32,Planning[H5b]_20-152-000-C177_TexasA&MUniversity,PLANNING[H5B]_20-152-000-C177_TEXASA&MUNIVERSITY,3
A32,Planning[H5b]_20-165-000-C238_TexasA&MUniversity,PLANNING[H5B]_20-165-000-C238_TEXASA&MUNIVERSITY,2
A32,Planning[H5b]_21-127-000-C778_TWDB,PLANNING[H5B]_21-127-000-C778_TWDB,2
A32,Planning[H5b]_21-245-000-D081_TexasA&MUniversity,PLANNING[H5B]_21-245-000-D081_TEXASA&MUNIVERSITY,2
A32,Planning[H5b]_21-245-000-D082_TexasA&MUniversity,PLANNING[H5B]_21-245-000-D082_TEXASA&MUNIVERSITY,2
A32,Planning[H5b]_22-093-000-D262_TexasA&MUniversity,PLANNING[H5B]_22-093-000-D262_TEXASA&MUNIVERSITY,3
B17_F31,19-097-004_00_Multi-LMI_DanielREInvestmentGroupLLC-091320191,19-097-004_00_MULTI-LMI_DANIELREINVESTMENTGROUPLLC,2
B17_F31,19-097-005_MI_Multi-LMI_Sierra Housing-09132019161726,19-097-005_MI_MULTI-LMI_SIERRA HOUSING,2
B17_F31,19-097-006_MI_Multi-LMI_Refugio Elderly Housing-091320191618,19-097-006_MI_MULTI-LMI_REFUGIO ELDERLY HOUSING,2
B17_F31,19-097-007_MI_Multi-LMI_Rockport Retirement-09132019161936,19-097-007_MI_MULTI-LMI_ROCKPORT RETIREMENT,2
B17_F31,19-097-008_MI_Multi-LMI_HVM Aransas Pass-09132019162046,19-097-008_MI_MULTI-LMI_HVM ARANSAS PASS,2
B17_F31,19-097-009_MI_Multi-LMI_Sinton Retirement-09132019162643,19-097-009_MI_MULTI-LMI_SINTON RETIREMENT,2
B17_F31,19-097-010_MI_Multi-LMI_HVM Aransas Pass I-09132019162726,19-097-010_MI_MULTI-LMI_HVM ARANSAS PASS I,2
B17_F31,19-097-016_SI_Multi-LMI_American Academy of Crisis-091320191,19-097-016_SI_MULTI-LMI_AMERICAN ACADEMY OF CRISIS,2
B17_F31,19-097-029_MI_Multi-LMI_HVM GLO Angleton SRS-09132019162824,19-097-029_MI_MULTI-LMI_HVM GLO ANGLETON SRS,2
B17_F31,19-097-030_MI_Multi-LMI_BAH Willow Creek Manor-0918201912584,19-097-030_MI_MULTI-LMI_BAH WILLOW CREEK MANOR,2
B17_F31,19-097-031_MI_Multi-LMI_Bay City BB Housing LLC-091320191629,19-097-031_MI_MULTI-LMI_BAY CITY BB HOUSING LLC,2
B17_F31,19-097-032_MI_Multi-LMI_El Campo Retirement-09132019163103,19-097-032_MI_MULTI-LMI_EL CAMPO RETIREMENT,2
B17_F31,19-097-037_MI_Multi-LMI_ChapelCreekInvestmentsLLC-0913201916,19-097-037_MI_MULTI-LMI_CHAPELCREEKINVESTMENTSLLC,2
B17_F31,19-097-038_MI_Multi-LMI_Senior Citizens y-House-091820191254,19-097-038_MI_MULTI-LMI_SENIOR CITIZENS Y-HOUSE,2
B17_F31,19-097-039_MI_Multi-LMI_PortArthurHousingAuthority-091320191,19-097-039_MI_MULTI-LMI_PORTARTHURHOUSINGAUTHORITY,2
B17_F31,19-097-040_MI_Multi-LMI_Port Arthur-09132019164034,19-097-040_MI_MULTI-LMI_PORT ARTHUR,2
B17_F31,19-097-042_MI_Multi-LMI_Myra Sue Winn-09182019125507,19-097-042_MI_MULTI-LMI_MYRA SUE WINN,2
B17_F31,ADMINISTRATION,ADMINISTRATION,31
B17_F31,ADMIN[INF PD HOLDING],ADMIN[INF PD HOLDING],25
B17_F31,ADMIN[LBAP PD HOLDING],ADMIN[LBAP PD HOLDING],24
B17_F31,ARP_HMID_LMI,ARP_HMID_LMI,28
B17_F31,ARP_SMID_LMI,ARP_SMID_LMI,23
B17_F31,DELETED-PH_CBCOG-09122019162547,DELETED-PH_CBCOG,2
B17_F31,DRRP[H5b]_HMID_LMH_25-142-001-F191_GalvestonHA_MF,DRRP[H5B]_HMID_LMH_25-142-001-F191_GALVESTONHA_MF,1
B17_F31,DRRP[H5b]_HMID_LMH_25-142-002-F206_HarrisCoHA_MF,DRRP[H5B]_HMID_LMH_25-142-002-F206_HARRISCOHA_MF,1
B17_F31,DRRP[H5b]_HMID_LMH_25-142-003-F207_PAHA_MF,DRRP[H5B]_HMID_LMH_25-142-003-F207_PAHA_MF,1
B17_F31,DRRP[H5b]_HMID_LMH_25-142-004-F208_PAHA_MF,DRRP[H5B]_HMID_LMH_25-142-004-F208_PAHA_MF,1
B17_F31,DRRP[H5b]_HMID_LMH_25-142-005-F209_PAHA_MF,DRRP[H5B]_HMID_LMH_25-142-005-F209_PAHA_MF,1
B17_F31,DRRP[H5b]_HMID_LMI_25-143-001-F192_Ames_SI,DRRP[H5B]_HMID_LMI_25-143-001-F192_AMES_SI,3
B17_F31,DRRP[H5b]_HMID_LMI_25-143-002-F338_Ames_F&D,DRRP[H5B]_HMID_LMI_25-143-002-F338_AMES_F&D,3
B17_F31,DRRP[H5b]_HMID_LMI_25-143-003-F339_Baytown_F&D,DRRP[H5B]_HMID_LMI_25-143-003-F339_BAYTOWN_F&D,1
B17_F31,DRRP[H5b]_HMID_LMI_25-143-004-F340_Baytown_SI,DRRP[H5B]_HMID_LMI_25-143-004-F340_BAYTOWN_SI,1
B17_F31,DRRP[H5b]_HMID_LMI_25-143-005-F341_Cleveland_SF,DRRP[H5B]_HMID_LMI_25-143-005-F341_CLEVELAND_SF,2
B17_F31,DRRP[H5b]_HMID_LMI_25-143-006-F342_Cleveland_WF,DRRP[H5B]_HMID_LMI_25-143-006-F342_CLEVELAND_WF,2
B17_F31,DRRP[H5b]_HMID_LMI_25-143-007-F343_Cleveland_F&D,DRRP[H5B]_HMID_LMI_25-143-007-F343_CLEVELAND_F&D,2
B17_F31,DRRP[H5b]_HMID_LMI_25-143-008-F344_Dayton_SI,DRRP[H5B]_HMID_LMI_25-143-008-F344_DAYTON_SI,2
B17_F31,DRRP[H5b]_HMID_LMI_25-143-009-F345_Dayton_SI,DRRP[H5B]_HMID_LMI_25-143-009-F345_DAYTON_SI,2
B17_F31,DRRP[H5b]_HMID_LMI_25-143-010-F346_Jasper_SF,DRRP[H5B]_HMID_LMI_25-143-010-F346_JASPER_SF,2
B17_F31,DRRP[H5b]_HMID_LMI_25-143-011-F347_Jasper_WF,DRRP[H5B]_HMID_LMI_25-143-011-F347_JASPER_WF,2
B17_F31,DRRP[H5b]_HMID_LMI_25-143-012-F348_Kirbyville_SF,DRRP[H5B]_HMID_LMI_25-143-012-F348_KIRBYVILLE_SF,1
B17_F31,DRRP[H5b]_HMID_LMI_25-143-013-F349_Kirbyville_SF,DRRP[H5B]_HMID_LMI_25-143-013-F349_KIRBYVILLE_SF,2
B17_F31,DRRP[H5b]_HMID_LMI_25-143-014-F350_Pasadena_SF,DRRP[H5B]_HMID_LMI_25-143-014-F350_PASADENA_SF,1
B17_F31,DRRP[H5b]_HMID_LMI_25-143-015-F351_Pasadena_SI,DRRP[H5B]_HMID_LMI_25-143-015-F351_PASADENA_SI,1
B17_F31,DRRP[H5b]_HMID_LMI_25-143-016-F352_Pasadena_SI,DRRP[H5B]_HMID_LMI_25-143-016-F352_PASADENA_SI,1
B17_F31,DRRP_HMID_LMI_GranteeSupport[H5b]_F&D,DRRP_HMID_LMI_GRANTEESUPPORT[H5B]_F&D,1
B17_F31,DRRP_HMID_LMI_GranteeSupport[H5b]_MFH,DRRP_HMID_LMI_GRANTEESUPPORT[H5B]_MFH,1
B17_F31,DRRP_HMID_LMI_GranteeSupport[H5b]_SI,DRRP_HMID_LMI_GRANTEESUPPORT[H5B]_SI,1
B17_F31,DRRP_HMID_LMI_GranteeSupport[H5b]_WSF,DRRP_HMID_LMI_GRANTEESUPPORT[H5B]_WSF,1
B17_F31,ERP_HMID_LMI,ERP_HMID_LMI,24
B17_F31,ERP_SMID_LMI,ERP_SMID_LMI,24
B17_F31,HAP[AACOG]_SMID_LMI,HAP[AACOG]_SMID_LMI,26
B17_F31,HAP[AACOG]_SMID_UN,HAP[AACOG]_SMID_UN,19
B17_F31,HAP[BVCOG]_SMID_LMI,HAP[BVCOG]_SMID_LMI,27
B17_F31,HAP[BVCOG]_SMID_UN,HAP[BVCOG]_SMID_UN,20
B17_F31,HAP[CAPCOG]_HMID_LMI,HAP[CAPCOG]_HMID_LMI,27
B17_F31,HAP[CAPCOG]_HMID_UN-02182022160330,HAP[CAPCOG]_HMID_UN,8
B17_F31,HAP[CAPCOG]_SMID_LMI,HAP[CAPCOG]_SMID_LMI,28
B17_F31,HAP[CAPCOG]_SMID_UN,HAP[CAPCOG]_SMID_UN,19
B17_F31,HAP[CBCOG]_HMID_LMI,HAP[CBCOG]_HMID_LMI,28
B17_F31,HAP[CBCOG]_HMID_UN,HAP[CBCOG]_HMID_UN,28
B17_F31,HAP[CBCOG]_SMID_LMI,HAP[CBCOG]_SMID_LMI,28
B17_F31,HAP[CBCOG]_SMID_UN,HAP[CBCOG]_SMID_UN,27
B17_F31,HAP[CTCOG]_SMID_LMI-12102021094836,HAP[CTCOG]_SMID_LMI,6
B17_F31,HAP[DETCOG]_HMID_LMI,HAP[DETCOG]_HMID_LMI,28
B17_F31,HAP[DETCOG]_HMID_UN,HAP[DETCOG]_HMID_UN,28
B17_F31,HAP[DETCOG]_SMID_LMI,HAP[DETCOG]_SMID_LMI,27
B17_F31,HAP[DETCOG]_SMID_UN,HAP[DETCOG]_SMID_UN,27
B17_F31,HAP[GCRPC]_HMID_LMI,HAP[GCRPC]_HMID_LMI,28
B17_F31,HAP[GCRPC]_HMID_UN,HAP[GCRPC]_HMID_UN,28
B17_F31,HAP[GCRPC]_SMID_LMI,HAP[GCRPC]_SMID_LMI,28
B17_F31,HAP[GCRPC]_SMID_UN,HAP[GCRPC]_SMID_UN,28
B17_F31,HAP[HGAC]_HMID_LMI,HAP[HGAC]_HMID_LMI,28
B17_F31,HAP[HGAC]_HMID_UN,HAP[HGAC]_HMID_UN,28
B17_F31,HAP[HGAC]_SMID_LMI,HAP[HGAC]_SMID_LMI,27
B17_F31,HAP[HGAC]_SMID_UN,HAP[HGAC]_SMID_UN,27
B17_F31,HAP[Harris]_HMID_LMI,HAP[HARRIS]_HMID_LMI,20
B17_F31,HAP[Harris]_HMID_UN,HAP[HARRIS]_HMID_UN,21
B17_F31,HAP[Houston]_HMID_LMI,HAP[HOUSTON]_HMID_LMI,20
B17_F31,HAP[Houston]_HMID_UN,HAP[HOUSTON]_HMID_UN,20
B17_F31,HAP[SETRPC]_HMID_LMI,HAP[SETRPC]_HMID_LMI,28
B17_F31,HAP[SETRPC]_HMID_UN,HAP[SETRPC]_HMID_UN,28
B17_F31,HCADMIN_DA_NA_19-147-002-B490,HCADMIN_DA_NA_19-147-002-B490,21
B17_F31,HCARP_DA_LMI_19-147-002-B490,HCARP_DA_LMI_19-147-002-B490,21
B17_F31,HCARP_DA_LMI_19-147-002-B490_PS,HCARP_DA_LMI_19-147-002-B490_PS,14
B17_F31,HCAcqG_DA_LMI_19-147-002-B490-09162021104152,HCACQG_DA_LMI_19-147-002-B490,2
B17_F31,HCAcqG_DA_UN_19-147-002-B490-09162021104345,HCACQG_DA_UN_19-147-002-B490,2
B17_F31,HCBP_DA_LMHI_19-147-002-B490_HI,HCBP_DA_LMHI_19-147-002-B490_HI,14
B17_F31,HCBP_DA_LMH_19-147-002-B490_HA,HCBP_DA_LMH_19-147-002-B490_HA,8
B17_F31,HCBP_DA_LMI_19-147-002-B490_ACQ,HCBP_DA_LMI_19-147-002-B490_ACQ,22
B17_F31,HCBP_DA_LMI_19-147-002-B490_RA,HCBP_DA_LMI_19-147-002-B490_RA,14
B17_F31,HCBP_DA_UN_19-147-002-B490_ACQ-12032021094158,HCBP_DA_UN_19-147-002-B490_ACQ,5
B17_F31,HCBP_DA_UN_19-147-002-B490_HI,HCBP_DA_UN_19-147-002-B490_HI,6
B17_F31,HCComBP_DA_LMI_19-147-002-B490_ACQ,HCCOMBP_DA_LMI_19-147-002-B490_ACQ,17
B17_F31,HCComBP_DA_LMI_19-147-002-B490_RA,HCCOMBP_DA_LMI_19-147-002-B490_RA,14
B17_F31,HCCompApp_DA_LMI_19-147-002-B490_F&D,HCCOMPAPP_DA_LMI_19-147-002-B490_F&D,20
B17_F31,HCCompApp_DA_LMI_19-147-002-B490_PF,HCCOMPAPP_DA_LMI_19-147-002-B490_PF,19
B17_F31,HCCompApp_DA_LMI_19-147-002-B490_PS,HCCOMPAPP_DA_LMI_19-147-002-B490_PS,23
B17_F31,HCCompApp_DA_LMI_19-147-002-B490_SF,HCCOMPAPP_DA_LMI_19-147-002-B490_SF,19
B17_F31,HCCompApp_DA_UN_19-147-002-B490_F&D,HCCOMPAPP_DA_UN_19-147-002-B490_F&D,18
B17_F31,HCHAP_DA_LMI_19-147-002-B490,HCHAP_DA_LMI_19-147-002-B490,25
B17_F31,HCHAP_DA_LMI_19-147-002-B490_PS,HCHAP_DA_LMI_19-147-002-B490_PS,15
B17_F31,HCHAP_DA_UN_19-147-002-B490,HCHAP_DA_UN_19-147-002-B490,25
B17_F31,HCHAP_DA_UN_19-147-002-B490_PS,HCHAP_DA_UN_19-147-002-B490_PS,12
B17_F31,HCHRP_DA_LMI_19-147-002-B490,HCHRP_DA_LMI_19-147-002-B490,25
B17_F31,HCHRP_DA_UN_19-147-002-B490,HCHRP_DA_UN_19-147-002-B490,23
B17_F31,HCMOD_DA_LMI_19-147-002-B490_F&D,HCMOD_DA_LMI_19-147-002-B490_F&D,23
B17_F31,HCMOD_DA_LMI_19-147-002-B490_PF,HCMOD_DA_LMI_19-147-002-B490_PF,18
B17_F31,HCMOD_DA_LMI_19-147-002-B490_SF,HCMOD_DA_LMI_19-147-002-B490_SF,23
B17_F31,HCMOD_DA_UN_19-147-002-B490_F&D,HCMOD_DA_UN_19-147-002-B490_F&D,20
B17_F31,HCMOD_DA_UN_19-147-002-B490_PF,HCMOD_DA_UN_19-147-002-B490_PF,21
B17_F31,HCPLAN_DA_NA_19-147-002-B490,HCPLAN_DA_NA_19-147-002-B490,25
B17_F31,HCPS_DA_LMA_19-147-002-B490,HCPS_DA_LMA_19-147-002-B490,9
B17_F31,HCPS_DA_LMI_19-147-002-B490,HCPS_DA_LMI_19-147-002-B490,15
B17_F31,HCSFNC_DA_LMI_19-147-002-B490,HCSFNC_DA_LMI_19-147-002-B490,24
B17_F31,HC_ProgramIncomeTransfer,HC_PROGRAMINCOMETRANSFER,1
B17_F31,HRP_HMID_LMI,HRP_HMID_LMI,15
B17_F31,HRP_HMID_UN,HRP_HMID_UN,15
B17_F31,HRP_SMID_LMI,HRP_SMID_LMI,14
B17_F31,HRP_SMID_UN,HRP_SMID_UN,14
B17_F31,HouADMIN_DA_NA_21-134-000-C788,HOUADMIN_DA_NA_21-134-000-C788,21
B17_F31,HouBP_DA_LMI_21-134-000-C788_ACQ,HOUBP_DA_LMI_21-134-000-C788_ACQ,21
B17_F31,HouBP_DA_LMI_21-134-000-C788_RA,HOUBP_DA_LMI_21-134-000-C788_RA,13
B17_F31,HouBP_DA_UN_19-147-001-B489-08122021093854,HOUBP_DA_UN_19-147-001-B489,2
B17_F31,HouERP_DA_LMI_21-134-000-C788,HOUERP_DA_LMI_21-134-000-C788,19
B17_F31,HouHBAP-2_DA_LMI_21-134-000-C788,HOUHBAP-2_DA_LMI_21-134-000-C788,3
B17_F31,HouHBAP-2_DA_UN_21-134-000-C788,HOUHBAP-2_DA_UN_21-134-000-C788,3
B17_F31,HouHBAP_DA_LMI_21-134-000-C788,HOUHBAP_DA_LMI_21-134-000-C788,26
B17_F31,HouHBAP_DA_UN_21-134-000-C788,HOUHBAP_DA_UN_21-134-000-C788,26
B17_F31,HouHoAP[AcqG]_DA_LMI_19-147-001-B489-08122021094037,HOUHOAP[ACQG]_DA_LMI_19-147-001-B489,4
B17_F31,HouHoAP[CM]_DA_LMI_21-134-000-C788,HOUHOAP[CM]_DA_LMI_21-134-000-C788,24
B17_F31,HouHoAP[CM]_DA_UN_21-134-000-C788,HOUHOAP[CM]_DA_UN_21-134-000-C788,20
B17_F31,HouHoAP[HM]_DA_LMI_19-147-001-B489-08122021094814,HOUHOAP[HM]_DA_LMI_19-147-001-B489,4
B17_F31,HouHoAP[HM]_DA_UN_19-147-001-B489-08122021094913,HOUHOAP[HM]_DA_UN_19-147-001-B489,4
B17_F31,HouHoAP[IMAO]_DA_LMI_19-147-001-B489-08122021095026,HOUHOAP[IMAO]_DA_LMI_19-147-001-B489,4
B17_F31,HouHoAP[IMAO]_DA_UN_19-147-001-B489-08122021095131,HOUHOAP[IMAO]_DA_UN_19-147-001-B489,4
B17_F31,HouHoAP[Reimb]_DA_LMI_21-134-000-C788,HOUHOAP[REIMB]_DA_LMI_21-134-000-C788,26
B17_F31,HouHoAP[Reimb]_DA_UN_21-134-000-C788,HOUHOAP[REIMB]_DA_UN_21-134-000-C788,26
B17_F31,HouMFRP_DA_LMI_21-134-000-C788,HOUMFRP_DA_LMI_21-134-000-C788,26
B17_F31,HouPLN_DA_NA_21-134-000-C788,HOUPLN_DA_NA_21-134-000-C788,21
B17_F31,HouPS_DA_LMI_21-134-000-C788,HOUPS_DA_LMI_21-134-000-C788,21
B17_F31,HouSFDP_DA_LMI_21-134-000-C788,HOUSFDP_DA_LMI_21-134-000-C788,24
B17_F31,HouSRP_DA_LMI_21-134-000-C788,HOUSRP_DA_LMI_21-134-000-C788,22
B17_F31,INF_HMID_LMB_20-065-136-C491_MontgomeryCounty_ACQ-05162024145542,INF_HMID_LMB_20-065-136-C491_MONTGOMERYCOUNTY_ACQ,5
B17_F31,INF_HMID_LMI_20-065-001-B947_Galveston,INF_HMID_LMI_20-065-001-B947_GALVESTON,5
B17_F31,INF_HMID_LMI_20-065-003-B965_Liberty,INF_HMID_LMI_20-065-003-B965_LIBERTY,5
B17_F31,INF_HMID_LMI_20-065-004-B995_Sinton,INF_HMID_LMI_20-065-004-B995_SINTON,12
B17_F31,INF_HMID_LMI_20-065-006-C004_GalvestonCounty,INF_HMID_LMI_20-065-006-C004_GALVESTONCOUNTY,12
B17_F31,INF_HMID_LMI_20-065-007-C010_ChambersCounty,INF_HMID_LMI_20-065-007-C010_CHAMBERSCOUNTY,9
B17_F31,INF_HMID_LMI_20-065-008-C011_IowaColony,INF_HMID_LMI_20-065-008-C011_IOWACOLONY,8
B17_F31,INF_HMID_LMI_20-065-009-C022_Cleveland_F&D,INF_HMID_LMI_20-065-009-C022_CLEVELAND_F&D,11
B17_F31,INF_HMID_LMI_20-065-009-C022_Cleveland_SF,INF_HMID_LMI_20-065-009-C022_CLEVELAND_SF,9
B17_F31,INF_HMID_LMI_20-065-010-C027_Conroe,INF_HMID_LMI_20-065-010-C027_CONROE,9
B17_F31,INF_HMID_LMI_20-065-013-C049_JasperCounty,INF_HMID_LMI_20-065-013-C049_JASPERCOUNTY,11
B17_F31,INF_HMID_LMI_20-065-014-C053_Shepherd,INF_HMID_LMI_20-065-014-C053_SHEPHERD,4
B17_F31,INF_HMID_LMI_20-065-017-C058_Anahuac,INF_HMID_LMI_20-065-017-C058_ANAHUAC,7
B17_F31,INF_HMID_LMI_20-065-018-C064_PolkCounty,INF_HMID_LMI_20-065-018-C064_POLKCOUNTY,9
B17_F31,INF_HMID_LMI_20-065-022-C079_EastBernard,INF_HMID_LMI_20-065-022-C079_EASTBERNARD,10
B17_F31,INF_HMID_LMI_20-065-024-C083_Angleton,INF_HMID_LMI_20-065-024-C083_ANGLETON,10
B17_F31,INF_HMID_LMI_20-065-025-C086_Mathis,INF_HMID_LMI_20-065-025-C086_MATHIS,10
B17_F31,INF_HMID_LMI_20-065-026-C093_SantaFe_F&D,INF_HMID_LMI_20-065-026-C093_SANTAFE_F&D,11
B17_F31,INF_HMID_LMI_20-065-026-C093_SantaFe_SI,INF_HMID_LMI_20-065-026-C093_SANTAFE_SI,16
B17_F31,INF_HMID_LMI_20-065-027-C092_Nome,INF_HMID_LMI_20-065-027-C092_NOME,8
B17_F31,INF_HMID_LMI_20-065-028-C091_FayetteCounty,INF_HMID_LMI_20-065-028-C091_FAYETTECOUNTY,14
B17_F31,INF_HMID_LMI_20-065-029-C096_Dickinson,INF_HMID_LMI_20-065-029-C096_DICKINSON,12
B17_F31,INF_HMID_LMI_20-065-030-C097_Columbus,INF_HMID_LMI_20-065-030-C097_COLUMBUS,11
B17_F31,INF_HMID_LMI_20-065-031-C101_Jasper,INF_HMID_LMI_20-065-031-C101_JASPER,8
B17_F31,INF_HMID_LMI_20-065-034-C113_Pinehurst_SF,INF_HMID_LMI_20-065-034-C113_PINEHURST_SF,13
B17_F31,INF_HMID_LMI_20-065-034-C113_Pinehurst_SI,INF_HMID_LMI_20-065-034-C113_PINEHURST_SI,12
B17_F31,INF_HMID_LMI_20-065-037-C118_Brookside,INF_HMID_LMI_20-065-037-C118_BROOKSIDE,15
B17_F31,INF_HMID_LMI_20-065-038-C119_Brookshire_F&D,INF_HMID_LMI_20-065-038-C119_BROOKSHIRE_F&D,16
B17_F31,INF_HMID_LMI_20-065-038-C119_Brookshire_SI,INF_HMID_LMI_20-065-038-C119_BROOKSHIRE_SI,13
B17_F31,INF_HMID_LMI_20-065-039-C120_Groves_SI,INF_HMID_LMI_20-065-039-C120_GROVES_SI,12
B17_F31,INF_HMID_LMI_20-065-040-C121_Woodloch,INF_HMID_LMI_20-065-040-C121_WOODLOCH,13
B17_F31,INF_HMID_LMI_20-065-042-C128_Hitchcock_F&D,INF_HMID_LMI_20-065-042-C128_HITCHCOCK_F&D,14
B17_F31,INF_HMID_LMI_20-065-042-C128_Hitchcock_SF,INF_HMID_LMI_20-065-042-C128_HITCHCOCK_SF,14
B17_F31,INF_HMID_LMI_20-065-043-C129_Liverpool,INF_HMID_LMI_20-065-043-C129_LIVERPOOL,13
B17_F31,INF_HMID_LMI_20-065-045-C131_HolidayLakes,INF_HMID_LMI_20-065-045-C131_HOLIDAYLAKES,11
B17_F31,INF_HMID_LMI_20-065-046-C138_Rosenberg,INF_HMID_LMI_20-065-046-C138_ROSENBERG,8
B17_F31,INF_HMID_LMI_20-065-048-C142_BayCity,INF_HMID_LMI_20-065-048-C142_BAYCITY,12
B17_F31,INF_HMID_LMI_20-065-049-C156_China,INF_HMID_LMI_20-065-049-C156_CHINA,5
B17_F31,INF_HMID_LMI_20-065-050-C158_Freeport,INF_HMID_LMI_20-065-050-C158_FREEPORT,8
B17_F31,INF_HMID_LMI_20-065-054-C164_Fulton_F&D,INF_HMID_LMI_20-065-054-C164_FULTON_F&D,15
B17_F31,INF_HMID_LMI_20-065-054-C164_Fulton_SI,INF_HMID_LMI_20-065-054-C164_FULTON_SI,9
B17_F31,INF_HMID_LMI_20-065-055-C165_Victoria,INF_HMID_LMI_20-065-055-C165_VICTORIA,13
B17_F31,INF_HMID_LMI_20-065-057-C169_Refugio_F&D,INF_HMID_LMI_20-065-057-C169_REFUGIO_F&D,15
B17_F31,INF_HMID_LMI_20-065-057-C169_Refugio_SF,INF_HMID_LMI_20-065-057-C169_REFUGIO_SF,15
B17_F31,INF_HMID_LMI_20-065-057-C169_Refugio_SI,INF_HMID_LMI_20-065-057-C169_REFUGIO_SI,15
B17_F31,INF_HMID_LMI_20-065-057-C169_Refugio_WF,INF_HMID_LMI_20-065-057-C169_REFUGIO_WF,14
B17_F31,INF_HMID_LMI_20-065-060-C175_Alvin_PF,INF_HMID_LMI_20-065-060-C175_ALVIN_PF,6
B17_F31,INF_HMID_LMI_20-065-060-C175_Alvin_SF,INF_HMID_LMI_20-065-060-C175_ALVIN_SF,12
B17_F31,INF_HMID_LMI_20-065-060-C175_Alvin_WF,INF_HMID_LMI_20-065-060-C175_ALVIN_WF,11
B17_F31,INF_HMID_LMI_20-065-061-C176_WestColumbia,INF_HMID_LMI_20-065-061-C176_WESTCOLUMBIA,7
B17_F31,INF_HMID_LMI_20-065-062-C180_WallerCounty,INF_HMID_LMI_20-065-062-C180_WALLERCOUNTY,15
B17_F31,INF_HMID_LMI_20-065-064-C182_CalhounCounty_F&D,INF_HMID_LMI_20-065-064-C182_CALHOUNCOUNTY_F&D,14
B17_F31,INF_HMID_LMI_20-065-064-C182_CalhounCounty_PF,INF_HMID_LMI_20-065-064-C182_CALHOUNCOUNTY_PF,18
B17_F31,INF_HMID_LMI_20-065-066-C192_Robstown,INF_HMID_LMI_20-065-066-C192_ROBSTOWN,3
B17_F31,INF_HMID_LMI_20-065-068-C194_Bayside,INF_HMID_LMI_20-065-068-C194_BAYSIDE,11
B17_F31,INF_HMID_LMI_20-065-069-C195_Lumberton,INF_HMID_LMI_20-065-069-C195_LUMBERTON,14
B17_F31,INF_HMID_LMI_20-065-070-C196_Woodsboro,INF_HMID_LMI_20-065-070-C196_WOODSBORO,12
B17_F31,INF_HMID_LMI_20-065-071-C198_PortLavaca_F&D,INF_HMID_LMI_20-065-071-C198_PORTLAVACA_F&D,13
B17_F31,INF_HMID_LMI_20-065-071-C198_PortLavaca_SI,INF_HMID_LMI_20-065-071-C198_PORTLAVACA_SI,13
B17_F31,INF_HMID_LMI_20-065-072-C199_VillageofJonesCreek,INF_HMID_LMI_20-065-072-C199_VILLAGEOFJONESCREEK,8
B17_F31,INF_HMID_LMI_20-065-073-C200_Kirbyville,INF_HMID_LMI_20-065-073-C200_KIRBYVILLE,9
B17_F31,INF_HMID_LMI_20-065-077-C219_MissouriCity,INF_HMID_LMI_20-065-077-C219_MISSOURICITY,2
B17_F31,INF_HMID_LMI_20-065-078-C221_SanPatricioCounty,INF_HMID_LMI_20-065-078-C221_SANPATRICIOCOUNTY,14
B17_F31,INF_HMID_LMI_20-065-080-C233_Richwood,INF_HMID_LMI_20-065-080-C233_RICHWOOD,12
B17_F31,INF_HMID_LMI_20-065-081-C234_Wharton,INF_HMID_LMI_20-065-081-C234_WHARTON,6
B17_F31,INF_HMID_LMI_20-065-082-C235_PattonVillage,INF_HMID_LMI_20-065-082-C235_PATTONVILLAGE,10
B17_F31,INF_HMID_LMI_20-065-083-C236_TexasCity,INF_HMID_LMI_20-065-083-C236_TEXASCITY,9
B17_F31,INF_HMID_LMI_20-065-084-C243_PortNeches_WF,INF_HMID_LMI_20-065-084-C243_PORTNECHES_WF,15
B17_F31,INF_HMID_LMI_20-065-086-C247_Ingleside,INF_HMID_LMI_20-065-086-C247_INGLESIDE,9
B17_F31,INF_HMID_LMI_20-065-087-C248_TylerCounty_SF,INF_HMID_LMI_20-065-087-C248_TYLERCOUNTY_SF,7
B17_F31,INF_HMID_LMI_20-065-087-C248_TylerCounty_SI,INF_HMID_LMI_20-065-087-C248_TYLERCOUNTY_SI,5
B17_F31,INF_HMID_LMI_20-065-087-C248_TylerCounty_WF,INF_HMID_LMI_20-065-087-C248_TYLERCOUNTY_WF,11
B17_F31,INF_HMID_LMI_20-065-088-C249_SourLake_SF,INF_HMID_LMI_20-065-088-C249_SOURLAKE_SF,12
B17_F31,INF_HMID_LMI_20-065-090-C252_Rockport,INF_HMID_LMI_20-065-090-C252_ROCKPORT,19
B17_F31,INF_HMID_LMI_20-065-091-C254_NuecesCounty_PF,INF_HMID_LMI_20-065-091-C254_NUECESCOUNTY_PF,2
B17_F31,INF_HMID_LMI_20-065-091-C254_NuecesCounty_SI,INF_HMID_LMI_20-065-091-C254_NUECESCOUNTY_SI,8
B17_F31,INF_HMID_LMI_20-065-092-C257_FortBendCounty_F&D,INF_HMID_LMI_20-065-092-C257_FORTBENDCOUNTY_F&D,13
B17_F31,INF_HMID_LMI_20-065-093-C261_SanJacintoCounty,INF_HMID_LMI_20-065-093-C261_SANJACINTOCOUNTY,15
B17_F31,INF_HMID_LMI_20-065-094-C262_VictoriaCounty_F&D,INF_HMID_LMI_20-065-094-C262_VICTORIACOUNTY_F&D,13
B17_F31,INF_HMID_LMI_20-065-094-C262_VictoriaCounty_SI,INF_HMID_LMI_20-065-094-C262_VICTORIACOUNTY_SI,12
B17_F31,INF_HMID_LMI_20-065-095-C264_LibertyCounty,INF_HMID_LMI_20-065-095-C264_LIBERTYCOUNTY,14
B17_F31,INF_HMID_LMI_20-065-097-C269_Taft,INF_HMID_LMI_20-065-097-C269_TAFT,8
B17_F31,INF_HMID_LMI_20-065-098-C270_AransasCounty_F&D,INF_HMID_LMI_20-065-098-C270_ARANSASCOUNTY_F&D,21
B17_F31,INF_HMID_LMI_20-065-098-C270_AransasCounty_SI,INF_HMID_LMI_20-065-098-C270_ARANSASCOUNTY_SI,22
B17_F31,INF_HMID_LMI_20-065-101-C274_NewtonCounty,INF_HMID_LMI_20-065-101-C274_NEWTONCOUNTY,10
B17_F31,INF_HMID_LMI_20-065-102-C275_Silsbee,INF_HMID_LMI_20-065-102-C275_SILSBEE,13
B17_F31,INF_HMID_LMI_20-065-102-C275_Silsbee_SI,INF_HMID_LMI_20-065-102-C275_SILSBEE_SI,3
B17_F31,INF_HMID_LMI_20-065-105-C287_LaMarque,INF_HMID_LMI_20-065-105-C287_LAMARQUE,9
B17_F31,INF_HMID_LMI_20-065-106-C288_Pearland,INF_HMID_LMI_20-065-106-C288_PEARLAND,3
B17_F31,INF_HMID_LMI_20-065-107-C294_WhartonCounty_F&D,INF_HMID_LMI_20-065-107-C294_WHARTONCOUNTY_F&D,14
B17_F31,INF_HMID_LMI_20-065-107-C294_WhartonCounty_SF,INF_HMID_LMI_20-065-107-C294_WHARTONCOUNTY_SF,9
B17_F31,INF_HMID_LMI_20-065-109-C303_AransasPass_F&D,INF_HMID_LMI_20-065-109-C303_ARANSASPASS_F&D,17
B17_F31,INF_HMID_LMI_20-065-109-C303_AransasPass_SF,INF_HMID_LMI_20-065-109-C303_ARANSASPASS_SF,9
B17_F31,INF_HMID_LMI_20-065-110-C306_RefugioCounty_F&D,INF_HMID_LMI_20-065-110-C306_REFUGIOCOUNTY_F&D,11
B17_F31,INF_HMID_LMI_20-065-110-C306_RefugioCounty_PF,INF_HMID_LMI_20-065-110-C306_REFUGIOCOUNTY_PF,16
B17_F31,INF_HMID_LMI_20-065-110-C306_RefugioCounty_SF,INF_HMID_LMI_20-065-110-C306_REFUGIOCOUNTY_SF,14
B17_F31,INF_HMID_LMI_20-065-110-C306_RefugioCounty_SI,INF_HMID_LMI_20-065-110-C306_REFUGIOCOUNTY_SI,16
B17_F31,INF_HMID_LMI_20-065-110-C306_RefugioCounty_WF,INF_HMID_LMI_20-065-110-C306_REFUGIOCOUNTY_WF,12
B17_F31,INF_HMID_LMI_20-065-113-C310_Baytown,INF_HMID_LMI_20-065-113-C310_BAYTOWN,6
B17_F31,INF_HMID_LMI_20-065-114-C313_Gregory,INF_HMID_LMI_20-065-114-C313_GREGORY,6
B17_F31,INF_HMID_LMI_20-065-117-C378_PlumGrove,INF_HMID_LMI_20-065-117-C378_PLUMGROVE,5
B17_F31,INF_HMID_LMI_20-065-118-C388_BrazoriaCounty,INF_HMID_LMI_20-065-118-C388_BRAZORIACOUNTY,15
B17_F31,INF_HMID_LMI_20-065-118-C388_BrazoriaCounty_SF,INF_HMID_LMI_20-065-118-C388_BRAZORIACOUNTY_SF,1
B17_F31,INF_HMID_LMI_20-065-118-C388_BrazoriaCounty_SI,INF_HMID_LMI_20-065-118-C388_BRAZORIACOUNTY_SI,1
B17_F31,INF_HMID_LMI_20-065-118-C388_BrazoriaCounty_WF,INF_HMID_LMI_20-065-118-C388_BRAZORIACOUNTY_WF,1
B17_F31,INF_HMID_LMI_20-065-119-C390_WestOrange_F&D,INF_HMID_LMI_20-065-119-C390_WESTORANGE_F&D,14
B17_F31,INF_HMID_LMI_20-065-119-C390_WestOrange_PF,INF_HMID_LMI_20-065-119-C390_WESTORANGE_PF,10
B17_F31,INF_HMID_LMI_20-065-119-C390_WestOrange_SF,INF_HMID_LMI_20-065-119-C390_WESTORANGE_SF,9
B17_F31,INF_HMID_LMI_20-065-119-C390_WestOrange_SI,INF_HMID_LMI_20-065-119-C390_WESTORANGE_SI,14
B17_F31,INF_HMID_LMI_20-065-120-C407_Vidor_F&D,INF_HMID_LMI_20-065-120-C407_VIDOR_F&D,18
B17_F31,INF_HMID_LMI_20-065-120-C407_Vidor_SI,INF_HMID_LMI_20-065-120-C407_VIDOR_SI,18
B17_F31,INF_HMID_LMI_20-065-121-C408_JeffersonCounty_F&D,INF_HMID_LMI_20-065-121-C408_JEFFERSONCOUNTY_F&D,14
B17_F31,INF_HMID_LMI_20-065-123-C430_MatagordaCounty_SI,INF_HMID_LMI_20-065-123-C430_MATAGORDACOUNTY_SI,13
B17_F31,INF_HMID_LMI_20-065-127-C438_Danbury,INF_HMID_LMI_20-065-127-C438_DANBURY,11
B17_F31,INF_HMID_LMI_20-065-135-C481_MontBelvieu,INF_HMID_LMI_20-065-135-C481_MONTBELVIEU,3
B17_F31,INF_HMID_LMI_20-065-136-C491_MontgomeryCounty_F&D,INF_HMID_LMI_20-065-136-C491_MONTGOMERYCOUNTY_F&D,6
B17_F31,INF_HMID_LMI_20-065-140-C594_Orange_F&D,INF_HMID_LMI_20-065-140-C594_ORANGE_F&D,15
B17_F31,INF_HMID_LMI_20-065-140-C594_Orange_PF,INF_HMID_LMI_20-065-140-C594_ORANGE_PF,7
B17_F31,INF_HMID_LMI_20-065-142-C782_PortArthur_F&D,INF_HMID_LMI_20-065-142-C782_PORTARTHUR_F&D,10
B17_F31,INF_HMID_LMI_20-065-144-C843_Beaumont_WF,INF_HMID_LMI_20-065-144-C843_BEAUMONT_WF,8
B17_F31,INF_HMID_LMI_20-065-145-C857_HardinCounty_F&D,INF_HMID_LMI_20-065-145-C857_HARDINCOUNTY_F&D,7
B17_F31,INF_HMID_LMI_20-065-145-C857_HardinCounty_PF,INF_HMID_LMI_20-065-145-C857_HARDINCOUNTY_PF,11
B17_F31,INF_HMID_LMI_20-065-145-C857_HardinCounty_SI,INF_HMID_LMI_20-065-145-C857_HARDINCOUNTY_SI,17
B17_F31,INF_HMID_LMI_20-065-146-C865_RoseCity_F&D,INF_HMID_LMI_20-065-146-C865_ROSECITY_F&D,15
B17_F31,INF_HMID_LMI_20-065-152-C921_Kountze_SF,INF_HMID_LMI_20-065-152-C921_KOUNTZE_SF,14
B17_F31,INF_HMID_LMI_20-065-152-C921_Kountze_SI,INF_HMID_LMI_20-065-152-C921_KOUNTZE_SI,12
B17_F31,INF_HMID_LMI_GranteeSupport[H5b]_ACQ,INF_HMID_LMI_GRANTEESUPPORT[H5B]_ACQ,7
B17_F31,INF_HMID_LMI_GranteeSupport[H5b]_F&D,INF_HMID_LMI_GRANTEESUPPORT[H5B]_F&D,8
B17_F31,INF_HMID_LMI_GranteeSupport[H5b]_HI,INF_HMID_LMI_GRANTEESUPPORT[H5B]_HI,6
B17_F31,INF_HMID_LMI_GranteeSupport[H5b]_PF,INF_HMID_LMI_GRANTEESUPPORT[H5B]_PF,8
B17_F31,INF_HMID_LMI_GranteeSupport[H5b]_SI,INF_HMID_LMI_GRANTEESUPPORT[H5B]_SI,8
B17_F31,INF_HMID_LMI_GranteeSupport[H5b]_WSF,INF_HMID_LMI_GRANTEESUPPORT[H5B]_WSF,8
B17_F31,INF_HMID_NA_20-065-098-C270_AransasCounty_PLAN,INF_HMID_NA_20-065-098-C270_ARANSASCOUNTY_PLAN,5
B17_F31,INF_HMID_NA_20-065-107-C294_WhartonCounty_PLAN,INF_HMID_NA_20-065-107-C294_WHARTONCOUNTY_PLAN,6
B17_F31,INF_HMID_NA_20-065-120-C407_Vidor_PLAN,INF_HMID_NA_20-065-120-C407_VIDOR_PLAN,10
B17_F31,INF_HMID_NA_20-065-121-C408_JeffersonCounty_PLAN,INF_HMID_NA_20-065-121-C408_JEFFERSONCOUNTY_PLAN,7
B17_F31,INF_HMID_NA_GranteeSupport[H5b]_PLAN,INF_HMID_NA_GRANTEESUPPORT[H5B]_PLAN,8
B17_F31,INF_HMID_SB_20-065-120-C407_Vidor_C&D,INF_HMID_SB_20-065-120-C407_VIDOR_C&D,8
B17_F31,INF_HMID_SB_GranteeSupport[H5b]_C&D,INF_HMID_SB_GRANTEESUPPORT[H5B]_C&D,5
B17_F31,INF_HMID_UN_20-065-013-C049_JasperCounty,INF_HMID_UN_20-065-013-C049_JASPERCOUNTY,10
B17_F31,INF_HMID_UN_20-065-027-C092_Nome,INF_HMID_UN_20-065-027-C092_NOME,8
B17_F31,INF_HMID_UN_20-065-029-C096_Dickinson,INF_HMID_UN_20-065-029-C096_DICKINSON,7
B17_F31,INF_HMID_UN_20-065-039-C120_Groves_SF,INF_HMID_UN_20-065-039-C120_GROVES_SF,13
B17_F31,INF_HMID_UN_20-065-039-C120_Groves_SI,INF_HMID_UN_20-065-039-C120_GROVES_SI,15
B17_F31,INF_HMID_UN_20-065-049-C156_China,INF_HMID_UN_20-065-049-C156_CHINA,5
B17_F31,INF_HMID_UN_20-065-064-C182_CalhounCounty_PF,INF_HMID_UN_20-065-064-C182_CALHOUNCOUNTY_PF,9
B17_F31,INF_HMID_UN_20-065-069-C195_Lumberton,INF_HMID_UN_20-065-069-C195_LUMBERTON,11
B17_F31,INF_HMID_UN_20-065-079-C231_ColoradoCounty,INF_HMID_UN_20-065-079-C231_COLORADOCOUNTY,8
B17_F31,INF_HMID_UN_20-065-084-C243_PortNeches_SF,INF_HMID_UN_20-065-084-C243_PORTNECHES_SF,7
B17_F31,INF_HMID_UN_20-065-087-C248_TylerCounty_WF,INF_HMID_UN_20-065-087-C248_TYLERCOUNTY_WF,7
B17_F31,INF_HMID_UN_20-065-090-C252_Rockport,INF_HMID_UN_20-065-090-C252_ROCKPORT,18
B17_F31,INF_HMID_UN_20-065-093-C261_SanJacintoCounty,INF_HMID_UN_20-065-093-C261_SANJACINTOCOUNTY,10
B17_F31,INF_HMID_UN_20-065-094-C262_VictoriaCounty_F&D,INF_HMID_UN_20-065-094-C262_VICTORIACOUNTY_F&D,11
B17_F31,INF_HMID_UN_20-065-095-C264_LibertyCounty,INF_HMID_UN_20-065-095-C264_LIBERTYCOUNTY,11
B17_F31,INF_HMID_UN_20-065-098-C270_AransasCounty_PF,INF_HMID_UN_20-065-098-C270_ARANSASCOUNTY_PF,21
B17_F31,INF_HMID_UN_20-065-106-C288_Pearland,INF_HMID_UN_20-065-106-C288_PEARLAND,3
B17_F31,INF_HMID_UN_20-065-107-C294_WhartonCounty_F&D,INF_HMID_UN_20-065-107-C294_WHARTONCOUNTY_F&D,11
B17_F31,INF_HMID_UN_20-065-107-C294_WhartonCounty_SF,INF_HMID_UN_20-065-107-C294_WHARTONCOUNTY_SF,6
B17_F31,INF_HMID_UN_20-065-107-C294_WhartonCounty_WF,INF_HMID_UN_20-065-107-C294_WHARTONCOUNTY_WF,9
B17_F31,INF_HMID_UN_20-065-109-C303_AransasPass_F&D,INF_HMID_UN_20-065-109-C303_ARANSASPASS_F&D,12
B17_F31,INF_HMID_UN_20-065-110-C306_RefugioCounty_PF,INF_HMID_UN_20-065-110-C306_REFUGIOCOUNTY_PF,4
B17_F31,INF_HMID_UN_20-065-110-C306_RefugioCounty_SI,INF_HMID_UN_20-065-110-C306_REFUGIOCOUNTY_SI,13
B17_F31,INF_HMID_UN_20-065-114-C313_Gregory,INF_HMID_UN_20-065-114-C313_GREGORY,4
B17_F31,INF_HMID_UN_20-065-120-C407_Vidor_F&D-06152023172551,INF_HMID_UN_20-065-120-C407_VIDOR_F&D,4
B17_F31,INF_HMID_UN_20-065-120-C407_Vidor_SI,INF_HMID_UN_20-065-120-C407_VIDOR_SI,17
B17_F31,INF_HMID_UN_20-065-121-C408_JeffersonCounty_F&D,INF_HMID_UN_20-065-121-C408_JEFFERSONCOUNTY_F&D,8
B17_F31,INF_HMID_UN_20-065-123-C430_MatagordaCounty_SI,INF_HMID_UN_20-065-123-C430_MATAGORDACOUNTY_SI,9
B17_F31,INF_HMID_UN_20-065-125-C436_WoodbranchVillage,INF_HMID_UN_20-065-125-C436_WOODBRANCHVILLAGE,9
B17_F31,INF_HMID_UN_20-065-126-C437_Dayton,INF_HMID_UN_20-065-126-C437_DAYTON,8
B17_F31,INF_HMID_UN_20-065-127-C438_Danbury,INF_HMID_UN_20-065-127-C438_DANBURY,7
B17_F31,INF_HMID_UN_20-065-129-C440_Portland,INF_HMID_UN_20-065-129-C440_PORTLAND,10
B17_F31,INF_HMID_UN_20-065-131-C442_Simonton,INF_HMID_UN_20-065-131-C442_SIMONTON,9
B17_F31,INF_HMID_UN_20-065-133-C445_CorpusChristi,INF_HMID_UN_20-065-133-C445_CORPUSCHRISTI,4
B17_F31,INF_HMID_UN_20-065-134-C451_Friendswood,INF_HMID_UN_20-065-134-C451_FRIENDSWOOD,7
B17_F31,INF_HMID_UN_20-065-140-C594_Orange_F&D,INF_HMID_UN_20-065-140-C594_ORANGE_F&D,6
B17_F31,INF_HMID_UN_20-065-140-C594_Orange_PF,INF_HMID_UN_20-065-140-C594_ORANGE_PF,6
B17_F31,INF_HMID_UN_20-065-141-C780_LeagueCity_F&D,INF_HMID_UN_20-065-141-C780_LEAGUECITY_F&D,16
B17_F31,INF_HMID_UN_20-065-143-C811_PortAransas_F&D,INF_HMID_UN_20-065-143-C811_PORTARANSAS_F&D,11
B17_F31,INF_HMID_UN_20-065-145-C857_HardinCounty_PF,INF_HMID_UN_20-065-145-C857_HARDINCOUNTY_PF,10
B17_F31,INF_HMID_UN_20-065-147-C902_BevilOaks_SI,INF_HMID_UN_20-065-147-C902_BEVILOAKS_SI,8
B17_F31,INF_HMID_UN_20-065-148-C903_RoseHillAcres_SI,INF_HMID_UN_20-065-148-C903_ROSEHILLACRES_SI,12
B17_F31,INF_HMID_UN_20-065-149-C905_Nederland_F&D,INF_HMID_UN_20-065-149-C905_NEDERLAND_F&D,9
B17_F31,INF_HMID_UN_20-065-149-C905_Nederland_SI,INF_HMID_UN_20-065-149-C905_NEDERLAND_SI,2
B17_F31,INF_HMID_UN_20-065-150-C911_OrangeCounty_F&D,INF_HMID_UN_20-065-150-C911_ORANGECOUNTY_F&D,16
B17_F31,INF_HMID_UN_20-065-151-C916_TaylorLanding_SI,INF_HMID_UN_20-065-151-C916_TAYLORLANDING_SI,10
B17_F31,INF_HMID_UN_20-065-153-C929_BridgeCity_F&D,INF_HMID_UN_20-065-153-C929_BRIDGECITY_F&D,7
B17_F31,INF_HMID_UN_20-065-153-C929_BridgeCity_WF,INF_HMID_UN_20-065-153-C929_BRIDGECITY_WF,12
B17_F31,INF_HMID_UN_20-065-154-C933_PineForest_F&D,INF_HMID_UN_20-065-154-C933_PINEFOREST_F&D,13
B17_F31,INF_HMID_UN_GranteeSupport[H5b]_F&D,INF_HMID_UN_GRANTEESUPPORT[H5B]_F&D,8
B17_F31,INF_HMID_UN_GranteeSupport[H5b]_PF,INF_HMID_UN_GRANTEESUPPORT[H5B]_PF,8
B17_F31,INF_HMID_UN_GranteeSupport[H5b]_SI,INF_HMID_UN_GRANTEESUPPORT[H5B]_SI,8
B17_F31,INF_HMID_UN_GranteeSupport[H5b]_WSF,INF_HMID_UN_GRANTEESUPPORT[H5B]_WSF,7
B17_F31,INF_SMID_LMI_20-065-002-B964_Moulton,INF_SMID_LMI_20-065-002-B964_MOULTON,4
B17_F31,INF_SMID_LMI_20-065-011-C032_EagleLake,INF_SMID_LMI_20-065-011-C032_EAGLELAKE,7
B17_F31,INF_SMID_LMI_20-065-012-C039_Goliad,INF_SMID_LMI_20-065-012-C039_GOLIAD,10
B17_F31,INF_SMID_LMI_20-065-015-C054_NewWaverly,INF_SMID_LMI_20-065-015-C054_NEWWAVERLY,7
B17_F31,INF_SMID_LMI_20-065-016-C056_BeeCounty_SF,INF_SMID_LMI_20-065-016-C056_BEECOUNTY_SF,13
B17_F31,INF_SMID_LMI_20-065-016-C056_BeeCounty_WF,INF_SMID_LMI_20-065-016-C056_BEECOUNTY_WF,14
B17_F31,INF_SMID_LMI_20-065-019-C065_PrairieView,INF_SMID_LMI_20-065-019-C065_PRAIRIEVIEW,8
B17_F31,INF_SMID_LMI_20-065-020-C066_CaldwellCounty,INF_SMID_LMI_20-065-020-C066_CALDWELLCOUNTY,12
B17_F31,INF_SMID_LMI_20-065-023-C082_Ganado,INF_SMID_LMI_20-065-023-C082_GANADO,12
B17_F31,INF_SMID_LMI_20-065-032-C109_Edna,INF_SMID_LMI_20-065-032-C109_EDNA,12
B17_F31,INF_SMID_LMI_20-065-033-C111_LaWard_SF,INF_SMID_LMI_20-065-033-C111_LAWARD_SF,13
B17_F31,INF_SMID_LMI_20-065-033-C111_LaWard_WF,INF_SMID_LMI_20-065-033-C111_LAWARD_WF,11
B17_F31,INF_SMID_LMI_20-065-035-C115_Wallis_PF,INF_SMID_LMI_20-065-035-C115_WALLIS_PF,10
B17_F31,INF_SMID_LMI_20-065-035-C115_Wallis_SF,INF_SMID_LMI_20-065-035-C115_WALLIS_SF,11
B17_F31,INF_SMID_LMI_20-065-036-C116_Hallettsville,INF_SMID_LMI_20-065-036-C116_HALLETTSVILLE,11
B17_F31,INF_SMID_LMI_20-065-041-C122_KarnesCounty,INF_SMID_LMI_20-065-041-C122_KARNESCOUNTY,8
B17_F31,INF_SMID_LMI_20-065-044-C130_Smiley,INF_SMID_LMI_20-065-044-C130_SMILEY,10
B17_F31,INF_SMID_LMI_20-065-047-C139_Gonzales,INF_SMID_LMI_20-065-047-C139_GONZALES,12
B17_F31,INF_SMID_LMI_20-065-051-C160_Nixon,INF_SMID_LMI_20-065-051-C160_NIXON,11
B17_F31,INF_SMID_LMI_20-065-052-C162_Iola,INF_SMID_LMI_20-065-052-C162_IOLA,9
B17_F31,INF_SMID_LMI_20-065-053-C163_Shiner,INF_SMID_LMI_20-065-053-C163_SHINER,9
B17_F31,INF_SMID_LMI_20-065-056-C167_Bedias,INF_SMID_LMI_20-065-056-C167_BEDIAS,9
B17_F31,INF_SMID_LMI_20-065-058-C170_Somerville,INF_SMID_LMI_20-065-058-C170_SOMERVILLE,7
B17_F31,INF_SMID_LMI_20-065-059-C171_ToddMission_F&D,INF_SMID_LMI_20-065-059-C171_TODDMISSION_F&D,7
B17_F31,INF_SMID_LMI_20-065-059-C171_ToddMission_SI,INF_SMID_LMI_20-065-059-C171_TODDMISSION_SI,6
B17_F31,INF_SMID_LMI_20-065-063-C181_Cuero_F&D,INF_SMID_LMI_20-065-063-C181_CUERO_F&D,8
B17_F31,INF_SMID_LMI_20-065-063-C181_Cuero_SF,INF_SMID_LMI_20-065-063-C181_CUERO_SF,10
B17_F31,INF_SMID_LMI_20-065-063-C181_Cuero_SI,INF_SMID_LMI_20-065-063-C181_CUERO_SI,10
B17_F31,INF_SMID_LMI_20-065-063-C181_Cuero_WF,INF_SMID_LMI_20-065-063-C181_CUERO_WF,10
B17_F31,INF_SMID_LMI_20-065-064-C182_CalhounCounty_F&D,INF_SMID_LMI_20-065-064-C182_CALHOUNCOUNTY_F&D,16
B17_F31,INF_SMID_LMI_20-065-065-C184_AustinCounty,INF_SMID_LMI_20-065-065-C184_AUSTINCOUNTY,19
B17_F31,INF_SMID_LMI_20-065-067-C193_Hempstead_SF,INF_SMID_LMI_20-065-067-C193_HEMPSTEAD_SF,8
B17_F31,INF_SMID_LMI_20-065-067-C193_Hempstead_WF,INF_SMID_LMI_20-065-067-C193_HEMPSTEAD_WF,6
B17_F31,INF_SMID_LMI_20-065-074-C201_Yorktown,INF_SMID_LMI_20-065-074-C201_YORKTOWN,11
B17_F31,INF_SMID_LMI_20-065-075-C203_Gonzales_SF,INF_SMID_LMI_20-065-075-C203_GONZALES_SF,12
B17_F31,INF_SMID_LMI_20-065-076-C218_PointComfort_F&D,INF_SMID_LMI_20-065-076-C218_POINTCOMFORT_F&D,15
B17_F31,INF_SMID_LMI_20-065-076-C218_PointComfort_SI,INF_SMID_LMI_20-065-076-C218_POINTCOMFORT_SI,15
B17_F31,INF_SMID_LMI_20-065-076-C218_PointComfort_WF,INF_SMID_LMI_20-065-076-C218_POINTCOMFORT_WF,14
B17_F31,INF_SMID_LMI_20-065-079-C231_ColoradoCounty,INF_SMID_LMI_20-065-079-C231_COLORADOCOUNTY,9
B17_F31,INF_SMID_LMI_20-065-085-C246_Yoakum_F&D,INF_SMID_LMI_20-065-085-C246_YOAKUM_F&D,8
B17_F31,INF_SMID_LMI_20-065-085-C246_Yoakum_PF,INF_SMID_LMI_20-065-085-C246_YOAKUM_PF,13
B17_F31,INF_SMID_LMI_20-065-085-C246_Yoakum_SF,INF_SMID_LMI_20-065-085-C246_YOAKUM_SF,10
B17_F31,INF_SMID_LMI_20-065-085-C246_Yoakum_SI,INF_SMID_LMI_20-065-085-C246_YOAKUM_SI,9
B17_F31,INF_SMID_LMI_20-065-085-C246_Yoakum_WF,INF_SMID_LMI_20-065-085-C246_YOAKUM_WF,10
B17_F31,INF_SMID_LMI_20-065-096-C267_JacksonCounty,INF_SMID_LMI_20-065-096-C267_JACKSONCOUNTY,9
B17_F31,INF_SMID_LMI_20-065-099-C271_GoliadCounty_SI,INF_SMID_LMI_20-065-099-C271_GOLIADCOUNTY_SI,12
B17_F31,INF_SMID_LMI_20-065-099-C271_GoliadCounty_WF,INF_SMID_LMI_20-065-099-C271_GOLIADCOUNTY_WF,10
B17_F31,INF_SMID_LMI_20-065-100-C273_GrimesCounty,INF_SMID_LMI_20-065-100-C273_GRIMESCOUNTY,8
B17_F31,INF_SMID_LMI_20-065-103-C278_Seadrift_PF,INF_SMID_LMI_20-065-103-C278_SEADRIFT_PF,15
B17_F31,INF_SMID_LMI_20-065-103-C278_Seadrift_SF,INF_SMID_LMI_20-065-103-C278_SEADRIFT_SF,7
B17_F31,INF_SMID_LMI_20-065-103-C278_Seadrift_WF,INF_SMID_LMI_20-065-103-C278_SEADRIFT_WF,14
B17_F31,INF_SMID_LMI_20-065-104-C279_WalkerCounty,INF_SMID_LMI_20-065-104-C279_WALKERCOUNTY,16
B17_F31,INF_SMID_LMI_20-065-108-C295_Palacios,INF_SMID_LMI_20-065-108-C295_PALACIOS,11
B17_F31,INF_SMID_LMI_20-065-111-C308_MilamCounty,INF_SMID_LMI_20-065-111-C308_MILAMCOUNTY,9
B17_F31,INF_SMID_LMI_20-065-112-C309_Waelder_F&D,INF_SMID_LMI_20-065-112-C309_WAELDER_F&D,2
B17_F31,INF_SMID_LMI_20-065-112-C309_Waelder_SF,INF_SMID_LMI_20-065-112-C309_WAELDER_SF,2
B17_F31,INF_SMID_LMI_20-065-123-C430_MatagordaCounty_F&D,INF_SMID_LMI_20-065-123-C430_MATAGORDACOUNTY_F&D,15
B17_F31,INF_SMID_LMI_20-065-123-C430_MatagordaCounty_SF,INF_SMID_LMI_20-065-123-C430_MATAGORDACOUNTY_SF,17
B17_F31,INF_SMID_LMI_20-065-123-C430_MatagordaCounty_WF,INF_SMID_LMI_20-065-123-C430_MATAGORDACOUNTY_WF,15
B17_F31,INF_SMID_LMI_20-065-139-C527_BastropCounty_F&D,INF_SMID_LMI_20-065-139-C527_BASTROPCOUNTY_F&D,5
B17_F31,INF_SMID_LMI_24-074-001-E284_Somerville_F&D,INF_SMID_LMI_24-074-001-E284_SOMERVILLE_F&D,2
B17_F31,INF_SMID_LMI_24-074-002-E285_GrimesCounty_SI,INF_SMID_LMI_24-074-002-E285_GRIMESCOUNTY_SI,1
B17_F31,INF_SMID_LMI_24-074-003-E286_Anderson_F&D,INF_SMID_LMI_24-074-003-E286_ANDERSON_F&D,3
B17_F31,INF_SMID_LMI_24-074-004-E287_Iola_F&D,INF_SMID_LMI_24-074-004-E287_IOLA_F&D,2
B17_F31,INF_SMID_LMI_24-074-005-E288_Bedias_SI,INF_SMID_LMI_24-074-005-E288_BEDIAS_SI,2
B17_F31,INF_SMID_LMI_24-074-006-E289_ToddMission_F&D,INF_SMID_LMI_24-074-006-E289_TODDMISSION_F&D,4
B17_F31,INF_SMID_LMI_24-074-009-F149_Edna_SF,INF_SMID_LMI_24-074-009-F149_EDNA_SF,1
B17_F31,INF_SMID_LMI_24-074-010-F150_JacksonCounty_SI,INF_SMID_LMI_24-074-010-F150_JACKSONCOUNTY_SI,1
B17_F31,INF_SMID_LMI_24-074-011-F151_Goliad_SF,INF_SMID_LMI_24-074-011-F151_GOLIAD_SF,2
B17_F31,INF_SMID_LMI_24-074-012-F152_GoliadCounty_WF,INF_SMID_LMI_24-074-012-F152_GOLIADCOUNTY_WF,1
B17_F31,INF_SMID_LMI_GranteeSupport[H5b]_F&D,INF_SMID_LMI_GRANTEESUPPORT[H5B]_F&D,8
B17_F31,INF_SMID_LMI_GranteeSupport[H5b]_PF,INF_SMID_LMI_GRANTEESUPPORT[H5B]_PF,8
B17_F31,INF_SMID_LMI_GranteeSupport[H5b]_SI,INF_SMID_LMI_GRANTEESUPPORT[H5B]_SI,8
B17_F31,INF_SMID_LMI_GranteeSupport[H5b]_WSF,INF_SMID_LMI_GRANTEESUPPORT[H5B]_WSF,8
B17_F31,INF_SMID_NA_20-065-021-C076_SabineCounty,INF_SMID_NA_20-065-021-C076_SABINECOUNTY,8
B17_F31,INF_SMID_NA_20-065-139-C527_BastropCounty_PLAN,INF_SMID_NA_20-065-139-C527_BASTROPCOUNTY_PLAN,5
B17_F31,INF_SMID_NA_GranteeSupport[H5b]_PLAN,INF_SMID_NA_GRANTEESUPPORT[H5B]_PLAN,8
B17_F31,INF_SMID_UN_20-065-047-C139_Gonzales,INF_SMID_UN_20-065-047-C139_GONZALES,9
B17_F31,INF_SMID_UN_20-065-065-C184_AustinCounty,INF_SMID_UN_20-065-065-C184_AUSTINCOUNTY,17
B17_F31,INF_SMID_UN_20-065-096-C267_JacksonCounty,INF_SMID_UN_20-065-096-C267_JACKSONCOUNTY,9
B17_F31,INF_SMID_UN_20-065-099-C271_GoliadCounty_PF,INF_SMID_UN_20-065-099-C271_GOLIADCOUNTY_PF,11
B17_F31,INF_SMID_UN_20-065-104-C279_WalkerCounty,INF_SMID_UN_20-065-104-C279_WALKERCOUNTY,11
B17_F31,INF_SMID_UN_20-065-104-C279_WalkerCounty_F&D,INF_SMID_UN_20-065-104-C279_WALKERCOUNTY_F&D,11
B17_F31,INF_SMID_UN_20-065-111-C308_MilamCounty,INF_SMID_UN_20-065-111-C308_MILAMCOUNTY,9
B17_F31,INF_SMID_UN_20-065-116-C377_Anderson,INF_SMID_UN_20-065-116-C377_ANDERSON,8
B17_F31,INF_SMID_UN_20-065-123-C430_MatagordaCounty_SF,INF_SMID_UN_20-065-123-C430_MATAGORDACOUNTY_SF,16
B17_F31,INF_SMID_UN_20-065-124-C435_LeeCounty,INF_SMID_UN_20-065-124-C435_LEECOUNTY,10
B17_F31,INF_SMID_UN_20-065-128-C439_Huntsville_F&D,INF_SMID_UN_20-065-128-C439_HUNTSVILLE_F&D,8
B17_F31,INF_SMID_UN_20-065-128-C439_Huntsville_SI,INF_SMID_UN_20-065-128-C439_HUNTSVILLE_SI,6
B17_F31,INF_SMID_UN_20-065-132-C443_Sealy,INF_SMID_UN_20-065-132-C443_SEALY,7
B17_F31,INF_SMID_UN_20-065-137-C503_Katy,INF_SMID_UN_20-065-137-C503_KATY,9
B17_F31,INF_SMID_UN_20-065-139-C527_BastropCounty_F&D,INF_SMID_UN_20-065-139-C527_BASTROPCOUNTY_F&D,12
B17_F31,INF_SMID_UN_20-065-139-C527_BastropCounty_SI,INF_SMID_UN_20-065-139-C527_BASTROPCOUNTY_SI,4
B17_F31,INF_SMID_UN_GranteeSupport[H5b]_F&D,INF_SMID_UN_GRANTEESUPPORT[H5B]_F&D,8
B17_F31,INF_SMID_UN_GranteeSupport[H5b]_PF,INF_SMID_UN_GRANTEESUPPORT[H5B]_PF,8
B17_F31,INF_SMID_UN_GranteeSupport[H5b]_SI,INF_SMID_UN_GRANTEESUPPORT[H5B]_SI,8
B17_F31,INF_SMID_UN_GranteeSupport[H5b]_WSF,INF_SMID_UN_GRANTEESUPPORT[H5B]_WSF,8
B17_F31,LBAP[Subrecipient Reserve]-11022023164011,LBAP[SUBRECIPIENT RESERVE],12
B17_F31,LBAP_HMID_LMA_20-066-001-B956_MontgomeryCounty,LBAP_HMID_LMA_20-066-001-B956_MONTGOMERYCOUNTY,5
B17_F31,LBAP_HMID_LMA_20-066-022-C166_RoseCity,LBAP_HMID_LMA_20-066-022-C166_ROSECITY,4
B17_F31,LBAP_HMID_LMA_20-066-023-C168_Vidor,LBAP_HMID_LMA_20-066-023-C168_VIDOR,4
B17_F31,LBAP_HMID_LMA_20-066-025-C202_BridgeCity,LBAP_HMID_LMA_20-066-025-C202_BRIDGECITY,11
B17_F31,LBAP_HMID_LMA_20-066-029-C223_WestOrange,LBAP_HMID_LMA_20-066-029-C223_WESTORANGE,7
B17_F31,LBAP_HMID_LMA_20-066-030-C224_Ingleside,LBAP_HMID_LMA_20-066-030-C224_INGLESIDE,8
B17_F31,LBAP_HMID_LMA_20-066-034-C232_PortArthur_ACQ,LBAP_HMID_LMA_20-066-034-C232_PORTARTHUR_ACQ,7
B17_F31,LBAP_HMID_LMB_20-066-001-B956_MontgomeryCounty,LBAP_HMID_LMB_20-066-001-B956_MONTGOMERYCOUNTY,8
B17_F31,LBAP_HMID_LMB_20-066-004-C033_VictoriaCounty,LBAP_HMID_LMB_20-066-004-C033_VICTORIACOUNTY,10
B17_F31,LBAP_HMID_LMB_20-066-005-C034_Wharton,LBAP_HMID_LMB_20-066-005-C034_WHARTON,8
B17_F31,LBAP_HMID_LMB_20-066-007-C041_Victoria,LBAP_HMID_LMB_20-066-007-C041_VICTORIA,12
B17_F31,LBAP_HMID_LMB_20-066-008-C043_TexasCity,LBAP_HMID_LMB_20-066-008-C043_TEXASCITY,11
B17_F31,LBAP_HMID_LMB_20-066-009-C052_WhartonCounty,LBAP_HMID_LMB_20-066-009-C052_WHARTONCOUNTY,10
B17_F31,LBAP_HMID_LMB_20-066-010-C063_FayetteCounty,LBAP_HMID_LMB_20-066-010-C063_FAYETTECOUNTY,14
B17_F31,LBAP_HMID_LMB_20-066-013-C095_LibertyCounty,LBAP_HMID_LMB_20-066-013-C095_LIBERTYCOUNTY,11
B17_F31,LBAP_HMID_LMB_20-066-015-C108_NewtonCounty,LBAP_HMID_LMB_20-066-015-C108_NEWTONCOUNTY,8
B17_F31,LBAP_HMID_LMB_20-066-017-C123_CorpusChristi,LBAP_HMID_LMB_20-066-017-C123_CORPUSCHRISTI,5
B17_F31,LBAP_HMID_LMB_20-066-018-C125_PolkCounty,LBAP_HMID_LMB_20-066-018-C125_POLKCOUNTY,10
B17_F31,LBAP_HMID_LMB_20-066-019-C134_Nome,LBAP_HMID_LMB_20-066-019-C134_NOME,1
B17_F31,LBAP_HMID_LMB_20-066-020-C135_SanJacintoCounty,LBAP_HMID_LMB_20-066-020-C135_SANJACINTOCOUNTY,15
B17_F31,LBAP_HMID_LMB_20-066-021-C137_SourLake,LBAP_HMID_LMB_20-066-021-C137_SOURLAKE,4
B17_F31,LBAP_HMID_LMB_20-066-023-C168_Vidor,LBAP_HMID_LMB_20-066-023-C168_VIDOR,9
B17_F31,LBAP_HMID_LMB_20-066-024-C178_Silsbee,LBAP_HMID_LMB_20-066-024-C178_SILSBEE,8
B17_F31,LBAP_HMID_LMB_20-066-025-C202_BridgeCity,LBAP_HMID_LMB_20-066-025-C202_BRIDGECITY,7
B17_F31,LBAP_HMID_LMB_20-066-031-C225_Jasper,LBAP_HMID_LMB_20-066-031-C225_JASPER,11
B17_F31,LBAP_HMID_LMB_20-066-036-C242_JeffersonCounty,LBAP_HMID_LMB_20-066-036-C242_JEFFERSONCOUNTY,9
B17_F31,LBAP_HMID_LMB_20-066-037-C245_Pearland,LBAP_HMID_LMB_20-066-037-C245_PEARLAND,2
B17_F31,LBAP_HMID_LMB_20-066-039-C258_Orange,LBAP_HMID_LMB_20-066-039-C258_ORANGE,8
B17_F31,LBAP_HMID_LMB_20-066-040-C259_Dickinson,LBAP_HMID_LMB_20-066-040-C259_DICKINSON,3
B17_F31,LBAP_HMID_LMB_20-066-041-C266_HardinCounty,LBAP_HMID_LMB_20-066-041-C266_HARDINCOUNTY,15
B17_F31,LBAP_HMID_LMB_20-066-043-C300_JasperCounty,LBAP_HMID_LMB_20-066-043-C300_JASPERCOUNTY,9
B17_F31,LBAP_HMID_LMB_20-066-044-C314_Beaumont,LBAP_HMID_LMB_20-066-044-C314_BEAUMONT,10
B17_F31,LBAP_HMID_LMB_20-066-048-C526_OrangeCounty,LBAP_HMID_LMB_20-066-048-C526_ORANGECOUNTY,12
B17_F31,LBAP_HMID_LMB_20-066-049-C772_LeagueCity_ACQ,LBAP_HMID_LMB_20-066-049-C772_LEAGUECITY_ACQ,6
B17_F31,LBAP_HMID_LMHI_20-066-001-B956_MontgomeryCounty_HI,LBAP_HMID_LMHI_20-066-001-B956_MONTGOMERYCOUNTY_HI,5
B17_F31,LBAP_HMID_LMHI_20-066-004-C033_VictoriaCounty,LBAP_HMID_LMHI_20-066-004-C033_VICTORIACOUNTY,7
B17_F31,LBAP_HMID_LMHI_20-066-007-C041_Victoria,LBAP_HMID_LMHI_20-066-007-C041_VICTORIA,8
B17_F31,LBAP_HMID_LMHI_20-066-008-C043_TexasCity,LBAP_HMID_LMHI_20-066-008-C043_TEXASCITY,9
B17_F31,LBAP_HMID_LMHI_20-066-009-C052_WhartonCounty,LBAP_HMID_LMHI_20-066-009-C052_WHARTONCOUNTY,1
B17_F31,LBAP_HMID_LMHI_20-066-010-C063_FayetteCounty,LBAP_HMID_LMHI_20-066-010-C063_FAYETTECOUNTY,7
B17_F31,LBAP_HMID_LMHI_20-066-013-C095_LibertyCounty,LBAP_HMID_LMHI_20-066-013-C095_LIBERTYCOUNTY,6
B17_F31,LBAP_HMID_LMHI_20-066-017-C123_CorpusChristi,LBAP_HMID_LMHI_20-066-017-C123_CORPUSCHRISTI,1
B17_F31,LBAP_HMID_LMHI_20-066-018-C125_PolkCounty,LBAP_HMID_LMHI_20-066-018-C125_POLKCOUNTY,3
B17_F31,LBAP_HMID_LMHI_20-066-020-C135_SanJacintoCounty_HI,LBAP_HMID_LMHI_20-066-020-C135_SANJACINTOCOUNTY_HI,1
B17_F31,LBAP_HMID_LMHI_20-066-023-C168_Vidor_HI,LBAP_HMID_LMHI_20-066-023-C168_VIDOR_HI,4
B17_F31,LBAP_HMID_LMHI_20-066-024-C178_Silsbee,LBAP_HMID_LMHI_20-066-024-C178_SILSBEE,3
B17_F31,LBAP_HMID_LMHI_20-066-025-C202_BridgeCity_HI,LBAP_HMID_LMHI_20-066-025-C202_BRIDGECITY_HI,2
B17_F31,LBAP_HMID_LMHI_20-066-029-C223_WestOrange,LBAP_HMID_LMHI_20-066-029-C223_WESTORANGE,2
B17_F31,LBAP_HMID_LMHI_20-066-031-C225_Jasper,LBAP_HMID_LMHI_20-066-031-C225_JASPER,5
B17_F31,LBAP_HMID_LMHI_20-066-034-C232_PortArthur_HI,LBAP_HMID_LMHI_20-066-034-C232_PORTARTHUR_HI,4
B17_F31,LBAP_HMID_LMHI_20-066-036-C242_JeffersonCounty,LBAP_HMID_LMHI_20-066-036-C242_JEFFERSONCOUNTY,2
B17_F31,LBAP_HMID_LMHI_20-066-038-C251_RoseHill-11022023163829,LBAP_HMID_LMHI_20-066-038-C251_ROSEHILL,6
B17_F31,LBAP_HMID_LMHI_20-066-038-C251_RoseHill_RA-11022023163738,LBAP_HMID_LMHI_20-066-038-C251_ROSEHILL_RA,6
B17_F31,LBAP_HMID_LMHI_20-066-039-C258_Orange-11022023163907,LBAP_HMID_LMHI_20-066-039-C258_ORANGE,6
B17_F31,LBAP_HMID_LMHI_20-066-040-C259_Dickinson,LBAP_HMID_LMHI_20-066-040-C259_DICKINSON,2
B17_F31,LBAP_HMID_LMHI_20-066-043-C300_JasperCounty,LBAP_HMID_LMHI_20-066-043-C300_JASPERCOUNTY,3
B17_F31,LBAP_HMID_LMHI_20-066-044-C314_Beaumont,LBAP_HMID_LMHI_20-066-044-C314_BEAUMONT,7
B17_F31,LBAP_HMID_LMHI_20-066-046-C455_GalvestonCounty_HI,LBAP_HMID_LMHI_20-066-046-C455_GALVESTONCOUNTY_HI,1
B17_F31,LBAP_HMID_LMHI_20-066-048-C526_OrangeCounty_HI,LBAP_HMID_LMHI_20-066-048-C526_ORANGECOUNTY_HI,6
B17_F31,LBAP_HMID_LMH_20-066-001-B956_MontgomeryCounty_DPA,LBAP_HMID_LMH_20-066-001-B956_MONTGOMERYCOUNTY_DPA,5
B17_F31,LBAP_HMID_LMH_20-066-001-B956_MontgomeryCounty_RA,LBAP_HMID_LMH_20-066-001-B956_MONTGOMERYCOUNTY_RA,6
B17_F31,LBAP_HMID_LMH_20-066-004-C033_VictoriaCounty_RA,LBAP_HMID_LMH_20-066-004-C033_VICTORIACOUNTY_RA,7
B17_F31,LBAP_HMID_LMH_20-066-005-C034_Wharton_RA,LBAP_HMID_LMH_20-066-005-C034_WHARTON_RA,3
B17_F31,LBAP_HMID_LMH_20-066-007-C041_Victoria_RA,LBAP_HMID_LMH_20-066-007-C041_VICTORIA_RA,5
B17_F31,LBAP_HMID_LMH_20-066-008-C043_TexasCity_RA,LBAP_HMID_LMH_20-066-008-C043_TEXASCITY_RA,6
B17_F31,LBAP_HMID_LMH_20-066-009-C052_WhartonCounty_RA,LBAP_HMID_LMH_20-066-009-C052_WHARTONCOUNTY_RA,4
B17_F31,LBAP_HMID_LMH_20-066-010-C063_FayetteCounty_RA,LBAP_HMID_LMH_20-066-010-C063_FAYETTECOUNTY_RA,4
B17_F31,LBAP_HMID_LMH_20-066-013-C095_LibertyCounty_RA,LBAP_HMID_LMH_20-066-013-C095_LIBERTYCOUNTY_RA,4
B17_F31,LBAP_HMID_LMH_20-066-017-C123_CorpusChristi_RA,LBAP_HMID_LMH_20-066-017-C123_CORPUSCHRISTI_RA,1
B17_F31,LBAP_HMID_LMH_20-066-018-C125_PolkCounty_RA,LBAP_HMID_LMH_20-066-018-C125_POLKCOUNTY_RA,3
B17_F31,LBAP_HMID_LMH_20-066-020-C135_SanJacintoCounty_RA,LBAP_HMID_LMH_20-066-020-C135_SANJACINTOCOUNTY_RA,5
B17_F31,LBAP_HMID_LMH_20-066-022-C166_RoseCity_DPA-04102024105923,LBAP_HMID_LMH_20-066-022-C166_ROSECITY_DPA,4
B17_F31,LBAP_HMID_LMH_20-066-023-C168_Vidor_DPA,LBAP_HMID_LMH_20-066-023-C168_VIDOR_DPA,4
B17_F31,LBAP_HMID_LMH_20-066-023-C168_Vidor_RA,LBAP_HMID_LMH_20-066-023-C168_VIDOR_RA,5
B17_F31,LBAP_HMID_LMH_20-066-024-C178_Silsbee,LBAP_HMID_LMH_20-066-024-C178_SILSBEE,4
B17_F31,LBAP_HMID_LMH_20-066-025-C202_BridgeCity_DPA-02022024102342,LBAP_HMID_LMH_20-066-025-C202_BRIDGECITY_DPA,2
B17_F31,LBAP_HMID_LMH_20-066-025-C202_BridgeCity_RA,LBAP_HMID_LMH_20-066-025-C202_BRIDGECITY_RA,7
B17_F31,LBAP_HMID_LMH_20-066-029-C223_WestOrange_HA,LBAP_HMID_LMH_20-066-029-C223_WESTORANGE_HA,2
B17_F31,LBAP_HMID_LMH_20-066-029-C223_WestOrange_RA,LBAP_HMID_LMH_20-066-029-C223_WESTORANGE_RA,2
B17_F31,LBAP_HMID_LMH_20-066-031-C225_Jasper_RA,LBAP_HMID_LMH_20-066-031-C225_JASPER_RA,7
B17_F31,LBAP_HMID_LMH_20-066-034-C232_PortArthur_DPA,LBAP_HMID_LMH_20-066-034-C232_PORTARTHUR_DPA,4
B17_F31,LBAP_HMID_LMH_20-066-034-C232_PortArthur_RA,LBAP_HMID_LMH_20-066-034-C232_PORTARTHUR_RA,4
B17_F31,LBAP_HMID_LMH_20-066-036-C242_JeffersonCounty_RA,LBAP_HMID_LMH_20-066-036-C242_JEFFERSONCOUNTY_RA,2
B17_F31,LBAP_HMID_LMH_20-066-038-C251_RoseHill_DPA-11022023163703,LBAP_HMID_LMH_20-066-038-C251_ROSEHILL_DPA,6
B17_F31,LBAP_HMID_LMH_20-066-039-C258_Orange_DPA,LBAP_HMID_LMH_20-066-039-C258_ORANGE_DPA,5
B17_F31,LBAP_HMID_LMH_20-066-039-C258_Orange_RA,LBAP_HMID_LMH_20-066-039-C258_ORANGE_RA,5
B17_F31,LBAP_HMID_LMH_20-066-041-C266_HardinCounty_RA,LBAP_HMID_LMH_20-066-041-C266_HARDINCOUNTY_RA,2
B17_F31,LBAP_HMID_LMH_20-066-043-C300_JasperCounty_RA,LBAP_HMID_LMH_20-066-043-C300_JASPERCOUNTY_RA,3
B17_F31,LBAP_HMID_LMH_20-066-044-C314_Beaumont_RA,LBAP_HMID_LMH_20-066-044-C314_BEAUMONT_RA,2
B17_F31,LBAP_HMID_LMH_20-066-045-C444_Friendswood_RA,LBAP_HMID_LMH_20-066-045-C444_FRIENDSWOOD_RA,4
B17_F31,LBAP_HMID_LMH_20-066-046-C455_GalvestonCounty_RA,LBAP_HMID_LMH_20-066-046-C455_GALVESTONCOUNTY_RA,2
B17_F31,LBAP_HMID_LMH_20-066-048-C526_OrangeCounty_DPA,LBAP_HMID_LMH_20-066-048-C526_ORANGECOUNTY_DPA,3
B17_F31,LBAP_HMID_LMH_20-066-048-C526_OrangeCounty_RA,LBAP_HMID_LMH_20-066-048-C526_ORANGECOUNTY_RA,6
B17_F31,LBAP_HMID_LMI_20-066-035-C237_PineForest,LBAP_HMID_LMI_20-066-035-C237_PINEFOREST,4
B17_F31,LBAP_HMID_LMI_20-066-037-C245_Pearland,LBAP_HMID_LMI_20-066-037-C245_PEARLAND,2
B17_F31,LBAP_HMID_LMI_20-066-038-C251_RoseHill,LBAP_HMID_LMI_20-066-038-C251_ROSEHILL,11
B17_F31,LBAP_HMID_LMI_20-066-040-C259_Dickinson,LBAP_HMID_LMI_20-066-040-C259_DICKINSON,3
B17_F31,LBAP_HMID_LMI_20-066-046-C455_GalvestonCounty_ACQ,LBAP_HMID_LMI_20-066-046-C455_GALVESTONCOUNTY_ACQ,2
B17_F31,LBAP_HMID_LMI_GranteeSupport[H5b]_ACQ,LBAP_HMID_LMI_GRANTEESUPPORT[H5B]_ACQ,7
B17_F31,LBAP_HMID_LMI_GranteeSupport[H5b]_ACQ_B,LBAP_HMID_LMI_GRANTEESUPPORT[H5B]_ACQ_B,8
B17_F31,LBAP_HMID_LMI_GranteeSupport[H5b]_HA,LBAP_HMID_LMI_GRANTEESUPPORT[H5B]_HA,8
B17_F31,LBAP_HMID_LMI_GranteeSupport[H5b]_HI,LBAP_HMID_LMI_GRANTEESUPPORT[H5B]_HI,7
B17_F31,LBAP_HMID_LMI_GranteeSupport[H5b]_RA,LBAP_HMID_LMI_GRANTEESUPPORT[H5B]_RA,7
B17_F31,LBAP_HMID_UN_20-066-001-B956_MontgomeryCounty,LBAP_HMID_UN_20-066-001-B956_MONTGOMERYCOUNTY,6
B17_F31,LBAP_HMID_UN_20-066-001-B956_MontgomeryCounty_DPA,LBAP_HMID_UN_20-066-001-B956_MONTGOMERYCOUNTY_DPA,3
B17_F31,LBAP_HMID_UN_20-066-001-B956_MontgomeryCounty_HI,LBAP_HMID_UN_20-066-001-B956_MONTGOMERYCOUNTY_HI,3
B17_F31,LBAP_HMID_UN_20-066-001-B956_MontgomeryCounty_RA,LBAP_HMID_UN_20-066-001-B956_MONTGOMERYCOUNTY_RA,4
B17_F31,LBAP_HMID_UN_20-066-004-C033_VictoriaCounty,LBAP_HMID_UN_20-066-004-C033_VICTORIACOUNTY,6
B17_F31,LBAP_HMID_UN_20-066-005-C034_Wharton,LBAP_HMID_UN_20-066-005-C034_WHARTON,4
B17_F31,LBAP_HMID_UN_20-066-006-C038_FortBendCounty,LBAP_HMID_UN_20-066-006-C038_FORTBENDCOUNTY,3
B17_F31,LBAP_HMID_UN_20-066-006-C038_FortBendCounty_DPA,LBAP_HMID_UN_20-066-006-C038_FORTBENDCOUNTY_DPA,2
B17_F31,LBAP_HMID_UN_20-066-006-C038_FortBendCounty_HI,LBAP_HMID_UN_20-066-006-C038_FORTBENDCOUNTY_HI,2
B17_F31,LBAP_HMID_UN_20-066-006-C038_FortBendCounty_RA,LBAP_HMID_UN_20-066-006-C038_FORTBENDCOUNTY_RA,2
B17_F31,LBAP_HMID_UN_20-066-007-C041_Victoria,LBAP_HMID_UN_20-066-007-C041_VICTORIA,12
B17_F31,LBAP_HMID_UN_20-066-007-C041_Victoria_RA,LBAP_HMID_UN_20-066-007-C041_VICTORIA_RA,8
B17_F31,LBAP_HMID_UN_20-066-008-C043_TexasCity,LBAP_HMID_UN_20-066-008-C043_TEXASCITY,10
B17_F31,LBAP_HMID_UN_20-066-008-C043_TexasCity_HI-03142024132957,LBAP_HMID_UN_20-066-008-C043_TEXASCITY_HI,6
B17_F31,LBAP_HMID_UN_20-066-008-C043_TexasCity_RA,LBAP_HMID_UN_20-066-008-C043_TEXASCITY_RA,6
B17_F31,LBAP_HMID_UN_20-066-009-C052_WhartonCounty,LBAP_HMID_UN_20-066-009-C052_WHARTONCOUNTY,9
B17_F31,LBAP_HMID_UN_20-066-010-C063_FayetteCounty,LBAP_HMID_UN_20-066-010-C063_FAYETTECOUNTY,15
B17_F31,LBAP_HMID_UN_20-066-010-C063_FayetteCounty_HI-11022023163938,LBAP_HMID_UN_20-066-010-C063_FAYETTECOUNTY_HI,6
B17_F31,LBAP_HMID_UN_20-066-010-C063_FayetteCounty_RA,LBAP_HMID_UN_20-066-010-C063_FAYETTECOUNTY_RA,4
B17_F31,LBAP_HMID_UN_20-066-013-C095_LibertyCounty,LBAP_HMID_UN_20-066-013-C095_LIBERTYCOUNTY,10
B17_F31,LBAP_HMID_UN_20-066-013-C095_LibertyCounty_RA,LBAP_HMID_UN_20-066-013-C095_LIBERTYCOUNTY_RA,7
B17_F31,LBAP_HMID_UN_20-066-015-C108_NewtonCounty,LBAP_HMID_UN_20-066-015-C108_NEWTONCOUNTY,7
B17_F31,LBAP_HMID_UN_20-066-017-C123_CorpusChristi,LBAP_HMID_UN_20-066-017-C123_CORPUSCHRISTI,3
B17_F31,LBAP_HMID_UN_20-066-018-C125_PolkCounty,LBAP_HMID_UN_20-066-018-C125_POLKCOUNTY,12
B17_F31,LBAP_HMID_UN_20-066-018-C125_PolkCounty_RA,LBAP_HMID_UN_20-066-018-C125_POLKCOUNTY_RA,2
B17_F31,LBAP_HMID_UN_20-066-019-C134_Nome,LBAP_HMID_UN_20-066-019-C134_NOME,1
B17_F31,LBAP_HMID_UN_20-066-020-C135_SanJacintoCounty,LBAP_HMID_UN_20-066-020-C135_SANJACINTOCOUNTY,16
B17_F31,LBAP_HMID_UN_20-066-020-C135_SanJacintoCounty_RA,LBAP_HMID_UN_20-066-020-C135_SANJACINTOCOUNTY_RA,3
B17_F31,LBAP_HMID_UN_20-066-021-C137_SourLake,LBAP_HMID_UN_20-066-021-C137_SOURLAKE,3
B17_F31,LBAP_HMID_UN_20-066-023-C168_Vidor,LBAP_HMID_UN_20-066-023-C168_VIDOR,6
B17_F31,LBAP_HMID_UN_20-066-023-C168_Vidor_DPA,LBAP_HMID_UN_20-066-023-C168_VIDOR_DPA,4
B17_F31,LBAP_HMID_UN_20-066-023-C168_Vidor_HI,LBAP_HMID_UN_20-066-023-C168_VIDOR_HI,4
B17_F31,LBAP_HMID_UN_20-066-023-C168_Vidor_RA,LBAP_HMID_UN_20-066-023-C168_VIDOR_RA,4
B17_F31,LBAP_HMID_UN_20-066-024-C178_Silsbee,LBAP_HMID_UN_20-066-024-C178_SILSBEE,9
B17_F31,LBAP_HMID_UN_20-066-024-C178_Silsbee_HI,LBAP_HMID_UN_20-066-024-C178_SILSBEE_HI,2
B17_F31,LBAP_HMID_UN_20-066-024-C178_Silsbee_RA,LBAP_HMID_UN_20-066-024-C178_SILSBEE_RA,2
B17_F31,LBAP_HMID_UN_20-066-025-C202_BridgeCity_DPA-02022024102520,LBAP_HMID_UN_20-066-025-C202_BRIDGECITY_DPA,2
B17_F31,LBAP_HMID_UN_20-066-025-C202_BridgeCity_HI-02022024102659,LBAP_HMID_UN_20-066-025-C202_BRIDGECITY_HI,2
B17_F31,LBAP_HMID_UN_20-066-025-C202_BridgeCity_RA,LBAP_HMID_UN_20-066-025-C202_BRIDGECITY_RA,3
B17_F31,LBAP_HMID_UN_20-066-030-C224_Ingleside,LBAP_HMID_UN_20-066-030-C224_INGLESIDE,8
B17_F31,LBAP_HMID_UN_20-066-031-C225_Jasper,LBAP_HMID_UN_20-066-031-C225_JASPER,9
B17_F31,LBAP_HMID_UN_20-066-036-C242_JeffersonCounty,LBAP_HMID_UN_20-066-036-C242_JEFFERSONCOUNTY,7
B17_F31,LBAP_HMID_UN_20-066-036-C242_JeffersonCounty_HI,LBAP_HMID_UN_20-066-036-C242_JEFFERSONCOUNTY_HI,2
B17_F31,LBAP_HMID_UN_20-066-036-C242_JeffersonCounty_RA,LBAP_HMID_UN_20-066-036-C242_JEFFERSONCOUNTY_RA,2
B17_F31,LBAP_HMID_UN_20-066-038-C251_RoseHill,LBAP_HMID_UN_20-066-038-C251_ROSEHILL,10
B17_F31,LBAP_HMID_UN_20-066-038-C251_RoseHill_DPA-08302023102816-11022023160937,LBAP_HMID_UN_20-066-038-C251_ROSEHILL_DPA,6
B17_F31,LBAP_HMID_UN_20-066-038-C251_RoseHill_HI-11022023163812,LBAP_HMID_UN_20-066-038-C251_ROSEHILL_HI,6
B17_F31,LBAP_HMID_UN_20-066-038-C251_RoseHill_RA-11022023163721,LBAP_HMID_UN_20-066-038-C251_ROSEHILL_RA,6
B17_F31,LBAP_HMID_UN_20-066-039-C258_Orange,LBAP_HMID_UN_20-066-039-C258_ORANGE,9
B17_F31,LBAP_HMID_UN_20-066-039-C258_Orange_DPA,LBAP_HMID_UN_20-066-039-C258_ORANGE_DPA,5
B17_F31,LBAP_HMID_UN_20-066-039-C258_Orange_HI-11022023163848,LBAP_HMID_UN_20-066-039-C258_ORANGE_HI,6
B17_F31,LBAP_HMID_UN_20-066-039-C258_Orange_RA,LBAP_HMID_UN_20-066-039-C258_ORANGE_RA,5
B17_F31,LBAP_HMID_UN_20-066-040-C259_Dickinson,LBAP_HMID_UN_20-066-040-C259_DICKINSON,3
B17_F31,LBAP_HMID_UN_20-066-040-C259_Dickinson_HI,LBAP_HMID_UN_20-066-040-C259_DICKINSON_HI,2
B17_F31,LBAP_HMID_UN_20-066-041-C266_HardinCounty,LBAP_HMID_UN_20-066-041-C266_HARDINCOUNTY,4
B17_F31,LBAP_HMID_UN_20-066-043-C300_JasperCounty,LBAP_HMID_UN_20-066-043-C300_JASPERCOUNTY,7
B17_F31,LBAP_HMID_UN_20-066-043-C300_JasperCounty_RA-07102024112816,LBAP_HMID_UN_20-066-043-C300_JASPERCOUNTY_RA,2
B17_F31,LBAP_HMID_UN_20-066-044-C314_Beaumont,LBAP_HMID_UN_20-066-044-C314_BEAUMONT,8
B17_F31,LBAP_HMID_UN_20-066-044-C314_Beaumont_HI,LBAP_HMID_UN_20-066-044-C314_BEAUMONT_HI,6
B17_F31,LBAP_HMID_UN_20-066-044-C314_Beaumont_RA,LBAP_HMID_UN_20-066-044-C314_BEAUMONT_RA,1
B17_F31,LBAP_HMID_UN_20-066-045-C444_Friendswood,LBAP_HMID_UN_20-066-045-C444_FRIENDSWOOD,11
B17_F31,LBAP_HMID_UN_20-066-045-C444_Friendswood_HI,LBAP_HMID_UN_20-066-045-C444_FRIENDSWOOD_HI,2
B17_F31,LBAP_HMID_UN_20-066-045-C444_Friendswood_RA,LBAP_HMID_UN_20-066-045-C444_FRIENDSWOOD_RA,7
B17_F31,LBAP_HMID_UN_20-066-046-C455_GalvestonCounty_ACQ,LBAP_HMID_UN_20-066-046-C455_GALVESTONCOUNTY_ACQ,8
B17_F31,LBAP_HMID_UN_20-066-046-C455_GalvestonCounty_HI,LBAP_HMID_UN_20-066-046-C455_GALVESTONCOUNTY_HI,1
B17_F31,LBAP_HMID_UN_20-066-046-C455_GalvestonCounty_RA,LBAP_HMID_UN_20-066-046-C455_GALVESTONCOUNTY_RA,4
B17_F31,LBAP_HMID_UN_20-066-048-C526_OrangeCounty,LBAP_HMID_UN_20-066-048-C526_ORANGECOUNTY,13
B17_F31,LBAP_HMID_UN_20-066-048-C526_OrangeCounty_HI,LBAP_HMID_UN_20-066-048-C526_ORANGECOUNTY_HI,6
B17_F31,LBAP_HMID_UN_20-066-048-C526_OrangeCounty_RA,LBAP_HMID_UN_20-066-048-C526_ORANGECOUNTY_RA,6
B17_F31,LBAP_HMID_UN_20-066-049-C772_LeagueCity,LBAP_HMID_UN_20-066-049-C772_LEAGUECITY,4
B17_F31,LBAP_HMID_UN_GranteeSupport[H5b]_ACQ,LBAP_HMID_UN_GRANTEESUPPORT[H5B]_ACQ,7
B17_F31,LBAP_HMID_UN_GranteeSupport[H5b]_ACQ_B,LBAP_HMID_UN_GRANTEESUPPORT[H5B]_ACQ_B,7
B17_F31,LBAP_HMID_UN_GranteeSupport[H5b]_HA,LBAP_HMID_UN_GRANTEESUPPORT[H5B]_HA,6
B17_F31,LBAP_HMID_UN_GranteeSupport[H5b]_HI,LBAP_HMID_UN_GRANTEESUPPORT[H5B]_HI,7
B17_F31,LBAP_HMID_UN_GranteeSupport[H5b]_RA,LBAP_HMID_UN_GRANTEESUPPORT[H5B]_RA,7
B17_F31,LBAP_SMID_LMA_20-066-033-C229_GonzalesCounty,LBAP_SMID_LMA_20-066-033-C229_GONZALESCOUNTY,6
B17_F31,LBAP_SMID_LMB_20-066-002-B957_AustinCounty,LBAP_SMID_LMB_20-066-002-B957_AUSTINCOUNTY,15
B17_F31,LBAP_SMID_LMB_20-066-003-B966_GrimesCounty,LBAP_SMID_LMB_20-066-003-B966_GRIMESCOUNTY,10
B17_F31,LBAP_SMID_LMB_20-066-011-C074_WallerCounty,LBAP_SMID_LMB_20-066-011-C074_WALLERCOUNTY,11
B17_F31,LBAP_SMID_LMB_20-066-012-C094_CaldwellCounty,LBAP_SMID_LMB_20-066-012-C094_CALDWELLCOUNTY,7
B17_F31,LBAP_SMID_LMB_20-066-014-C106_LeeCounty,LBAP_SMID_LMB_20-066-014-C106_LEECOUNTY,3
B17_F31,LBAP_SMID_LMB_20-066-016-C112_TylerCounty,LBAP_SMID_LMB_20-066-016-C112_TYLERCOUNTY,8
B17_F31,LBAP_SMID_LMB_20-066-026-C215_MilamCounty,LBAP_SMID_LMB_20-066-026-C215_MILAMCOUNTY,6
B17_F31,LBAP_SMID_LMB_20-066-027-C220_GoliadCounty,LBAP_SMID_LMB_20-066-027-C220_GOLIADCOUNTY,6
B17_F31,LBAP_SMID_LMB_20-066-028-C222_BastropCounty,LBAP_SMID_LMB_20-066-028-C222_BASTROPCOUNTY,9
B17_F31,LBAP_SMID_LMB_20-066-032-C226_KarnesCounty,LBAP_SMID_LMB_20-066-032-C226_KARNESCOUNTY,6
B17_F31,LBAP_SMID_LMHI_20-066-002-B957_AustinCounty-09092024135919,LBAP_SMID_LMHI_20-066-002-B957_AUSTINCOUNTY,8
B17_F31,LBAP_SMID_LMHI_20-066-011-C074_WallerCounty,LBAP_SMID_LMHI_20-066-011-C074_WALLERCOUNTY,5
B17_F31,LBAP_SMID_LMHI_20-066-016-C112_TylerCounty,LBAP_SMID_LMHI_20-066-016-C112_TYLERCOUNTY,2
B17_F31,LBAP_SMID_LMH_20-066-002-B957_AustinCounty_RA,LBAP_SMID_LMH_20-066-002-B957_AUSTINCOUNTY_RA,5
B17_F31,LBAP_SMID_LMH_20-066-003-B966_GrimesCounty_DPA,LBAP_SMID_LMH_20-066-003-B966_GRIMESCOUNTY_DPA,4
B17_F31,LBAP_SMID_LMH_20-066-003-B966_GrimesCounty_RA,LBAP_SMID_LMH_20-066-003-B966_GRIMESCOUNTY_RA,6
B17_F31,LBAP_SMID_LMH_20-066-011-C074_WallerCounty_RA,LBAP_SMID_LMH_20-066-011-C074_WALLERCOUNTY_RA,2
B17_F31,LBAP_SMID_LMH_20-066-012-C094_CaldwellCounty,LBAP_SMID_LMH_20-066-012-C094_CALDWELLCOUNTY,6
B17_F31,LBAP_SMID_LMH_20-066-016-C112_TylerCounty_DPA,LBAP_SMID_LMH_20-066-016-C112_TYLERCOUNTY_DPA,1
B17_F31,LBAP_SMID_LMH_20-066-016-C112_TylerCounty_RA,LBAP_SMID_LMH_20-066-016-C112_TYLERCOUNTY_RA,2
B17_F31,LBAP_SMID_LMH_20-066-026-C215_MilamCounty_RA-08072024121227,LBAP_SMID_LMH_20-066-026-C215_MILAMCOUNTY_RA,2
B17_F31,LBAP_SMID_LMH_20-066-027-C220_GoliadCounty_RA,LBAP_SMID_LMH_20-066-027-C220_GOLIADCOUNTY_RA,6
B17_F31,LBAP_SMID_LMH_20-066-028-C222_BastropCounty_RA,LBAP_SMID_LMH_20-066-028-C222_BASTROPCOUNTY_RA,6
B17_F31,LBAP_SMID_LMH_20-066-032-C226_KarnesCounty,LBAP_SMID_LMH_20-066-032-C226_KARNESCOUNTY,6
B17_F31,LBAP_SMID_LMH_20-066-033-C229_GonzalesCounty,LBAP_SMID_LMH_20-066-033-C229_GONZALESCOUNTY,6
B17_F31,LBAP_SMID_LMI_GranteeSupport[H5b]_ACQ_B,LBAP_SMID_LMI_GRANTEESUPPORT[H5B]_ACQ_B,7
B17_F31,LBAP_SMID_LMI_GranteeSupport[H5b]_HI,LBAP_SMID_LMI_GRANTEESUPPORT[H5B]_HI,7
B17_F31,LBAP_SMID_LMI_GranteeSupport[H5b]_RA,LBAP_SMID_LMI_GRANTEESUPPORT[H5B]_RA,7
B17_F31,LBAP_SMID_UN_20-066-002-B957_AustinCounty,LBAP_SMID_UN_20-066-002-B957_AUSTINCOUNTY,15
B17_F31,LBAP_SMID_UN_20-066-002-B957_AustinCounty_HI-11022023163954,LBAP_SMID_UN_20-066-002-B957_AUSTINCOUNTY_HI,6
B17_F31,LBAP_SMID_UN_20-066-002-B957_AustinCounty_RA,LBAP_SMID_UN_20-066-002-B957_AUSTINCOUNTY_RA,4
B17_F31,LBAP_SMID_UN_20-066-011-C074_WallerCounty,LBAP_SMID_UN_20-066-011-C074_WALLERCOUNTY,12
B17_F31,LBAP_SMID_UN_20-066-011-C074_WallerCounty_RA,LBAP_SMID_UN_20-066-011-C074_WALLERCOUNTY_RA,6
B17_F31,LBAP_SMID_UN_20-066-016-C112_TylerCounty,LBAP_SMID_UN_20-066-016-C112_TYLERCOUNTY,3
B17_F31,LBAP_SMID_UN_20-066-026-C215_MilamCounty,LBAP_SMID_UN_20-066-026-C215_MILAMCOUNTY,7
B17_F31,LBAP_SMID_UN_20-066-026-C215_MilamCounty_RA-08072024121115,LBAP_SMID_UN_20-066-026-C215_MILAMCOUNTY_RA,2
B17_F31,LBAP_SMID_UN_20-066-027-C220_GoliadCounty,LBAP_SMID_UN_20-066-027-C220_GOLIADCOUNTY,6
B17_F31,LBAP_SMID_UN_20-066-027-C220_GoliadCounty_RA,LBAP_SMID_UN_20-066-027-C220_GOLIADCOUNTY_RA,6
B17_F31,LBAP_SMID_UN_20-066-028-C222_BastropCounty,LBAP_SMID_UN_20-066-028-C222_BASTROPCOUNTY,7
B17_F31,LBAP_SMID_UN_20-066-028-C222_BastropCounty_HI-11022023163922,LBAP_SMID_UN_20-066-028-C222_BASTROPCOUNTY_HI,6
B17_F31,LBAP_SMID_UN_20-066-032-C226_KarnesCounty,LBAP_SMID_UN_20-066-032-C226_KARNESCOUNTY,6
B17_F31,LBAP_SMID_UN_20-066-032-C226_KarnesCounty_RA,LBAP_SMID_UN_20-066-032-C226_KARNESCOUNTY_RA,6
B17_F31,LBAP_SMID_UN_20-066-033-C229_GonzalesCounty,LBAP_SMID_UN_20-066-033-C229_GONZALESCOUNTY,6
B17_F31,LBAP_SMID_UN_20-066-033-C229_GonzalesCounty_RA,LBAP_SMID_UN_20-066-033-C229_GONZALESCOUNTY_RA,6
B17_F31,LBAP_SMID_UN_GranteeSupport[H5b]_ACQ_B,LBAP_SMID_UN_GRANTEESUPPORT[H5B]_ACQ_B,7
B17_F31,LBAP_SMID_UN_GranteeSupport[H5b]_RA,LBAP_SMID_UN_GRANTEESUPPORT[H5B]_RA,7
B17_F31,PH_18-229-000 WOA907-09132019154303,PH_18-229-000 WOA907,2
B17_F31,PH_18-229-000 WOB005-09132019154712,PH_18-229-000 WOB005,2
B17_F31,PH_18-229-000 WOB729-09132019155013,PH_18-229-000 WOB729,2
B17_F31,PH_18-497-001-B222-09132019155228,PH_18-497-001-B222,2
B17_F31,PH_18-497-002-B229-09132019155656,PH_18-497-002-B229,2
B17_F31,PH_18-497-003-B230-09132019155941,PH_18-497-003-B230,2
B17_F31,PH_18-497-004-B233-09132019160201,PH_18-497-004-B233,2
B17_F31,PH_18-497-005-B234-09132019160737,PH_18-497-005-B234,2
B17_F31,PH_18-497-006-B235-09132019161021,PH_18-497-006-B235,2
B17_F31,PH_18-497-007-B236-09132019160550,PH_18-497-007-B236,2
B17_F31,PH_18-497-008-B237-09132019161223,PH_18-497-008-B237,2
B17_F31,PH_18-497-009-B238-09132019161316,PH_18-497-009-B238,2
B17_F31,PH_18-505-001-B504-09132019152957,PH_18-505-001-B504,2
B17_F31,PH_DETCOG-09122019165507,PH_DETCOG,2
B17_F31,PH_GCRPC-09122019165753,PH_GCRPC,2
B17_F31,PH_H-GAC-09122019170255,PH_H-GAC,2
B17_F31,PH_HUD MI Planning-09202019161147,PH_HUD MI PLANNING,2
B17_F31,PH_HUD_MI_Affordable Rental Program-09132019164204,PH_HUD_MI_AFFORDABLE RENTAL PROGRAM,2
B17_F31,PH_HUD_MI_DETCOG-09162019112948,PH_HUD_MI_DETCOG,2
B17_F31,PH_HUD_MI_GCRPC-09162019113059,PH_HUD_MI_GCRPC,2
B17_F31,PH_HUD_MI_H-GAC-09162019113150,PH_HUD_MI_H-GAC,2
B17_F31,PH_HUD_MI_SETRPC-09162019113250,PH_HUD_MI_SETRPC,2
B17_F31,PH_Multi_HUD_MI_Abby Court L.P.-09132019165808,PH_MULTI_HUD_MI_ABBY COURT L.P.,2
B17_F31,PH_Multi_HUD_MI_Cedar Ridge Apartments-09132019165850,PH_MULTI_HUD_MI_CEDAR RIDGE APARTMENTS,2
B17_F31,PH_Multi_HUD_MI_Coastal Bend Crossing-09132019170023,PH_MULTI_HUD_MI_COASTAL BEND CROSSING,2
B17_F31,PH_Multi_HUD_MI_Edison Square-09132019170219,PH_MULTI_HUD_MI_EDISON SQUARE,2
B17_F31,PH_Multi_HUD_MI_Huntington Lago Mar-09132019172920,PH_MULTI_HUD_MI_HUNTINGTON LAGO MAR,2
B17_F31,PH_Multi_HUD_MI_Kountze Pioneer Crossing-09132019172843,PH_MULTI_HUD_MI_KOUNTZE PIONEER CROSSING,2
B17_F31,PH_Multi_HUD_MI_La Belle Maison-09132019172730,PH_MULTI_HUD_MI_LA BELLE MAISON,2
B17_F31,PH_Multi_HUD_MI_Laguna Shores-09132019172648,PH_MULTI_HUD_MI_LAGUNA SHORES,2
B17_F31,PH_Multi_HUD_MI_Magnolia Place-09132019173025,PH_MULTI_HUD_MI_MAGNOLIA PLACE,2
B17_F31,PH_Multi_HUD_MI_Maple Court L.P.-09132019171958,PH_MULTI_HUD_MI_MAPLE COURT L.P.,2
B17_F31,PH_Multi_HUD_MI_Ocean View Apartments-09132019171913,PH_MULTI_HUD_MI_OCEAN VIEW APARTMENTS,2
B17_F31,PH_Multi_HUD_MI_Parkside Place-09132019171825,PH_MULTI_HUD_MI_PARKSIDE PLACE,2
B17_F31,PH_Multi_HUD_MI_Pebble Creek Apartments-09132019171741,PH_MULTI_HUD_MI_PEBBLE CREEK APARTMENTS,2
B17_F31,PH_Multi_HUD_MI_SilverLeaf at Orange-09132019171651,PH_MULTI_HUD_MI_SILVERLEAF AT ORANGE,2
B17_F31,PH_Multi_HUD_MI_Sphinx at Rockport I-09132019171607,PH_MULTI_HUD_MI_SPHINX AT ROCKPORT I,2
B17_F31,PH_Multi_HUD_MI_The Groves-09132019171517,PH_MULTI_HUD_MI_THE GROVES,2
B17_F31,PH_Multi_HUD_MI_Tramonti at Kemah-09132019171433,PH_MULTI_HUD_MI_TRAMONTI AT KEMAH,2
B17_F31,PH_Multi_HUD_MI_Wharton Independent School-09132019171338,PH_MULTI_HUD_MI_WHARTON INDEPENDENT SCHOOL,2
B17_F31,PH_Multi_HUD_MI_Winnhaven-09132019171246,PH_MULTI_HUD_MI_WINNHAVEN,2
B17_F31,PH_Multi_HUD_Magnolia Station-09132019165627,PH_MULTI_HUD_MAGNOLIA STATION,2
B17_F31,PH_Multi_HUD_Sphinx at Sienna Villas-09132019171150,PH_MULTI_HUD_SPHINX AT SIENNA VILLAS,2
B17_F31,PH_Multi_HUD_The Oaks at Hitchcock-09132019171042,PH_MULTI_HUD_THE OAKS AT HITCHCOCK,2
B17_F31,PH_Multi_State_MI_Dove Court I-09132019174154,PH_MULTI_STATE_MI_DOVE COURT I,2
B17_F31,PH_Multi_State_MI_Henderson Place Apartments-09132019174252,PH_MULTI_STATE_MI_HENDERSON PLACE APARTMENTS,2
B17_F31,PH_Multi_State_MI_Maple Park Senior Village-09132019174402,PH_MULTI_STATE_MI_MAPLE PARK SENIOR VILLAGE,2
B17_F31,PH_Multi_State_MI_The Oaks at Brenham-09132019174447,PH_MULTI_STATE_MI_THE OAKS AT BRENHAM,2
B17_F31,PH_Multi_State_MI_Waverly Village-09132019174527,PH_MULTI_STATE_MI_WAVERLY VILLAGE,2
B17_F31,PH_SETRPC-09122019170752,PH_SETRPC,2
B17_F31,PH_State_Leatherwood Terrace Apartments-09132019174610,PH_STATE_LEATHERWOOD TERRACE APARTMENTS,2
B17_F31,PH_State_MI_AACOG-09122019171413,PH_STATE_MI_AACOG,2
B17_F31,PH_State_MI_ARP-09132019174702,PH_STATE_MI_ARP,2
B17_F31,PH_State_MI_BVCOG-09122019171558,PH_STATE_MI_BVCOG,2
B17_F31,PH_State_MI_CAPCOG-09122019171916,PH_STATE_MI_CAPCOG,2
B17_F31,PH_State_MI_CBCOG-09122019173205,PH_STATE_MI_CBCOG,2
B17_F31,PH_State_MI_CTCOG-09122019173331,PH_STATE_MI_CTCOG,2
B17_F31,PH_State_MI_DETCOG-09122019174014,PH_STATE_MI_DETCOG,2
B17_F31,PH_State_MI_GCRPC-09122019174245,PH_STATE_MI_GCRPC,2
B17_F31,PH_State_MI_H-GAC-09122019174517,PH_STATE_MI_H-GAC,2
B17_F31,PH_State_MI_INF_AACOG-09162019113612,PH_STATE_MI_INF_AACOG,2
B17_F31,PH_State_MI_INF_BVCOG-09162019113751,PH_STATE_MI_INF_BVCOG,2
B17_F31,PH_State_MI_INF_CAPCOG-09162019114002,PH_STATE_MI_INF_CAPCOG,2
B17_F31,PH_State_MI_INF_CBCOG-09162019114057,PH_STATE_MI_INF_CBCOG,2
B17_F31,PH_State_MI_INF_CTCOG-09162019114332,PH_STATE_MI_INF_CTCOG,2
B17_F31,PH_State_MI_INF_Calhoun County-09162019113915,PH_STATE_MI_INF_CALHOUN COUNTY,2
B17_F31,PH_State_MI_INF_DETCOG-09162019114441,PH_STATE_MI_INF_DETCOG,2
B17_F31,PH_State_MI_INF_GCRPC-09162019114558,PH_STATE_MI_INF_GCRPC,2
B17_F31,PH_State_MI_INF_H-GAC-09162019114834,PH_STATE_MI_INF_H-GAC,2
B17_F31,PLANNING,PLANNING,31
B17_F31,PREPS_HMID_UN,PREPS_HMID_UN,7
B17_F31,PREPS_SMID_UN,PREPS_SMID_UN,7
B17_F31,Planning[H5b]_20-152-000-C177_TexasA&MUniversity,PLANNING[H5B]_20-152-000-C177_TEXASA&MUNIVERSITY,3
B17_F31,Planning[H5b]_20-165-000-C238_TexasA&MUniversity,PLANNING[H5B]_20-165-000-C238_TEXASA&MUNIVERSITY,2
B17_F31,Planning[H5b]_21-127-000-C778_TWDB,PLANNING[H5B]_21-127-000-C778_TWDB,2
B17_F31,Planning[H5b]_21-245-000-D081_TexasA&MUniversity,PLANNING[H5B]_21-245-000-D081_TEXASA&MUNIVERSITY,2
B17_F31,Planning[H5b]_21-245-000-D082_TexasA&MUniversity,PLANNING[H5B]_21-245-000-D082_TEXASA&MUNIVERSITY,2
B17_F31,Planning[H5b]_22-093-000-D262_TexasA&MUniversity,PLANNING[H5B]_22-093-000-D262_TEXASA&MUNIVERSITY,3
B18_F31,ADMINISTRATION,ADMINISTRATION,5
B18_F31,ARP_HMID_LMI,ARP_HMID_LMI,2
B18_F31,HAP[CBCOG]_HMID_LMI,HAP[CBCOG]_HMID_LMI,2
B18_F31,HAP[DETCOG]_HMID_LMI,HAP[DETCOG]_HMID_LMI,2
B18_F31,HAP[HGAC]_HMID_LMI,HAP[HGAC]_HMID_LMI,2
B18_F31,HAP[HGAC]_HMID_UN,HAP[HGAC]_HMID_UN,2
B18_F31,HAP[Harris]_HMID_LMI,HAP[HARRIS]_HMID_LMI,3
B18_F31,HAP[Houston]_HMID_LMI,HAP[HOUSTON]_HMID_LMI,12
B18_F31,HAP[Houston]_HMID_UN,HAP[HOUSTON]_HMID_UN,6
B18_F31,HAP[SETRPC]_HMID_LMI,HAP[SETRPC]_HMID_LMI,2
B18_F31,HCADMIN_DA_NA_19-147-002-B490,HCADMIN_DA_NA_19-147-002-B490,8
B18_F31,HCARP_DA_LMI_19-147-002-B490,HCARP_DA_LMI_19-147-002-B490,13
B18_F31,HCBP_DA_LMHI_19-147-002-B490_HI,HCBP_DA_LMHI_19-147-002-B490_HI,6
B18_F31,HCBP_DA_LMI_19-147-002-B490_ACQ,HCBP_DA_LMI_19-147-002-B490_ACQ,8
B18_F31,HCBP_DA_LMI_19-147-002-B490_RA,HCBP_DA_LMI_19-147-002-B490_RA,10
B18_F31,HCBP_DA_UN_19-147-002-B490_HI,HCBP_DA_UN_19-147-002-B490_HI,6
B18_F31,HCComBP_DA_LMI_19-147-002-B490_ACQ,HCCOMBP_DA_LMI_19-147-002-B490_ACQ,2
B18_F31,HCComBP_DA_LMI_19-147-002-B490_RA,HCCOMBP_DA_LMI_19-147-002-B490_RA,1
B18_F31,HCCompApp_DA_LMI_19-147-002-B490_F&D,HCCOMPAPP_DA_LMI_19-147-002-B490_F&D,1
B18_F31,HCCompApp_DA_LMI_19-147-002-B490_PF,HCCOMPAPP_DA_LMI_19-147-002-B490_PF,1
B18_F31,HCFCD_DA_HMID_LMI_24-033-000-E072,HCFCD_DA_HMID_LMI_24-033-000-E072,8
B18_F31,HCFCD_DA_HMID_UN_24-033-000-E072,HCFCD_DA_HMID_UN_24-033-000-E072,8
B18_F31,HCHAP_DA_LMI_19-147-002-B490,HCHAP_DA_LMI_19-147-002-B490,2
B18_F31,HCHAP_DA_UN_19-147-002-B490,HCHAP_DA_UN_19-147-002-B490,2
B18_F31,HCMOD_DA_LMI_19-147-002-B490_F&D,HCMOD_DA_LMI_19-147-002-B490_F&D,10
B18_F31,HouHBAP_DA_LMI_21-134-000-C788,HOUHBAP_DA_LMI_21-134-000-C788,2
B18_F31,HouHBAP_DA_UN_21-134-000-C788,HOUHBAP_DA_UN_21-134-000-C788,2
B18_F31,HouHoAP[AcqG]_DA_LMI_19-147-001-B489-08122021094037,HOUHOAP[ACQG]_DA_LMI_19-147-001-B489,2
B18_F31,HouHoAP[CM]_DA_LMI_21-134-000-C788,HOUHOAP[CM]_DA_LMI_21-134-000-C788,3
B18_F31,HouHoAP[CM]_DA_UN_21-134-000-C788,HOUHOAP[CM]_DA_UN_21-134-000-C788,2
B18_F31,HouHoAP[HM]_DA_LMI_19-147-001-B489-08122021094814,HOUHOAP[HM]_DA_LMI_19-147-001-B489,2
B18_F31,HouHoAP[HM]_DA_UN_19-147-001-B489-08122021094913,HOUHOAP[HM]_DA_UN_19-147-001-B489,2
B18_F31,HouHoAP[IMAO]_DA_LMI_19-147-001-B489-08122021095026,HOUHOAP[IMAO]_DA_LMI_19-147-001-B489,2
B18_F31,HouHoAP[IMAO]_DA_UN_19-147-001-B489-08122021095131,HOUHOAP[IMAO]_DA_UN_19-147-001-B489,2
B18_F31,HouHoAP[Reimb]_DA_LMI_21-134-000-C788,HOUHOAP[REIMB]_DA_LMI_21-134-000-C788,2
B18_F31,HouHoAP[Reimb]_DA_UN_21-134-000-C788,HOUHOAP[REIMB]_DA_UN_21-134-000-C788,3
B18_F31,HouMFRP_DA_LMI_21-134-000-C788,HOUMFRP_DA_LMI_21-134-000-C788,11
B18_F31,HouSFDP_DA_LMI_21-134-000-C788,HOUSFDP_DA_LMI_21-134-000-C788,6
B18_F31,HouSRP_DA_LMI_21-134-000-C788,HOUSRP_DA_LMI_21-134-000-C788,2
B18_F31,PLANNING,PLANNING,8
P31,ARP_HMID_LMI,ARP_HMID_LMI,12
P31,ARP_SMID_LMI,ARP_SMID_LMI,9
P31,ERP_HMID_LMI,ERP_HMID_LMI,7
P31,ERP_SMID_LMI,ERP_SMID_LMI,7
P31,HAP[AACOG]_SMID_LMI,HAP[AACOG]_SMID_LMI,9
P31,HAP[AACOG]_SMID_UN,HAP[AACOG]_SMID_UN,12
P31,HAP[BVCOG]_SMID_LMI,HAP[BVCOG]_SMID_LMI,9
P31,HAP[BVCOG]_SMID_UN,HAP[BVCOG]_SMID_UN,4
P31,HAP[CAPCOG]_HMID_LMI,HAP[CAPCOG]_HMID_LMI,9
P31,HAP[CAPCOG]_SMID_LMI,HAP[CAPCOG]_SMID_LMI,9
P31,HAP[CAPCOG]_SMID_UN,HAP[CAPCOG]_SMID_UN,5
P31,HAP[CBCOG]_HMID_LMI,HAP[CBCOG]_HMID_LMI,9
P31,HAP[CBCOG]_HMID_UN,HAP[CBCOG]_HMID_UN,9
P31,HAP[CBCOG]_SMID_LMI,HAP[CBCOG]_SMID_LMI,9
P31,HAP[CBCOG]_SMID_UN,HAP[CBCOG]_SMID_UN,9
P31,HAP[CTCOG]_SMID_LMI-12102021094836,HAP[CTCOG]_SMID_LMI,3
P31,HAP[DETCOG]_HMID_LMI,HAP[DETCOG]_HMID_LMI,9
P31,HAP[DETCOG]_HMID_UN,HAP[DETCOG]_HMID_UN,9
P31,HAP[DETCOG]_SMID_LMI,HAP[DETCOG]_SMID_LMI,9
P31,HAP[DETCOG]_SMID_UN,HAP[DETCOG]_SMID_UN,9
P31,HAP[GCRPC]_HMID_LMI,HAP[GCRPC]_HMID_LMI,9
P31,HAP[GCRPC]_HMID_UN,HAP[GCRPC]_HMID_UN,9
P31,HAP[GCRPC]_SMID_LMI,HAP[GCRPC]_SMID_LMI,9
P31,HAP[GCRPC]_SMID_UN,HAP[GCRPC]_SMID_UN,5
P31,HAP[HGAC]_HMID_LMI,HAP[HGAC]_HMID_LMI,9
P31,HAP[HGAC]_HMID_UN,HAP[HGAC]_HMID_UN,9
P31,HAP[HGAC]_SMID_LMI,HAP[HGAC]_SMID_LMI,9
P31,HAP[HGAC]_SMID_UN,HAP[HGAC]_SMID_UN,9
P31,HAP[Harris]_HMID_LMI,HAP[HARRIS]_HMID_LMI,10
P31,HAP[Harris]_HMID_UN,HAP[HARRIS]_HMID_UN,6
P31,HAP[Houston]_HMID_LMI,HAP[HOUSTON]_HMID_LMI,10
P31,HAP[Houston]_HMID_UN,HAP[HOUSTON]_HMID_UN,6
P31,HAP[SETRPC]_HMID_LMI,HAP[SETRPC]_HMID_LMI,9
P31,HAP[SETRPC]_HMID_UN,HAP[SETRPC]_HMID_UN,9
P31,HCARP_DA_LMI_19-147-002-B490,HCARP_DA_LMI_19-147-002-B490,8
P31,HCBP_DA_LMHI_19-147-002-B490_HI,HCBP_DA_LMHI_19-147-002-B490_HI,10
P31,HCFCD_DA_HMID_LMI_24-033-000-E072,HCFCD_DA_HMID_LMI_24-033-000-E072,3
P31,HCFCD_DA_HMID_UN_24-033-000-E072,HCFCD_DA_HMID_UN_24-033-000-E072,3
P31,HCHAP_DA_LMI_19-147-002-B490,HCHAP_DA_LMI_19-147-002-B490,10
P31,HCHAP_DA_UN_19-147-002-B490,HCHAP_DA_UN_19-147-002-B490,6
P31,HCHRP_DA_LMI_19-147-002-B490,HCHRP_DA_LMI_19-147-002-B490,9
P31,HCHRP_DA_UN_19-147-002-B490,HCHRP_DA_UN_19-147-002-B490,4
P31,HCPS_DA_LMI_19-147-002-B490,HCPS_DA_LMI_19-147-002-B490,3
P31,HCSFNC_DA_LMI_19-147-002-B490,HCSFNC_DA_LMI_19-147-002-B490,8
P31,HRP_HMID_LMI,HRP_HMID_LMI,9
P31,HRP_HMID_UN,HRP_HMID_UN,9
P31,HRP_SMID_LMI,HRP_SMID_LMI,9
P31,HRP_SMID_UN,HRP_SMID_UN,9
P31,HouBP_DA_LMI_21-134-000-C788_RA,HOUBP_DA_LMI_21-134-000-C788_RA,6
P31,HouERP_DA_LMI_21-134-000-C788,HOUERP_DA_LMI_21-134-000-C788,4
P31,HouHBAP-2_DA_LMI_21-134-000-C788,HOUHBAP-2_DA_LMI_21-134-000-C788,8
P31,HouHBAP-2_DA_UN_21-134-000-C788,HOUHBAP-2_DA_UN_21-134-000-C788,4
P31,HouHBAP_DA_LMI_21-134-000-C788,HOUHBAP_DA_LMI_21-134-000-C788,8
P31,HouHBAP_DA_UN_21-134-000-C788,HOUHBAP_DA_UN_21-134-000-C788,8
P31,HouHoAP[CM]_DA_LMI_21-134-000-C788,HOUHOAP[CM]_DA_LMI_21-134-000-C788,9
P31,HouHoAP[CM]_DA_UN_21-134-000-C788,HOUHOAP[CM]_DA_UN_21-134-000-C788,5
P31,HouHoAP[Reimb]_DA_LMI_21-134-000-C788,HOUHOAP[REIMB]_DA_LMI_21-134-000-C788,8
P31,HouHoAP[Reimb]_DA_UN_21-134-000-C788,HOUHOAP[REIMB]_DA_UN_21-134-000-C788,9
P31,HouMFRP_DA_LMI_21-134-000-C788,HOUMFRP_DA_LMI_21-134-000-C788,8
P31,HouPLN_DA_NA_21-134-000-C788,HOUPLN_DA_NA_21-134-000-C788,1
P31,HouPS_DA_LMI_21-134-000-C788,HOUPS_DA_LMI_21-134-000-C788,3
P31,HouSRP_DA_LMI_21-134-000-C788,HOUSRP_DA_LMI_21-134-000-C788,8
P31,INF_HMID_LMB_20-065-136-C491_MontgomeryCounty_ACQ-05162024145542,INF_HMID_LMB_20-065-136-C491_MONTGOMERYCOUNTY_ACQ,3
P31,INF_HMID_LMI_20-065-001-B947_Galveston,INF_HMID_LMI_20-065-001-B947_GALVESTON,1
P31,INF_HMID_LMI_20-065-006-C004_GalvestonCounty,INF_HMID_LMI_20-065-006-C004_GALVESTONCOUNTY,1
P31,INF_HMID_LMI_20-065-008-C011_IowaColony,INF_HMID_LMI_20-065-008-C011_IOWACOLONY,1
P31,INF_HMID_LMI_20-065-009-C022_Cleveland_SF,INF_HMID_LMI_20-065-009-C022_CLEVELAND_SF,1
P31,INF_HMID_LMI_20-065-010-C027_Conroe,INF_HMID_LMI_20-065-010-C027_CONROE,2
P31,INF_HMID_LMI_20-065-017-C058_Anahuac,INF_HMID_LMI_20-065-017-C058_ANAHUAC,2
P31,INF_HMID_LMI_20-065-025-C086_Mathis,INF_HMID_LMI_20-065-025-C086_MATHIS,1
P31,INF_HMID_LMI_20-065-026-C093_SantaFe_F&D,INF_HMID_LMI_20-065-026-C093_SANTAFE_F&D,1
P31,INF_HMID_LMI_20-065-026-C093_SantaFe_SI,INF_HMID_LMI_20-065-026-C093_SANTAFE_SI,1
P31,INF_HMID_LMI_20-065-028-C091_FayetteCounty,INF_HMID_LMI_20-065-028-C091_FAYETTECOUNTY,2
P31,INF_HMID_LMI_20-065-030-C097_Columbus,INF_HMID_LMI_20-065-030-C097_COLUMBUS,1
P31,INF_HMID_LMI_20-065-031-C101_Jasper,INF_HMID_LMI_20-065-031-C101_JASPER,1
P31,INF_HMID_LMI_20-065-038-C119_Brookshire_F&D,INF_HMID_LMI_20-065-038-C119_BROOKSHIRE_F&D,1
P31,INF_HMID_LMI_20-065-042-C128_Hitchcock_F&D,INF_HMID_LMI_20-065-042-C128_HITCHCOCK_F&D,1
P31,INF_HMID_LMI_20-065-042-C128_Hitchcock_SF,INF_HMID_LMI_20-065-042-C128_HITCHCOCK_SF,1
P31,INF_HMID_LMI_20-065-048-C142_BayCity,INF_HMID_LMI_20-065-048-C142_BAYCITY,1
P31,INF_HMID_LMI_20-065-050-C158_Freeport,INF_HMID_LMI_20-065-050-C158_FREEPORT,1
P31,INF_HMID_LMI_20-065-057-C169_Refugio_F&D,INF_HMID_LMI_20-065-057-C169_REFUGIO_F&D,1
P31,INF_HMID_LMI_20-065-057-C169_Refugio_SF,INF_HMID_LMI_20-065-057-C169_REFUGIO_SF,1
P31,INF_HMID_LMI_20-065-057-C169_Refugio_SI,INF_HMID_LMI_20-065-057-C169_REFUGIO_SI,1
P31,INF_HMID_LMI_20-065-057-C169_Refugio_WF,INF_HMID_LMI_20-065-057-C169_REFUGIO_WF,2
P31,INF_HMID_LMI_20-065-060-C175_Alvin_PF,INF_HMID_LMI_20-065-060-C175_ALVIN_PF,1
P31,INF_HMID_LMI_20-065-060-C175_Alvin_SF,INF_HMID_LMI_20-065-060-C175_ALVIN_SF,1
P31,INF_HMID_LMI_20-065-060-C175_Alvin_WF,INF_HMID_LMI_20-065-060-C175_ALVIN_WF,1
P31,INF_HMID_LMI_20-065-068-C194_Bayside,INF_HMID_LMI_20-065-068-C194_BAYSIDE,1
P31,INF_HMID_LMI_20-065-070-C196_Woodsboro,INF_HMID_LMI_20-065-070-C196_WOODSBORO,1
P31,INF_HMID_LMI_20-065-073-C200_Kirbyville,INF_HMID_LMI_20-065-073-C200_KIRBYVILLE,1
P31,INF_HMID_LMI_20-065-077-C219_MissouriCity,INF_HMID_LMI_20-065-077-C219_MISSOURICITY,1
P31,INF_HMID_LMI_20-065-082-C235_PattonVillage,INF_HMID_LMI_20-065-082-C235_PATTONVILLAGE,1
P31,INF_HMID_LMI_20-065-083-C236_TexasCity,INF_HMID_LMI_20-065-083-C236_TEXASCITY,1
P31,INF_HMID_LMI_20-065-087-C248_TylerCounty_SF,INF_HMID_LMI_20-065-087-C248_TYLERCOUNTY_SF,3
P31,INF_HMID_LMI_20-065-093-C261_SanJacintoCounty,INF_HMID_LMI_20-065-093-C261_SANJACINTOCOUNTY,1
P31,INF_HMID_LMI_20-065-094-C262_VictoriaCounty_F&D,INF_HMID_LMI_20-065-094-C262_VICTORIACOUNTY_F&D,1
P31,INF_HMID_LMI_20-065-095-C264_LibertyCounty,INF_HMID_LMI_20-065-095-C264_LIBERTYCOUNTY,1
P31,INF_HMID_LMI_20-065-107-C294_WhartonCounty_SF,INF_HMID_LMI_20-065-107-C294_WHARTONCOUNTY_SF,1
P31,INF_HMID_LMI_20-065-117-C378_PlumGrove,INF_HMID_LMI_20-065-117-C378_PLUMGROVE,1
P31,INF_HMID_LMI_20-065-127-C438_Danbury,INF_HMID_LMI_20-065-127-C438_DANBURY,1
P31,INF_HMID_LMI_20-065-135-C481_MontBelvieu,INF_HMID_LMI_20-065-135-C481_MONTBELVIEU,1
P31,INF_HMID_LMI_20-065-142-C782_PortArthur_F&D,INF_HMID_LMI_20-065-142-C782_PORTARTHUR_F&D,2
P31,INF_HMID_LMI_20-065-145-C857_HardinCounty_F&D,INF_HMID_LMI_20-065-145-C857_HARDINCOUNTY_F&D,1
P31,INF_HMID_LMI_20-065-145-C857_HardinCounty_PF,INF_HMID_LMI_20-065-145-C857_HARDINCOUNTY_PF,1
P31,INF_HMID_LMI_20-065-145-C857_HardinCounty_SI,INF_HMID_LMI_20-065-145-C857_HARDINCOUNTY_SI,1
P31,INF_HMID_LMI_20-065-146-C865_RoseCity_F&D,INF_HMID_LMI_20-065-146-C865_ROSECITY_F&D,2
P31,INF_HMID_LMI_20-065-152-C921_Kountze_SF,INF_HMID_LMI_20-065-152-C921_KOUNTZE_SF,5
P31,INF_HMID_LMI_20-065-152-C921_Kountze_SI,INF_HMID_LMI_20-065-152-C921_KOUNTZE_SI,4
P31,INF_HMID_UN_20-065-079-C231_ColoradoCounty,INF_HMID_UN_20-065-079-C231_COLORADOCOUNTY,1
P31,INF_HMID_UN_20-065-084-C243_PortNeches_SF,INF_HMID_UN_20-065-084-C243_PORTNECHES_SF,2
P31,INF_HMID_UN_20-065-095-C264_LibertyCounty,INF_HMID_UN_20-065-095-C264_LIBERTYCOUNTY,1
P31,INF_HMID_UN_20-065-107-C294_WhartonCounty_SF,INF_HMID_UN_20-065-107-C294_WHARTONCOUNTY_SF,1
P31,INF_HMID_UN_20-065-107-C294_WhartonCounty_WF,INF_HMID_UN_20-065-107-C294_WHARTONCOUNTY_WF,1
P31,INF_HMID_UN_20-065-125-C436_WoodbranchVillage,INF_HMID_UN_20-065-125-C436_WOODBRANCHVILLAGE,1
P31,INF_HMID_UN_20-065-127-C438_Danbury,INF_HMID_UN_20-065-127-C438_DANBURY,1
P31,INF_HMID_UN_20-065-131-C442_Simonton,INF_HMID_UN_20-065-131-C442_SIMONTON,1
P31,INF_HMID_UN_20-065-145-C857_HardinCounty_PF,INF_HMID_UN_20-065-145-C857_HARDINCOUNTY_PF,1
P31,INF_HMID_UN_20-065-148-C903_RoseHillAcres_SI,INF_HMID_UN_20-065-148-C903_ROSEHILLACRES_SI,3
P31,INF_HMID_UN_20-065-149-C905_Nederland_F&D,INF_HMID_UN_20-065-149-C905_NEDERLAND_F&D,1
P31,INF_HMID_UN_20-065-150-C911_OrangeCounty_F&D,INF_HMID_UN_20-065-150-C911_ORANGECOUNTY_F&D,2
P31,INF_HMID_UN_20-065-151-C916_TaylorLanding_SI,INF_HMID_UN_20-065-151-C916_TAYLORLANDING_SI,2
P31,INF_HMID_UN_20-065-153-C929_BridgeCity_F&D,INF_HMID_UN_20-065-153-C929_BRIDGECITY_F&D,3
P31,INF_HMID_UN_20-065-153-C929_BridgeCity_WF,INF_HMID_UN_20-065-153-C929_BRIDGECITY_WF,3
P31,INF_HMID_UN_20-065-154-C933_PineForest_F&D,INF_HMID_UN_20-065-154-C933_PINEFOREST_F&D,3
P31,INF_SMID_LMI_20-065-002-B964_Moulton,INF_SMID_LMI_20-065-002-B964_MOULTON,1
P31,INF_SMID_LMI_20-065-011-C032_EagleLake,INF_SMID_LMI_20-065-011-C032_EAGLELAKE,1
P31,INF_SMID_LMI_20-065-012-C039_Goliad,INF_SMID_LMI_20-065-012-C039_GOLIAD,1
P31,INF_SMID_LMI_20-065-020-C066_CaldwellCounty,INF_SMID_LMI_20-065-020-C066_CALDWELLCOUNTY,1
P31,INF_SMID_LMI_20-065-023-C082_Ganado,INF_SMID_LMI_20-065-023-C082_GANADO,1
P31,INF_SMID_LMI_20-065-032-C109_Edna,INF_SMID_LMI_20-065-032-C109_EDNA,1
P31,INF_SMID_LMI_20-065-033-C111_LaWard_SF,INF_SMID_LMI_20-065-033-C111_LAWARD_SF,1
P31,INF_SMID_LMI_20-065-033-C111_LaWard_WF,INF_SMID_LMI_20-065-033-C111_LAWARD_WF,1
P31,INF_SMID_LMI_20-065-036-C116_Hallettsville,INF_SMID_LMI_20-065-036-C116_HALLETTSVILLE,1
P31,INF_SMID_LMI_20-065-041-C122_KarnesCounty,INF_SMID_LMI_20-065-041-C122_KARNESCOUNTY,3
P31,INF_SMID_LMI_20-065-044-C130_Smiley,INF_SMID_LMI_20-065-044-C130_SMILEY,1
P31,INF_SMID_LMI_20-065-053-C163_Shiner,INF_SMID_LMI_20-065-053-C163_SHINER,1
P31,INF_SMID_LMI_20-065-056-C167_Bedias,INF_SMID_LMI_20-065-056-C167_BEDIAS,1
P31,INF_SMID_LMI_20-065-058-C170_Somerville,INF_SMID_LMI_20-065-058-C170_SOMERVILLE,1
P31,INF_SMID_LMI_20-065-059-C171_ToddMission_F&D,INF_SMID_LMI_20-065-059-C171_TODDMISSION_F&D,1
P31,INF_SMID_LMI_20-065-059-C171_ToddMission_SI,INF_SMID_LMI_20-065-059-C171_TODDMISSION_SI,1
P31,INF_SMID_LMI_20-065-063-C181_Cuero_F&D,INF_SMID_LMI_20-065-063-C181_CUERO_F&D,1
P31,INF_SMID_LMI_20-065-063-C181_Cuero_SF,INF_SMID_LMI_20-065-063-C181_CUERO_SF,1
P31,INF_SMID_LMI_20-065-067-C193_Hempstead_SF,INF_SMID_LMI_20-065-067-C193_HEMPSTEAD_SF,1
P31,INF_SMID_LMI_20-065-067-C193_Hempstead_WF,INF_SMID_LMI_20-065-067-C193_HEMPSTEAD_WF,1
P31,INF_SMID_LMI_20-065-074-C201_Yorktown,INF_SMID_LMI_20-065-074-C201_YORKTOWN,1
P31,INF_SMID_LMI_20-065-075-C203_Gonzales_SF,INF_SMID_LMI_20-065-075-C203_GONZALES_SF,1
P31,INF_SMID_LMI_20-065-079-C231_ColoradoCounty,INF_SMID_LMI_20-065-079-C231_COLORADOCOUNTY,1
P31,INF_SMID_LMI_20-065-100-C273_GrimesCounty,INF_SMID_LMI_20-065-100-C273_GRIMESCOUNTY,1
P31,INF_SMID_LMI_20-065-108-C295_Palacios,INF_SMID_LMI_20-065-108-C295_PALACIOS,1
P31,INF_SMID_LMI_20-065-111-C308_MilamCounty,INF_SMID_LMI_20-065-111-C308_MILAMCOUNTY,1
P31,INF_SMID_LMI_24-074-001-E284_Somerville_F&D,INF_SMID_LMI_24-074-001-E284_SOMERVILLE_F&D,1
P31,INF_SMID_UN_20-065-047-C139_Gonzales,INF_SMID_UN_20-065-047-C139_GONZALES,1
P31,INF_SMID_UN_20-065-096-C267_JacksonCounty,INF_SMID_UN_20-065-096-C267_JACKSONCOUNTY,1
P31,INF_SMID_UN_20-065-116-C377_Anderson,INF_SMID_UN_20-065-116-C377_ANDERSON,1
P31,INF_SMID_UN_20-065-132-C443_Sealy,INF_SMID_UN_20-065-132-C443_SEALY,1
P31,INF_SMID_UN_20-065-139-C527_BastropCounty_F&D,INF_SMID_UN_20-065-139-C527_BASTROPCOUNTY_F&D,1
P31,LBAP_HMID_LMA_20-066-025-C202_BridgeCity,LBAP_HMID_LMA_20-066-025-C202_BRIDGECITY,2
P31,LBAP_HMID_LMA_20-066-034-C232_PortArthur_ACQ,LBAP_HMID_LMA_20-066-034-C232_PORTARTHUR_ACQ,1
P31,LBAP_HMID_LMB_20-066-004-C033_VictoriaCounty,LBAP_HMID_LMB_20-066-004-C033_VICTORIACOUNTY,2
P31,LBAP_HMID_LMB_20-066-007-C041_Victoria,LBAP_HMID_LMB_20-066-007-C041_VICTORIA,6
P31,LBAP_HMID_LMB_20-066-008-C043_TexasCity,LBAP_HMID_LMB_20-066-008-C043_TEXASCITY,2
P31,LBAP_HMID_LMB_20-066-010-C063_FayetteCounty,LBAP_HMID_LMB_20-066-010-C063_FAYETTECOUNTY,8
P31,LBAP_HMID_LMB_20-066-021-C137_SourLake,LBAP_HMID_LMB_20-066-021-C137_SOURLAKE,3
P31,LBAP_HMID_LMB_20-066-024-C178_Silsbee,LBAP_HMID_LMB_20-066-024-C178_SILSBEE,6
P31,LBAP_HMID_LMB_20-066-025-C202_BridgeCity,LBAP_HMID_LMB_20-066-025-C202_BRIDGECITY,6
P31,LBAP_HMID_LMB_20-066-040-C259_Dickinson,LBAP_HMID_LMB_20-066-040-C259_DICKINSON,2
P31,LBAP_HMID_LMHI_20-066-007-C041_Victoria,LBAP_HMID_LMHI_20-066-007-C041_VICTORIA,6
P31,LBAP_HMID_LMHI_20-066-038-C251_RoseHill-11022023163829,LBAP_HMID_LMHI_20-066-038-C251_ROSEHILL,2
P31,LBAP_HMID_LMHI_20-066-038-C251_RoseHill_RA-11022023163738,LBAP_HMID_LMHI_20-066-038-C251_ROSEHILL_RA,2
P31,LBAP_HMID_LMHI_20-066-039-C258_Orange-11022023163907,LBAP_HMID_LMHI_20-066-039-C258_ORANGE,1
P31,LBAP_HMID_LMH_20-066-007-C041_Victoria_RA,LBAP_HMID_LMH_20-066-007-C041_VICTORIA_RA,4
P31,LBAP_HMID_LMH_20-066-009-C052_WhartonCounty_RA,LBAP_HMID_LMH_20-066-009-C052_WHARTONCOUNTY_RA,4
P31,LBAP_HMID_LMH_20-066-024-C178_Silsbee,LBAP_HMID_LMH_20-066-024-C178_SILSBEE,4
P31,LBAP_HMID_LMH_20-066-025-C202_BridgeCity_RA,LBAP_HMID_LMH_20-066-025-C202_BRIDGECITY_RA,4
P31,LBAP_HMID_LMH_20-066-031-C225_Jasper_RA,LBAP_HMID_LMH_20-066-031-C225_JASPER_RA,2
P31,LBAP_HMID_LMH_20-066-038-C251_RoseHill_DPA-11022023163703,LBAP_HMID_LMH_20-066-038-C251_ROSEHILL_DPA,2
P31,LBAP_HMID_LMH_20-066-045-C444_Friendswood_RA,LBAP_HMID_LMH_20-066-045-C444_FRIENDSWOOD_RA,2
P31,LBAP_HMID_LMI_20-066-040-C259_Dickinson,LBAP_HMID_LMI_20-066-040-C259_DICKINSON,1
P31,LBAP_HMID_UN_20-066-004-C033_VictoriaCounty,LBAP_HMID_UN_20-066-004-C033_VICTORIACOUNTY,1
P31,LBAP_HMID_UN_20-066-007-C041_Victoria,LBAP_HMID_UN_20-066-007-C041_VICTORIA,4
P31,LBAP_HMID_UN_20-066-008-C043_TexasCity,LBAP_HMID_UN_20-066-008-C043_TEXASCITY,2
P31,LBAP_HMID_UN_20-066-010-C063_FayetteCounty,LBAP_HMID_UN_20-066-010-C063_FAYETTECOUNTY,4
P31,LBAP_HMID_UN_20-066-010-C063_FayetteCounty_HI-11022023163938,LBAP_HMID_UN_20-066-010-C063_FAYETTECOUNTY_HI,2
P31,LBAP_HMID_UN_20-066-010-C063_FayetteCounty_RA,LBAP_HMID_UN_20-066-010-C063_FAYETTECOUNTY_RA,2
P31,LBAP_HMID_UN_20-066-015-C108_NewtonCounty,LBAP_HMID_UN_20-066-015-C108_NEWTONCOUNTY,4
P31,LBAP_HMID_UN_20-066-017-C123_CorpusChristi,LBAP_HMID_UN_20-066-017-C123_CORPUSCHRISTI,2
P31,LBAP_HMID_UN_20-066-018-C125_PolkCounty_RA,LBAP_HMID_UN_20-066-018-C125_POLKCOUNTY_RA,2
P31,LBAP_HMID_UN_20-066-021-C137_SourLake,LBAP_HMID_UN_20-066-021-C137_SOURLAKE,1
P31,LBAP_HMID_UN_20-066-023-C168_Vidor_HI,LBAP_HMID_UN_20-066-023-C168_VIDOR_HI,2
P31,LBAP_HMID_UN_20-066-024-C178_Silsbee,LBAP_HMID_UN_20-066-024-C178_SILSBEE,5
P31,LBAP_HMID_UN_20-066-036-C242_JeffersonCounty_RA,LBAP_HMID_UN_20-066-036-C242_JEFFERSONCOUNTY_RA,2
P31,LBAP_HMID_UN_20-066-038-C251_RoseHill_DPA-08302023102816-11022023160937,LBAP_HMID_UN_20-066-038-C251_ROSEHILL_DPA,2
P31,LBAP_HMID_UN_20-066-038-C251_RoseHill_HI-11022023163812,LBAP_HMID_UN_20-066-038-C251_ROSEHILL_HI,2
P31,LBAP_HMID_UN_20-066-038-C251_RoseHill_RA-11022023163721,LBAP_HMID_UN_20-066-038-C251_ROSEHILL_RA,2
P31,LBAP_HMID_UN_20-066-039-C258_Orange_HI-11022023163848,LBAP_HMID_UN_20-066-039-C258_ORANGE_HI,1
P31,LBAP_HMID_UN_20-066-040-C259_Dickinson,LBAP_HMID_UN_20-066-040-C259_DICKINSON,1
P31,LBAP_HMID_UN_20-066-044-C314_Beaumont_HI,LBAP_HMID_UN_20-066-044-C314_BEAUMONT_HI,2
P31,LBAP_HMID_UN_20-066-045-C444_Friendswood,LBAP_HMID_UN_20-066-045-C444_FRIENDSWOOD,1
P31,LBAP_HMID_UN_20-066-045-C444_Friendswood_HI,LBAP_HMID_UN_20-066-045-C444_FRIENDSWOOD_HI,2
P31,LBAP_HMID_UN_20-066-045-C444_Friendswood_RA,LBAP_HMID_UN_20-066-045-C444_FRIENDSWOOD_RA,2
P31,LBAP_SMID_LMA_20-066-033-C229_GonzalesCounty,LBAP_SMID_LMA_20-066-033-C229_GONZALESCOUNTY,2
P31,LBAP_SMID_LMB_20-066-011-C074_WallerCounty,LBAP_SMID_LMB_20-066-011-C074_WALLERCOUNTY,6
P31,LBAP_SMID_LMB_20-066-012-C094_CaldwellCounty,LBAP_SMID_LMB_20-066-012-C094_CALDWELLCOUNTY,1
P31,LBAP_SMID_LMB_20-066-026-C215_MilamCounty,LBAP_SMID_LMB_20-066-026-C215_MILAMCOUNTY,2
P31,LBAP_SMID_LMB_20-066-027-C220_GoliadCounty,LBAP_SMID_LMB_20-066-027-C220_GOLIADCOUNTY,2
P31,LBAP_SMID_LMB_20-066-028-C222_BastropCounty,LBAP_SMID_LMB_20-066-028-C222_BASTROPCOUNTY,6
P31,LBAP_SMID_LMB_20-066-032-C226_KarnesCounty,LBAP_SMID_LMB_20-066-032-C226_KARNESCOUNTY,2
P31,LBAP_SMID_LMH_20-066-002-B957_AustinCounty_RA,LBAP_SMID_LMH_20-066-002-B957_AUSTINCOUNTY_RA,2
P31,LBAP_SMID_LMH_20-066-011-C074_WallerCounty_RA,LBAP_SMID_LMH_20-066-011-C074_WALLERCOUNTY_RA,4
P31,LBAP_SMID_LMH_20-066-016-C112_TylerCounty_RA,LBAP_SMID_LMH_20-066-016-C112_TYLERCOUNTY_RA,4
P31,LBAP_SMID_LMH_20-066-028-C222_BastropCounty_RA,LBAP_SMID_LMH_20-066-028-C222_BASTROPCOUNTY_RA,6
P31,LBAP_SMID_UN_20-066-002-B957_AustinCounty_HI-11022023163954,LBAP_SMID_UN_20-066-002-B957_AUSTINCOUNTY_HI,2
P31,LBAP_SMID_UN_20-066-002-B957_AustinCounty_RA,LBAP_SMID_UN_20-066-002-B957_AUSTINCOUNTY_RA,2
P31,LBAP_SMID_UN_20-066-026-C215_MilamCounty,LBAP_SMID_UN_20-066-026-C215_MILAMCOUNTY,2
P31,LBAP_SMID_UN_20-066-027-C220_GoliadCounty,LBAP_SMID_UN_20-066-027-C220_GOLIADCOUNTY,2
P31,LBAP_SMID_UN_20-066-028-C222_BastropCounty,LBAP_SMID_UN_20-066-028-C222_BASTROPCOUNTY,1
P31,LBAP_SMID_UN_20-066-028-C222_BastropCounty_HI-11022023163922,LBAP_SMID_UN_20-066-028-C222_BASTROPCOUNTY_HI,1
P31,LBAP_SMID_UN_20-066-032-C226_KarnesCounty,LBAP_SMID_UN_20-066-032-C226_KARNESCOUNTY,3
P31,LBAP_SMID_UN_20-066-033-C229_GonzalesCounty,LBAP_SMID_UN_20-066-033-C229_GONZALESCOUNTY,1
P31,PREPS_HMID_UN,PREPS_HMID_UN,4
P31,PREPS_SMID_UN,PREPS_SMID_UN,4
P33,ARP_HMID_LMI,ARP_HMID_LMI,1
P33,ARP_SMID_LMI,ARP_SMID_LMI,1
P33,ERP_HMID_LMI,ERP_HMID_LMI,1
P33,ERP_SMID_LMI,ERP_SMID_LMI,1
P33,HAP[AACOG]_SMID_LMI,HAP[AACOG]_SMID_LMI,1
P33,HAP[AACOG]_SMID_UN,HAP[AACOG]_SMID_UN,1
P33,HAP[BVCOG]_SMID_LMI,HAP[BVCOG]_SMID_LMI,1
P33,HAP[BVCOG]_SMID_UN,HAP[BVCOG]_SMID_UN,1
P33,HAP[CAPCOG]_HMID_LMI,HAP[CAPCOG]_HMID_LMI,1
P33,HAP[CAPCOG]_SMID_LMI,HAP[CAPCOG]_SMID_LMI,1
P33,HAP[CAPCOG]_SMID_UN,HAP[CAPCOG]_SMID_UN,1
P33,HAP[CBCOG]_HMID_LMI,HAP[CBCOG]_HMID_LMI,1
P33,HAP[CBCOG]_HMID_UN,HAP[CBCOG]_HMID_UN,1
P33,HAP[CBCOG]_SMID_LMI,HAP[CBCOG]_SMID_LMI,1
P33,HAP[CBCOG]_SMID_UN,HAP[CBCOG]_SMID_UN,1
P33,HAP[DETCOG]_HMID_LMI,HAP[DETCOG]_HMID_LMI,1
P33,HAP[DETCOG]_HMID_UN,HAP[DETCOG]_HMID_UN,1
P33,HAP[DETCOG]_SMID_LMI,HAP[DETCOG]_SMID_LMI,1
P33,HAP[DETCOG]_SMID_UN,HAP[DETCOG]_SMID_UN,1
P33,HAP[GCRPC]_HMID_LMI,HAP[GCRPC]_HMID_LMI,1
P33,HAP[GCRPC]_HMID_UN,HAP[GCRPC]_HMID_UN,1
P33,HAP[GCRPC]_SMID_LMI,HAP[GCRPC]_SMID_LMI,1
P33,HAP[GCRPC]_SMID_UN,HAP[GCRPC]_SMID_UN,1
P33,HAP[HGAC]_HMID_LMI,HAP[HGAC]_HMID_LMI,1
P33,HAP[HGAC]_HMID_UN,HAP[HGAC]_HMID_UN,1
P33,HAP[HGAC]_SMID_LMI,HAP[HGAC]_SMID_LMI,1
P33,HAP[HGAC]_SMID_UN,HAP[HGAC]_SMID_UN,1
P33,HAP[Harris]_HMID_LMI,HAP[HARRIS]_HMID_LMI,1
P33,HAP[Harris]_HMID_UN,HAP[HARRIS]_HMID_UN,1
P33,HAP[Houston]_HMID_LMI,HAP[HOUSTON]_HMID_LMI,1
P33,HAP[Houston]_HMID_UN,HAP[HOUSTON]_HMID_UN,1
P33,HAP[SETRPC]_HMID_LMI,HAP[SETRPC]_HMID_LMI,1
P33,HAP[SETRPC]_HMID_UN,HAP[SETRPC]_HMID_UN,1
P33,HCARP_DA_LMI_19-147-002-B490,HCARP_DA_LMI_19-147-002-B490,1
P33,HCBP_DA_LMHI_19-147-002-B490_HI,HCBP_DA_LMHI_19-147-002-B490_HI,1
P33,HCHAP_DA_LMI_19-147-002-B490,HCHAP_DA_LMI_19-147-002-B490,1
P33,HCHAP_DA_UN_19-147-002-B490,HCHAP_DA_UN_19-147-002-B490,1
P33,HCHRP_DA_LMI_19-147-002-B490,HCHRP_DA_LMI_19-147-002-B490,1
P33,HCHRP_DA_UN_19-147-002-B490,HCHRP_DA_UN_19-147-002-B490,1
P33,HCPS_DA_LMI_19-147-002-B490,HCPS_DA_LMI_19-147-002-B490,1
P33,HCSFNC_DA_LMI_19-147-002-B490,HCSFNC_DA_LMI_19-147-002-B490,1
P33,HRP_HMID_LMI,HRP_HMID_LMI,1
P33,HRP_HMID_UN,HRP_HMID_UN,1
P33,HRP_SMID_LMI,HRP_SMID_LMI,1
P33,HRP_SMID_UN,HRP_SMID_UN,1
P33,HouBP_DA_LMI_21-134-000-C788_RA,HOUBP_DA_LMI_21-134-000-C788_RA,1
P33,HouERP_DA_LMI_21-134-000-C788,HOUERP_DA_LMI_21-134-000-C788,1
P33,HouHBAP-2_DA_LMI_21-134-000-C788,HOUHBAP-2_DA_LMI_21-134-000-C788,1
P33,HouHBAP-2_DA_UN_21-134-000-C788,HOUHBAP-2_DA_UN_21-134-000-C788,1
P33,HouHBAP_DA_LMI_21-134-000-C788,HOUHBAP_DA_LMI_21-134-000-C788,1
P33,HouHBAP_DA_UN_21-134-000-C788,HOUHBAP_DA_UN_21-134-000-C788,1
P33,HouHoAP[CM]_DA_LMI_21-134-000-C788,HOUHOAP[CM]_DA_LMI_21-134-000-C788,1
P33,HouHoAP[CM]_DA_UN_21-134-000-C788,HOUHOAP[CM]_DA_UN_21-134-000-C788,1
P33,HouHoAP[Reimb]_DA_LMI_21-134-000-C788,HOUHOAP[REIMB]_DA_LMI_21-134-000-C788,1
P33,HouHoAP[Reimb]_DA_UN_21-134-000-C788,HOUHOAP[REIMB]_DA_UN_21-134-000-C788,1
P33,HouMFRP_DA_LMI_21-134-000-C788,HOUMFRP_DA_LMI_21-134-000-C788,1
P33,HouPS_DA_LMI_21-134-000-C788,HOUPS_DA_LMI_21-134-000-C788,1
P33,HouSRP_DA_LMI_21-134-000-C788,HOUSRP_DA_LMI_21-134-000-C788,1
P33,LBAP_HMID_LMB_20-066-007-C041_Victoria,LBAP_HMID_LMB_20-066-007-C041_VICTORIA,1
P33,LBAP_HMID_LMB_20-066-010-C063_FayetteCounty,LBAP_HMID_LMB_20-066-010-C063_FAYETTECOUNTY,1
P33,LBAP_HMID_LMB_20-066-024-C178_Silsbee,LBAP_HMID_LMB_20-066-024-C178_SILSBEE,1
P33,LBAP_HMID_LMB_20-066-025-C202_BridgeCity,LBAP_HMID_LMB_20-066-025-C202_BRIDGECITY,1
P33,LBAP_HMID_LMHI_20-066-007-C041_Victoria,LBAP_HMID_LMHI_20-066-007-C041_VICTORIA,1
P33,LBAP_HMID_LMHI_20-066-038-C251_RoseHill_RA-11022023163738,LBAP_HMID_LMHI_20-066-038-C251_ROSEHILL_RA,1
P33,LBAP_HMID_LMH_20-066-007-C041_Victoria_RA,LBAP_HMID_LMH_20-066-007-C041_VICTORIA_RA,1
P33,LBAP_HMID_LMH_20-066-009-C052_WhartonCounty_RA,LBAP_HMID_LMH_20-066-009-C052_WHARTONCOUNTY_RA,1
P33,LBAP_HMID_LMH_20-066-024-C178_Silsbee,LBAP_HMID_LMH_20-066-024-C178_SILSBEE,1
P33,LBAP_HMID_LMH_20-066-025-C202_BridgeCity_RA,LBAP_HMID_LMH_20-066-025-C202_BRIDGECITY_RA,1
P33,LBAP_HMID_LMH_20-066-031-C225_Jasper_RA,LBAP_HMID_LMH_20-066-031-C225_JASPER_RA,1
P33,LBAP_HMID_LMH_20-066-045-C444_Friendswood_RA,LBAP_HMID_LMH_20-066-045-C444_FRIENDSWOOD_RA,1
P33,LBAP_HMID_UN_20-066-007-C041_Victoria,LBAP_HMID_UN_20-066-007-C041_VICTORIA,1
P33,LBAP_HMID_UN_20-066-010-C063_FayetteCounty,LBAP_HMID_UN_20-066-010-C063_FAYETTECOUNTY,1
P33,LBAP_HMID_UN_20-066-010-C063_FayetteCounty_RA,LBAP_HMID_UN_20-066-010-C063_FAYETTECOUNTY_RA,1
P33,LBAP_HMID_UN_20-066-015-C108_NewtonCounty,LBAP_HMID_UN_20-066-015-C108_NEWTONCOUNTY,1
P33,LBAP_HMID_UN_20-066-018-C125_PolkCounty_RA,LBAP_HMID_UN_20-066-018-C125_POLKCOUNTY_RA,1
P33,LBAP_HMID_UN_20-066-024-C178_Silsbee,LBAP_HMID_UN_20-066-024-C178_SILSBEE,1
P33,LBAP_HMID_UN_20-066-036-C242_JeffersonCounty_RA,LBAP_HMID_UN_20-066-036-C242_JEFFERSONCOUNTY_RA,1
P33,LBAP_HMID_UN_20-066-038-C251_RoseHill_RA-11022023163721,LBAP_HMID_UN_20-066-038-C251_ROSEHILL_RA,1
P33,LBAP_HMID_UN_20-066-045-C444_Friendswood_RA,LBAP_HMID_UN_20-066-045-C444_FRIENDSWOOD_RA,1
P33,LBAP_SMID_LMB_20-066-011-C074_WallerCounty,LBAP_SMID_LMB_20-066-011-C074_WALLERCOUNTY,1
P33,LBAP_SMID_LMB_20-066-028-C222_BastropCounty,LBAP_SMID_LMB_20-066-028-C222_BASTROPCOUNTY,1
P33,LBAP_SMID_LMH_20-066-002-B957_AustinCounty_RA,LBAP_SMID_LMH_20-066-002-B957_AUSTINCOUNTY_RA,1
P33,LBAP_SMID_LMH_20-066-011-C074_WallerCounty_RA,LBAP_SMID_LMH_20-066-011-C074_WALLERCOUNTY_RA,1
P33,LBAP_SMID_LMH_20-066-016-C112_TylerCounty_RA,LBAP_SMID_LMH_20-066-016-C112_TYLERCOUNTY_RA,1
P33,LBAP_SMID_LMH_20-066-028-C222_BastropCounty_RA,LBAP_SMID_LMH_20-066-028-C222_BASTROPCOUNTY_RA,1
P33,LBAP_SMID_UN_20-066-002-B957_AustinCounty_RA,LBAP_SMID_UN_20-066-002-B957_AUSTINCOUNTY_RA,1
P33,PREPS_HMID_UN,PREPS_HMID_UN,1
P33,PREPS_SMID_UN,PREPS_SMID_UN,1
