document_id,filename,category,disaster_code,year,quarter,page_number,source_type,activity_id,county_fips3,county_name,city,zip,metric,value,unit,confidence,method,snippet
245,ike-2009-q4.pdf,Hurricane_Ike,ike,2009,4,4,text_page,,201,Harris County,Month Benchmarks Is Approaching,,affected_population_households,4700.0,count,0.76,text_page:affected_after,"region. Over 4,700 households are anticipated to be assisted with rehab and reconstruction assistance of owner-"
247,ike-2010-q2.pdf,Hurricane_Ike,ike,2010,2,3,text_page,,201,Harris County,Hud Assistant Secretary,,admin_staff_count,2010.0,count,0.74,text_page:staff_pattern,"the Action Plan Amendment No. 1 for Round II funding were held. On June 25, 2010, staff received a letter from"
247,ike-2010-q2.pdf,Hurricane_Ike,ike,2010,2,4,text_page,,,,,,affected_population_households,4700.0,count,0.76,text_page:affected_after,"region. Over 4,700 households are anticipated to be assisted with rehab and reconstruction assistance of owner-"
248,ike-2010-q3.pdf,Hurricane_Ike,ike,2010,3,4,text_page,,201,Harris County,Have Completed Construction. Also,,affected_population_households,4700.0,count,0.76,text_page:affected_after,"region. Over 4,700 households are anticipated to be assisted with rehab and reconstruction assistance of owner-"
249,ike-2010-q4.pdf,Hurricane_Ike,ike,2010,4,4,text_page,,201,Harris County,Environmental Review Records Have Been Assigned,,severity_unmet_need_usd,6558089.0,usd,0.84,text_page:severity_money,"The total amount available under Phase 1 is $6,558,089, leaving $13,671,009 in unmet need. Staff continues to"
249,ike-2010-q4.pdf,Hurricane_Ike,ike,2010,4,4,text_page,,201,Harris County,Environmental Review Records Have Been Assigned,,severity_unmet_need_usd,13671009.0,usd,0.84,text_page:severity_money,"The total amount available under Phase 1 is $6,558,089, leaving $13,671,009 in unmet need. Staff continues to"
249,ike-2010-q4.pdf,Hurricane_Ike,ike,2010,4,5,text_page,,201,Harris County,Providing Various Activities,,affected_population_households,4700.0,count,0.76,text_page:affected_after,"region. Over 4,700 households are anticipated to be assisted with rehab and reconstruction assistance of owner-"
250,ike-2011-q1.pdf,Hurricane_Ike,ike,2011,1,4,text_page,,201,Harris County,For The State Of Texas,,severity_unmet_need_usd,6558089.0,usd,0.84,text_page:severity_money,"The total amount available under Phase 1 is $6,558,089, leaving $13,671,009 in unmet need. All top scoring"
250,ike-2011-q1.pdf,Hurricane_Ike,ike,2011,1,4,text_page,,201,Harris County,For The State Of Texas,,severity_unmet_need_usd,13671009.0,usd,0.84,text_page:severity_money,"The total amount available under Phase 1 is $6,558,089, leaving $13,671,009 in unmet need. All top scoring"
251,ike-2011-q2.pdf,Hurricane_Ike,ike,2011,2,5,text_page,,201,Harris County,Communities Or Equipment Acquisitions And Purchases,,severity_unmet_need_usd,20229098.0,usd,0.84,text_page:severity_money,"totaling $20,229,098. The total amount available under Phase 1 is $6,558,089, leaving $13,671,009 in unmet need."
251,ike-2011-q2.pdf,Hurricane_Ike,ike,2011,2,5,text_page,,201,Harris County,Communities Or Equipment Acquisitions And Purchases,,severity_unmet_need_usd,6558089.0,usd,0.84,text_page:severity_money,"totaling $20,229,098. The total amount available under Phase 1 is $6,558,089, leaving $13,671,009 in unmet need."
251,ike-2011-q2.pdf,Hurricane_Ike,ike,2011,2,5,text_page,,201,Harris County,Communities Or Equipment Acquisitions And Purchases,,severity_unmet_need_usd,13671009.0,usd,0.84,text_page:severity_money,"totaling $20,229,098. The total amount available under Phase 1 is $6,558,089, leaving $13,671,009 in unmet need."
331,rita2-2011-q3.pdf,Hurricane_Rita2,rita2,2011,3,30,text_page,331:30,201,Harris County,Southwest,,affected_population_persons,100000.0,count,0.76,text_page:affected_after,"shelter more than 100,000 persons displaced by Hurricane Katrina. Safe housing remains a need for these evacuees."
334,rita2-2012-q2.pdf,Hurricane_Rita2,rita2,2012,2,32,text_page,334:32,201,Harris County,Southwest,,affected_population_persons,100000.0,count,0.76,text_page:affected_after,"shelter more than 100,000 persons displaced by Hurricane Katrina. Safe housing remains a need for these evacuees."
335,rita2-2012-q3.pdf,Hurricane_Rita2,rita2,2012,3,25,text_page,335:25,201,Harris County,Southwest,,affected_population_persons,100000.0,count,0.76,text_page:affected_after,"shelter more than 100,000 persons displaced by Hurricane Katrina. Safe housing remains a need for these evacuees."
258,ike-2013-q1.pdf,Hurricane_Ike,ike,2013,1,2134,text_page,258:2134,201,Harris County,Pavement As Needed,,admin_payroll_usd,1000000000.0,usd,0.78,text_page:keyword_money,"under Activity 1b, will reduce the I/I into the sewer system and ensure uninterrupted sewage treatment. Construction shall take"
259,ike-2013-q2.pdf,Hurricane_Ike,ike,2013,2,2520,text_page,259:2520,201,Harris County,Pavement As Needed,,admin_payroll_usd,1000000000.0,usd,0.78,text_page:keyword_money,"under Activity 1b, will reduce the I/I into the sewer system and ensure uninterrupted sewage treatment. Construction shall take"
260,ike-2013-q3.pdf,Hurricane_Ike,ike,2013,3,2474,text_page,260:2474,201,Harris County,Pavement As Needed,,admin_payroll_usd,1000000000.0,usd,0.78,text_page:keyword_money,"under Activity 1b, will reduce the I/I into the sewer system and ensure uninterrupted sewage treatment. Construction shall take"
261,ike-2013-q4.pdf,Hurricane_Ike,ike,2013,4,87,text_page,261:87,201,Harris County,Austin,,severity_unmet_need_usd,91000.0,usd,0.84,text_page:severity_money,"served from 107 to 106, moved $91k from Program Delivery to non-rental LMI, and shifted Unmet Needs funding to NR-LMI."
261,ike-2013-q4.pdf,Hurricane_Ike,ike,2013,4,2424,text_page,261:2424,201,Harris County,Pavement As Needed,,admin_payroll_usd,1000000000.0,usd,0.78,text_page:keyword_money,"under Activity 1b, will reduce the I/I into the sewer system and ensure uninterrupted sewage treatment. Construction shall take"
262,ike-2014-q1.pdf,Hurricane_Ike,ike,2014,1,2496,text_page,262:2496,201,Harris County,Pavement As Needed,,admin_payroll_usd,1000000000.0,usd,0.78,text_page:keyword_money,"under Activity 1b, will reduce the I/I into the sewer system and ensure uninterrupted sewage treatment. Construction shall take"
263,ike-2014-q2.pdf,Hurricane_Ike,ike,2014,2,888,table_json,263:888,201,Harris County,Existing Sewer Main. In Addition,,admin_payroll_usd,1000000000.0,usd,0.73,table_json:keyword_money,Grantee Activity Number: Activity Title: DRS210247-1b- ATCOG Activity Category: Activity Status: Construction/reconstruction of water/sewer lines or systems Under Way Project Number: Project Title: 0003 NON-HOUSING Projected Start Date: Pro
263,ike-2014-q2.pdf,Hurricane_Ike,ike,2014,2,888,table_json,263:888,201,Harris County,Existing Sewer Main. In Addition,,admin_payroll_usd,114401.01,usd,0.73,table_json:keyword_money,Grantee Activity Number: Activity Title: DRS210247-1b- ATCOG Activity Category: Activity Status: Construction/reconstruction of water/sewer lines or systems Under Way Project Number: Project Title: 0003 NON-HOUSING Projected Start Date: Pro
263,ike-2014-q2.pdf,Hurricane_Ike,ike,2014,2,888,table_json,263:888,201,Harris County,Existing Sewer Main. In Addition,,admin_payroll_usd,5715.97,usd,0.73,table_json:keyword_money,Grantee Activity Number: Activity Title: DRS210247-1b- ATCOG Activity Category: Activity Status: Construction/reconstruction of water/sewer lines or systems Under Way Project Number: Project Title: 0003 NON-HOUSING Projected Start Date: Pro
263,ike-2014-q2.pdf,Hurricane_Ike,ike,2014,2,888,table_json,263:888,201,Harris County,Existing Sewer Main. In Addition,,admin_payroll_usd,19813.0,usd,0.73,table_json:keyword_money,Grantee Activity Number: Activity Title: DRS210247-1b- ATCOG Activity Category: Activity Status: Construction/reconstruction of water/sewer lines or systems Under Way Project Number: Project Title: 0003 NON-HOUSING Projected Start Date: Pro
263,ike-2014-q2.pdf,Hurricane_Ike,ike,2014,2,888,table_json,263:888,201,Harris County,Existing Sewer Main. In Addition,,admin_payroll_usd,103533.81,usd,0.73,table_json:keyword_money,Grantee Activity Number: Activity Title: DRS210247-1b- ATCOG Activity Category: Activity Status: Construction/reconstruction of water/sewer lines or systems Under Way Project Number: Project Title: 0003 NON-HOUSING Projected Start Date: Pro
263,ike-2014-q2.pdf,Hurricane_Ike,ike,2014,2,888,table_json,263:888,201,Harris County,Existing Sewer Main. In Addition,,admin_payroll_usd,0.0,usd,0.73,table_json:keyword_money,Grantee Activity Number: Activity Title: DRS210247-1b- ATCOG Activity Category: Activity Status: Construction/reconstruction of water/sewer lines or systems Under Way Project Number: Project Title: 0003 NON-HOUSING Projected Start Date: Pro
263,ike-2014-q2.pdf,Hurricane_Ike,ike,2014,2,888,table_json,263:888,201,Harris County,Existing Sewer Main. In Addition,,admin_payroll_usd,22319.0,usd,0.73,table_json:keyword_money,Grantee Activity Number: Activity Title: DRS210247-1b- ATCOG Activity Category: Activity Status: Construction/reconstruction of water/sewer lines or systems Under Way Project Number: Project Title: 0003 NON-HOUSING Projected Start Date: Pro
263,ike-2014-q2.pdf,Hurricane_Ike,ike,2014,2,888,table_json,263:888,201,Harris County,Existing Sewer Main. In Addition,,admin_payroll_usd,107617.81,usd,0.73,table_json:keyword_money,Grantee Activity Number: Activity Title: DRS210247-1b- ATCOG Activity Category: Activity Status: Construction/reconstruction of water/sewer lines or systems Under Way Project Number: Project Title: 0003 NON-HOUSING Projected Start Date: Pro
263,ike-2014-q2.pdf,Hurricane_Ike,ike,2014,2,888,table_json,263:888,201,Harris County,Existing Sewer Main. In Addition,,admin_payroll_usd,107617810000.0,usd,0.73,table_json:keyword_money,Grantee Activity Number: Activity Title: DRS210247-1b- ATCOG Activity Category: Activity Status: Construction/reconstruction of water/sewer lines or systems Under Way Project Number: Project Title: 0003 NON-HOUSING Projected Start Date: Pro
264,ike-2014-q3.pdf,Hurricane_Ike,ike,2014,3,1921,text_page,264:1921,201,Harris County,Pavement As Needed,,admin_payroll_usd,1000000000.0,usd,0.78,text_page:keyword_money,"under Activity 1b, will reduce the I/I into the sewer system and ensure uninterrupted sewage treatment. Construction shall take"
265,ike-2014-q4.pdf,Hurricane_Ike,ike,2014,4,2457,text_page,265:2457,201,Harris County,Pavement As Needed,,admin_payroll_usd,1000000000.0,usd,0.78,text_page:keyword_money,"under Activity 1b, will reduce the I/I into the sewer system and ensure uninterrupted sewage treatment. Construction shall take"
266,ike-2015-q1.pdf,Hurricane_Ike,ike,2015,1,2456,text_page,266:2456,201,Harris County,Pavement As Needed,,admin_payroll_usd,1000000000.0,usd,0.78,text_page:keyword_money,"under Activity 1b, will reduce the I/I into the sewer system and ensure uninterrupted sewage treatment. Construction shall take"
267,ike-2015-q2.pdf,Hurricane_Ike,ike,2015,2,1624,text_page,267:1624,167,Galveston County,Pavement As Needed,,admin_payroll_usd,1000000000.0,usd,0.78,text_page:keyword_money,"under Activity 1b, will reduce the I/I into the sewer system and ensure uninterrupted sewage treatment. Construction shall take"
268,ike-2015-q3.pdf,Hurricane_Ike,ike,2015,3,1774,text_page,268:1774,201,Harris County,Pavement As Needed,,admin_payroll_usd,1000000000.0,usd,0.78,text_page:keyword_money,"under Activity 1b, will reduce the I/I into the sewer system and ensure uninterrupted sewage treatment. Construction shall take"
269,ike-2015-q4.pdf,Hurricane_Ike,ike,2015,4,1710,text_page,269:1710,201,Harris County,Pavement As Needed,,admin_payroll_usd,1000000000.0,usd,0.78,text_page:keyword_money,"under Activity 1b, will reduce the I/I into the sewer system and ensure uninterrupted sewage treatment. Construction shall take"
270,ike-2016-q1.pdf,Hurricane_Ike,ike,2016,1,1357,text_page,270:1357,201,Harris County,Pavement As Needed,,admin_payroll_usd,1000000000.0,usd,0.78,text_page:keyword_money,"under Activity 1b, will reduce the I/I into the sewer system and ensure uninterrupted sewage treatment. Construction shall take"
272,ike-2016-q3.pdf,Hurricane_Ike,ike,2016,3,1165,text_page,272:1165,201,Harris County,Pavement As Needed,,admin_payroll_usd,1000000000.0,usd,0.78,text_page:keyword_money,"under Activity 1b, will reduce the I/I into the sewer system and ensure uninterrupted sewage treatment. Construction shall take"
352,rita2-2016-q4.pdf,Hurricane_Rita2,rita2,2016,4,58,text_page,352:58,201,Harris County,Southwest,,affected_population_persons,100000.0,count,0.76,text_page:affected_after,"shelter more than 100,000 persons displaced by Hurricane Katrina. Safe housing remains a need for these evacuees."
274,ike-2017-q1.pdf,Hurricane_Ike,ike,2017,1,1105,text_page,274:1105,039,Brazoria County,Pavement As Needed,,admin_payroll_usd,1000000000.0,usd,0.78,text_page:keyword_money,"under Activity 1b, will reduce the I/I into the sewer system and ensure uninterrupted sewage treatment. Construction shall take"
353,rita2-2017-q1.pdf,Hurricane_Rita2,rita2,2017,1,13,text_page,353:13,201,Harris County,Southwest,,affected_population_persons,100000.0,count,0.76,text_page:affected_after,"shelter more than 100,000 persons displaced by Hurricane Katrina. Safe housing remains a need for these evacuees."
24,f15-2017-q2.pdf,2015_Floods,f15,2017,2,2,text_page,,201,Harris County,Memorial Day Floods,,severity_unmet_need_usd,69689983.0,usd,0.84,text_page:severity_money,"The State’s unmet need for non-housing totals $69,689,983 and increases to $80,143,480 when including a resiliency multiplier of 15%"
24,f15-2017-q2.pdf,2015_Floods,f15,2017,2,2,text_page,,201,Harris County,Memorial Day Floods,,severity_unmet_need_usd,80143480.0,usd,0.84,text_page:severity_money,"The State’s unmet need for non-housing totals $69,689,983 and increases to $80,143,480 when including a resiliency multiplier of 15%"
24,f15-2017-q2.pdf,2015_Floods,f15,2017,2,2,text_page,,201,Harris County,Memorial Day Floods,,severity_unmet_need_usd,10453497.0,usd,0.84,text_page:severity_money,"($10,453,497). The data for housing unmet needs comes from TDEM and the National Emergency Management Information System (NEMIS)"
24,f15-2017-q2.pdf,2015_Floods,f15,2017,2,2,text_page,,201,Harris County,Memorial Day Floods,,severity_unmet_need_usd,69440104.0,usd,0.84,text_page:severity_money,"database. The State’s unmet need for housing totaled $69,440,104. This figure increases to $79,856,120 when including the resilience"
24,f15-2017-q2.pdf,2015_Floods,f15,2017,2,2,text_page,,201,Harris County,Memorial Day Floods,,severity_unmet_need_usd,79856120.0,usd,0.84,text_page:severity_money,"database. The State’s unmet need for housing totaled $69,440,104. This figure increases to $79,856,120 when including the resilience"
24,f15-2017-q2.pdf,2015_Floods,f15,2017,2,2,text_page,,201,Harris County,Memorial Day Floods,,severity_unmet_need_usd,132391924.0,usd,0.84,text_page:severity_money,"Unmet need as identified by the Small Business Administration (SBA) is $132,391,924 for housing and $23,218,266 for businesses. Per"
24,f15-2017-q2.pdf,2015_Floods,f15,2017,2,2,text_page,,201,Harris County,Memorial Day Floods,,severity_unmet_need_usd,23218266.0,usd,0.84,text_page:severity_money,"Unmet need as identified by the Small Business Administration (SBA) is $132,391,924 for housing and $23,218,266 for businesses. Per"
24,f15-2017-q2.pdf,2015_Floods,f15,2017,2,2,text_page,,201,Harris County,Memorial Day Floods,,severity_unmet_need_usd,315609790.0,usd,0.84,text_page:severity_money,"FEMA and SBA data, unmet need for the state of Texas totals $315,609,790."
25,f15-2017-q3.pdf,2015_Floods,f15,2017,3,2,text_page,,,,Memorial Day Floods,,severity_unmet_need_usd,69689983.0,usd,0.84,text_page:severity_money,"The State’s unmet need for non-housing totals $69,689,983 and increases to $80,143,480 when including a resiliency multiplier of 15%"
25,f15-2017-q3.pdf,2015_Floods,f15,2017,3,2,text_page,,,,Memorial Day Floods,,severity_unmet_need_usd,80143480.0,usd,0.84,text_page:severity_money,"The State’s unmet need for non-housing totals $69,689,983 and increases to $80,143,480 when including a resiliency multiplier of 15%"
25,f15-2017-q3.pdf,2015_Floods,f15,2017,3,2,text_page,,,,Memorial Day Floods,,severity_unmet_need_usd,10453497.0,usd,0.84,text_page:severity_money,"($10,453,497). The data for housing unmet needs comes from TDEM and the National Emergency Management Information System (NEMIS)"
25,f15-2017-q3.pdf,2015_Floods,f15,2017,3,2,text_page,,,,Memorial Day Floods,,severity_unmet_need_usd,69440104.0,usd,0.84,text_page:severity_money,"database. The State’s unmet need for housing totaled $69,440,104. This figure increases to $79,856,120 when including the resilience"
25,f15-2017-q3.pdf,2015_Floods,f15,2017,3,2,text_page,,,,Memorial Day Floods,,severity_unmet_need_usd,79856120.0,usd,0.84,text_page:severity_money,"database. The State’s unmet need for housing totaled $69,440,104. This figure increases to $79,856,120 when including the resilience"
25,f15-2017-q3.pdf,2015_Floods,f15,2017,3,2,text_page,,,,Memorial Day Floods,,severity_unmet_need_usd,132391924.0,usd,0.84,text_page:severity_money,"Unmet need as identified by the Small Business Administration (SBA) is $132,391,924 for housing and $23,218,266 for businesses. Per"
25,f15-2017-q3.pdf,2015_Floods,f15,2017,3,2,text_page,,,,Memorial Day Floods,,severity_unmet_need_usd,23218266.0,usd,0.84,text_page:severity_money,"Unmet need as identified by the Small Business Administration (SBA) is $132,391,924 for housing and $23,218,266 for businesses. Per"
25,f15-2017-q3.pdf,2015_Floods,f15,2017,3,2,text_page,,,,Memorial Day Floods,,severity_unmet_need_usd,315609790.0,usd,0.84,text_page:severity_money,"FEMA and SBA data, unmet need for the state of Texas totals $315,609,790."
276,ike-2017-q3.pdf,Hurricane_Ike,ike,2017,3,1740,text_page,276:1740,167,Galveston County,Pavement As Needed,,admin_payroll_usd,1000000000.0,usd,0.78,text_page:keyword_money,"under Activity 1b, will reduce the I/I into the sewer system and ensure uninterrupted sewage treatment. Construction shall take"
26,f15-2017-q4.pdf,2015_Floods,f15,2017,4,2,text_page,,,,Memorial Day Floods,,severity_unmet_need_usd,69689983.0,usd,0.84,text_page:severity_money,"The State’s unmet need for non-housing totals $69,689,983 and increases to $80,143,480 when including a resiliency multiplier of 15%"
26,f15-2017-q4.pdf,2015_Floods,f15,2017,4,2,text_page,,,,Memorial Day Floods,,severity_unmet_need_usd,80143480.0,usd,0.84,text_page:severity_money,"The State’s unmet need for non-housing totals $69,689,983 and increases to $80,143,480 when including a resiliency multiplier of 15%"
26,f15-2017-q4.pdf,2015_Floods,f15,2017,4,2,text_page,,,,Memorial Day Floods,,severity_unmet_need_usd,10453497.0,usd,0.84,text_page:severity_money,"($10,453,497). The data for housing unmet needs comes from TDEM and the National Emergency Management Information System (NEMIS)"
26,f15-2017-q4.pdf,2015_Floods,f15,2017,4,2,text_page,,,,Memorial Day Floods,,severity_unmet_need_usd,69440104.0,usd,0.84,text_page:severity_money,"database. The State’s unmet need for housing totaled $69,440,104. This figure increases to $79,856,120 when including the resilience"
26,f15-2017-q4.pdf,2015_Floods,f15,2017,4,2,text_page,,,,Memorial Day Floods,,severity_unmet_need_usd,79856120.0,usd,0.84,text_page:severity_money,"database. The State’s unmet need for housing totaled $69,440,104. This figure increases to $79,856,120 when including the resilience"
26,f15-2017-q4.pdf,2015_Floods,f15,2017,4,2,text_page,,,,Memorial Day Floods,,severity_unmet_need_usd,132391924.0,usd,0.84,text_page:severity_money,"Unmet need as identified by the Small Business Administration (SBA) is $132,391,924 for housing and $23,218,266 for businesses. Per"
26,f15-2017-q4.pdf,2015_Floods,f15,2017,4,2,text_page,,,,Memorial Day Floods,,severity_unmet_need_usd,23218266.0,usd,0.84,text_page:severity_money,"Unmet need as identified by the Small Business Administration (SBA) is $132,391,924 for housing and $23,218,266 for businesses. Per"
26,f15-2017-q4.pdf,2015_Floods,f15,2017,4,2,text_page,,,,Memorial Day Floods,,severity_unmet_need_usd,315609790.0,usd,0.84,text_page:severity_money,"FEMA and SBA data, unmet need for the state of Texas totals $315,609,790."
27,f15-2018-q1.pdf,2015_Floods,f15,2018,1,2,text_page,,,,Memorial Day Floods,,severity_unmet_need_usd,69689983.0,usd,0.84,text_page:severity_money,"The State’s unmet need for non-housing totals $69,689,983 and increases to $80,143,480 when including a resiliency multiplier of 15%"
27,f15-2018-q1.pdf,2015_Floods,f15,2018,1,2,text_page,,,,Memorial Day Floods,,severity_unmet_need_usd,80143480.0,usd,0.84,text_page:severity_money,"The State’s unmet need for non-housing totals $69,689,983 and increases to $80,143,480 when including a resiliency multiplier of 15%"
27,f15-2018-q1.pdf,2015_Floods,f15,2018,1,2,text_page,,,,Memorial Day Floods,,severity_unmet_need_usd,10453497.0,usd,0.84,text_page:severity_money,"($10,453,497). The data for housing unmet needs comes from TDEM and the National Emergency Management Information System (NEMIS)"
27,f15-2018-q1.pdf,2015_Floods,f15,2018,1,2,text_page,,,,Memorial Day Floods,,severity_unmet_need_usd,69440104.0,usd,0.84,text_page:severity_money,"database. The State’s unmet need for housing totaled $69,440,104. This figure increases to $79,856,120 when including the resilience"
27,f15-2018-q1.pdf,2015_Floods,f15,2018,1,2,text_page,,,,Memorial Day Floods,,severity_unmet_need_usd,79856120.0,usd,0.84,text_page:severity_money,"database. The State’s unmet need for housing totaled $69,440,104. This figure increases to $79,856,120 when including the resilience"
27,f15-2018-q1.pdf,2015_Floods,f15,2018,1,2,text_page,,,,Memorial Day Floods,,severity_unmet_need_usd,132391924.0,usd,0.84,text_page:severity_money,"Unmet need as identified by the Small Business Administration (SBA) is $132,391,924 for housing and $23,218,266 for businesses. Per"
27,f15-2018-q1.pdf,2015_Floods,f15,2018,1,2,text_page,,,,Memorial Day Floods,,severity_unmet_need_usd,23218266.0,usd,0.84,text_page:severity_money,"Unmet need as identified by the Small Business Administration (SBA) is $132,391,924 for housing and $23,218,266 for businesses. Per"
27,f15-2018-q1.pdf,2015_Floods,f15,2018,1,2,text_page,,,,Memorial Day Floods,,severity_unmet_need_usd,315609790.0,usd,0.84,text_page:severity_money,"FEMA and SBA data, unmet need for the state of Texas totals $315,609,790."
28,f15-2018-q2.pdf,2015_Floods,f15,2018,2,2,text_page,,201,Harris County,Memorial Day Floods,,severity_unmet_need_usd,69689983.0,usd,0.84,text_page:severity_money,"The State’s unmet need for non-housing totals $69,689,983 and increases to $80,143,480 when including a resiliency multiplier of 15%"
28,f15-2018-q2.pdf,2015_Floods,f15,2018,2,2,text_page,,201,Harris County,Memorial Day Floods,,severity_unmet_need_usd,80143480.0,usd,0.84,text_page:severity_money,"The State’s unmet need for non-housing totals $69,689,983 and increases to $80,143,480 when including a resiliency multiplier of 15%"
28,f15-2018-q2.pdf,2015_Floods,f15,2018,2,2,text_page,,201,Harris County,Memorial Day Floods,,severity_unmet_need_usd,10453497.0,usd,0.84,text_page:severity_money,"($10,453,497). The data for housing unmet needs comes from TDEM and the National Emergency Management Information System (NEMIS)"
28,f15-2018-q2.pdf,2015_Floods,f15,2018,2,2,text_page,,201,Harris County,Memorial Day Floods,,severity_unmet_need_usd,69440104.0,usd,0.84,text_page:severity_money,"database. The State’s unmet need for housing totaled $69,440,104. This figure increases to $79,856,120 when including the resilience"
28,f15-2018-q2.pdf,2015_Floods,f15,2018,2,2,text_page,,201,Harris County,Memorial Day Floods,,severity_unmet_need_usd,79856120.0,usd,0.84,text_page:severity_money,"database. The State’s unmet need for housing totaled $69,440,104. This figure increases to $79,856,120 when including the resilience"
28,f15-2018-q2.pdf,2015_Floods,f15,2018,2,2,text_page,,201,Harris County,Memorial Day Floods,,severity_unmet_need_usd,132391924.0,usd,0.84,text_page:severity_money,"Unmet need as identified by the Small Business Administration (SBA) is $132,391,924 for housing and $23,218,266 for businesses. Per"
28,f15-2018-q2.pdf,2015_Floods,f15,2018,2,2,text_page,,201,Harris County,Memorial Day Floods,,severity_unmet_need_usd,23218266.0,usd,0.84,text_page:severity_money,"Unmet need as identified by the Small Business Administration (SBA) is $132,391,924 for housing and $23,218,266 for businesses. Per"
28,f15-2018-q2.pdf,2015_Floods,f15,2018,2,2,text_page,,201,Harris County,Memorial Day Floods,,severity_unmet_need_usd,315609790.0,usd,0.84,text_page:severity_money,"FEMA and SBA data, unmet need for the state of Texas totals $315,609,790."
57,f16-2018-q2.pdf,2016_Floods,f16,2018,2,2,text_page,,453,Travis County,Over The Past Two Years,,severity_deaths_count,29.0,count,0.9,text_page:killing_pattern,killing 29 Texans and causing significantly more public and private property damage due to the compounding effects of the 2015 floods.
57,f16-2018-q2.pdf,2016_Floods,f16,2018,2,2,text_page,,453,Travis County,Over The Past Two Years,,severity_unmet_need_usd,201341450.0,usd,0.84,text_page:severity_money,"is $201,341,450. This results in the state’s unmet need from public assistance totaling $57,885,667 with a resiliency multiplier of 15 percent."
57,f16-2018-q2.pdf,2016_Floods,f16,2018,2,2,text_page,,453,Travis County,Over The Past Two Years,,severity_unmet_need_usd,57885667.0,usd,0.84,text_page:severity_money,"is $201,341,450. This results in the state’s unmet need from public assistance totaling $57,885,667 with a resiliency multiplier of 15 percent."
57,f16-2018-q2.pdf,2016_Floods,f16,2018,2,2,text_page,,453,Travis County,Over The Past Two Years,,severity_unmet_need_usd,186361160.0,usd,0.84,text_page:severity_money,"$186,361,160. The state’s unmet need relating to FEMA Individual Assistance (IA) is $88,131,592 with a resilience multiplier of 15 percent."
57,f16-2018-q2.pdf,2016_Floods,f16,2018,2,2,text_page,,453,Travis County,Over The Past Two Years,,severity_unmet_need_usd,88131592.0,usd,0.84,text_page:severity_money,"$186,361,160. The state’s unmet need relating to FEMA Individual Assistance (IA) is $88,131,592 with a resilience multiplier of 15 percent."
57,f16-2018-q2.pdf,2016_Floods,f16,2018,2,2,text_page,,453,Travis County,Over The Past Two Years,,severity_unmet_need_usd,309254300.0,usd,0.84,text_page:severity_money,"The unmet need, as identified by the SBA using the total verified loss of households and businesses, is $309,254,300 for housing and"
57,f16-2018-q2.pdf,2016_Floods,f16,2018,2,2,text_page,,453,Travis County,Over The Past Two Years,,severity_unmet_need_usd,13659184.0,usd,0.84,text_page:severity_money,"data and $13,659,184 for business data. FEMA and SBA data alone yield an unmet need for the state of Texas totaling $559,991,968."
57,f16-2018-q2.pdf,2016_Floods,f16,2018,2,2,text_page,,453,Travis County,Over The Past Two Years,,severity_unmet_need_usd,559991968.0,usd,0.84,text_page:severity_money,"data and $13,659,184 for business data. FEMA and SBA data alone yield an unmet need for the state of Texas totaling $559,991,968."
29,f15-2018-q3.pdf,2015_Floods,f15,2018,3,2,text_page,,209,Hays County,Memorial Day Floods,,severity_unmet_need_usd,69689983.0,usd,0.84,text_page:severity_money,"The State’s unmet need for non-housing totals $69,689,983 and increases to $80,143,480 when including a resiliency multiplier of 15%"
29,f15-2018-q3.pdf,2015_Floods,f15,2018,3,2,text_page,,209,Hays County,Memorial Day Floods,,severity_unmet_need_usd,80143480.0,usd,0.84,text_page:severity_money,"The State’s unmet need for non-housing totals $69,689,983 and increases to $80,143,480 when including a resiliency multiplier of 15%"
29,f15-2018-q3.pdf,2015_Floods,f15,2018,3,2,text_page,,209,Hays County,Memorial Day Floods,,severity_unmet_need_usd,10453497.0,usd,0.84,text_page:severity_money,"($10,453,497). The data for housing unmet needs comes from TDEM and the National Emergency Management Information System (NEMIS)"
29,f15-2018-q3.pdf,2015_Floods,f15,2018,3,2,text_page,,209,Hays County,Memorial Day Floods,,severity_unmet_need_usd,69440104.0,usd,0.84,text_page:severity_money,"database. The State’s unmet need for housing totaled $69,440,104. This figure increases to $79,856,120 when including the resilience"
29,f15-2018-q3.pdf,2015_Floods,f15,2018,3,2,text_page,,209,Hays County,Memorial Day Floods,,severity_unmet_need_usd,79856120.0,usd,0.84,text_page:severity_money,"database. The State’s unmet need for housing totaled $69,440,104. This figure increases to $79,856,120 when including the resilience"
29,f15-2018-q3.pdf,2015_Floods,f15,2018,3,2,text_page,,209,Hays County,Memorial Day Floods,,severity_unmet_need_usd,132391924.0,usd,0.84,text_page:severity_money,"Unmet need as identified by the Small Business Administration (SBA) is $132,391,924 for housing and $23,218,266 for businesses. Per"
29,f15-2018-q3.pdf,2015_Floods,f15,2018,3,2,text_page,,209,Hays County,Memorial Day Floods,,severity_unmet_need_usd,23218266.0,usd,0.84,text_page:severity_money,"Unmet need as identified by the Small Business Administration (SBA) is $132,391,924 for housing and $23,218,266 for businesses. Per"
29,f15-2018-q3.pdf,2015_Floods,f15,2018,3,2,text_page,,209,Hays County,Memorial Day Floods,,severity_unmet_need_usd,315609790.0,usd,0.84,text_page:severity_money,"FEMA and SBA data, unmet need for the state of Texas totals $315,609,790."
58,f16-2018-q3.pdf,2016_Floods,f16,2018,3,2,text_page,,351,Newton County,Over The Past Two Years,,severity_deaths_count,29.0,count,0.9,text_page:killing_pattern,killing 29 Texans and causing significantly more public and private property damage due to the compounding effects of the 2015 floods.
58,f16-2018-q3.pdf,2016_Floods,f16,2018,3,2,text_page,,351,Newton County,Over The Past Two Years,,severity_unmet_need_usd,201341450.0,usd,0.84,text_page:severity_money,"is $201,341,450. This results in the state’s unmet need from public assistance totaling $57,885,667 with a resiliency multiplier of 15 percent."
58,f16-2018-q3.pdf,2016_Floods,f16,2018,3,2,text_page,,351,Newton County,Over The Past Two Years,,severity_unmet_need_usd,57885667.0,usd,0.84,text_page:severity_money,"is $201,341,450. This results in the state’s unmet need from public assistance totaling $57,885,667 with a resiliency multiplier of 15 percent."
58,f16-2018-q3.pdf,2016_Floods,f16,2018,3,2,text_page,,351,Newton County,Over The Past Two Years,,severity_unmet_need_usd,186361160.0,usd,0.84,text_page:severity_money,"$186,361,160. The state’s unmet need relating to FEMA Individual Assistance (IA) is $88,131,592 with a resilience multiplier of 15 percent."
58,f16-2018-q3.pdf,2016_Floods,f16,2018,3,2,text_page,,351,Newton County,Over The Past Two Years,,severity_unmet_need_usd,88131592.0,usd,0.84,text_page:severity_money,"$186,361,160. The state’s unmet need relating to FEMA Individual Assistance (IA) is $88,131,592 with a resilience multiplier of 15 percent."
58,f16-2018-q3.pdf,2016_Floods,f16,2018,3,2,text_page,,351,Newton County,Over The Past Two Years,,severity_unmet_need_usd,309254300.0,usd,0.84,text_page:severity_money,"The unmet need, as identified by the SBA using the total verified loss of households and businesses, is $309,254,300 for housing and"
58,f16-2018-q3.pdf,2016_Floods,f16,2018,3,2,text_page,,351,Newton County,Over The Past Two Years,,severity_unmet_need_usd,13659184.0,usd,0.84,text_page:severity_money,"data and $13,659,184 for business data. FEMA and SBA data alone yield an unmet need for the state of Texas totaling $559,991,968."
58,f16-2018-q3.pdf,2016_Floods,f16,2018,3,2,text_page,,351,Newton County,Over The Past Two Years,,severity_unmet_need_usd,559991968.0,usd,0.84,text_page:severity_money,"data and $13,659,184 for business data. FEMA and SBA data alone yield an unmet need for the state of Texas totaling $559,991,968."
280,ike-2018-q3.pdf,Hurricane_Ike,ike,2018,3,69,text_page,280:69,167,Galveston County,Crystal Beach,77650,admin_payroll_usd,317.41,usd,0.78,text_page:keyword_money,The Galveston County Bolivar water facilities are complete and awaiting final expenditures. Salary Allocations - $317.41
280,ike-2018-q3.pdf,Hurricane_Ike,ike,2018,3,85,text_page,280:85,167,Galveston County,Acquisition,,admin_payroll_usd,317.4,usd,0.78,text_page:keyword_money,The Galveston County Lauderdale project is in engineering design. Salary Allocations - $317.4
280,ike-2018-q3.pdf,Hurricane_Ike,ike,2018,3,165,text_page,280:165,201,Harris County,Acquisition,,admin_payroll_usd,12.17,usd,0.78,text_page:keyword_money,The Baytown City Jail facilities project is complete. Salary Allocations - $12.17
280,ike-2018-q3.pdf,Hurricane_Ike,ike,2018,3,168,text_page,280:167,201,Harris County,Acquisition,,admin_payroll_usd,12.17,usd,0.78,text_page:keyword_money,The Baytown EMS facilities project is complete. Salary Allocations - $12.17
280,ike-2018-q3.pdf,Hurricane_Ike,ike,2018,3,170,text_page,280:169,201,Harris County,Acquisition,,admin_payroll_usd,12.17,usd,0.78,text_page:keyword_money,The Baytown Police Main facilities project is complete. Salary Allocations - $12.17
280,ike-2018-q3.pdf,Hurricane_Ike,ike,2018,3,171,text_page,280:171,201,Harris County,Acquisition,,admin_payroll_usd,12.17,usd,0.78,text_page:keyword_money,The Baytown Police Market facilities project is complete. Salary Allocations - $12.17
280,ike-2018-q3.pdf,Hurricane_Ike,ike,2018,3,173,text_page,280:173,201,Harris County,Acquisition,,admin_payroll_usd,12.17,usd,0.78,text_page:keyword_money,The Baytown Police Substation facilities project is complete. Salary Allocations - $12.17
280,ike-2018-q3.pdf,Hurricane_Ike,ike,2018,3,175,text_page,280:175,201,Harris County,Acquisition,,admin_payroll_usd,12.17,usd,0.78,text_page:keyword_money,The Baytown Police Wye Drive facilities project is complete. Salary Allocations - $12.17
280,ike-2018-q3.pdf,Hurricane_Ike,ike,2018,3,177,text_page,280:177,201,Harris County,Permanently-affixed,,admin_payroll_usd,12.16,usd,0.78,text_page:keyword_money,The Baytown Water Treatment Plant generator project is completed. Salary Allocations - $12.16
280,ike-2018-q3.pdf,Hurricane_Ike,ike,2018,3,180,text_page,280:179,201,Harris County,Permanently-affixed,,admin_payroll_usd,12.17,usd,0.78,text_page:keyword_money,The Baytown Wastewater Treatment Plant generator project is completed. Salary Allocations - $12.17
280,ike-2018-q3.pdf,Hurricane_Ike,ike,2018,3,188,text_page,280:188,061,Cameron County,-year Storm Frequency,,admin_payroll_usd,321.69,usd,0.78,text_page:keyword_money,The Cameron County Drain A project is complete and awaiting DRGR closeout. Salary Allocations - $321.69
280,ike-2018-q3.pdf,Hurricane_Ike,ike,2018,3,191,text_page,280:190,061,Cameron County,-year Storm Frequency,,admin_payroll_usd,321.69,usd,0.78,text_page:keyword_money,Salary Allocations - $321.69
280,ike-2018-q3.pdf,Hurricane_Ike,ike,2018,3,193,text_page,280:193,071,Chambers County,Haynes Road,,admin_payroll_usd,149.51,usd,0.78,text_page:keyword_money,The Chambers County Smith Point Water Line and Booster project is in engineering design. Salary Allocations - $149.51
280,ike-2018-q3.pdf,Hurricane_Ike,ike,2018,3,200,text_page,280:199,201,Harris County,Gate Valves,,admin_payroll_usd,1659.44,usd,0.78,text_page:keyword_money,"During the reporting period, the Galveston street project entered closeout review. Salary Allocations - $1,659.44."
280,ike-2018-q3.pdf,Hurricane_Ike,ike,2018,3,212,text_page,280:211,201,Harris County,Install Reinforced Concrete Pipe,,admin_payroll_usd,93.17,usd,0.78,text_page:keyword_money,"During the reporting period, the La Feria grant was awaiting DRGR closeout. Salary Allocations - $93.17"
280,ike-2018-q3.pdf,Hurricane_Ike,ike,2018,3,217,text_page,280:217,351,Newton County,Hold Meetings Or Other Public Forums,,admin_payroll_usd,3.2,usd,0.78,text_page:keyword_money,"During the reporting period, the Newton County grant was awaiting DRGR closeout. Salary Allocations - $3.20"
280,ike-2018-q3.pdf,Hurricane_Ike,ike,2018,3,219,text_page,280:219,351,Newton County,And Construct An Oil Sand Surface. In Addition,,admin_payroll_usd,3.2,usd,0.78,text_page:keyword_money,"During the reporting period, the Newton County grant was awaiting DRGR closeout. Salary Allocations - $3.20"
280,ike-2018-q3.pdf,Hurricane_Ike,ike,2018,3,221,text_page,280:221,351,Newton County,And Construct An Oil Sand Surface. In Addition,,admin_payroll_usd,3.2,usd,0.78,text_page:keyword_money,"During the reporting period, the Newton County grant was awaiting DRGR closeout. Salary Allocations - $3.20"
280,ike-2018-q3.pdf,Hurricane_Ike,ike,2018,3,223,text_page,280:223,351,Newton County,And Construct An Oil Sand Surface. In Addition,,admin_payroll_usd,3.2,usd,0.78,text_page:keyword_money,"During the reporting period, the Newton County grant was awaiting DRGR closeout. Salary Allocations - $3.20"
280,ike-2018-q3.pdf,Hurricane_Ike,ike,2018,3,225,text_page,280:225,351,Newton County,And Construct An Oil Sand Surface. In Addition,,admin_payroll_usd,3.2,usd,0.78,text_page:keyword_money,"During the reporting period, the Newton County grant was awaiting DRGR closeout. Salary Allocations - $3.20"
280,ike-2018-q3.pdf,Hurricane_Ike,ike,2018,3,227,text_page,280:227,351,Newton County,And Construct An Oil Sand Surface. In Addition,,admin_payroll_usd,3.2,usd,0.78,text_page:keyword_money,"During the reporting period, the Newton County grant was awaiting DRGR closeout. Salary Allocations - $3.20"
280,ike-2018-q3.pdf,Hurricane_Ike,ike,2018,3,229,text_page,280:229,351,Newton County,And Construct An Oil Sand Surface. In Addition,,admin_payroll_usd,3.2,usd,0.78,text_page:keyword_money,"During the reporting period, the Newton County grant was awaiting DRGR closeout. Salary Allocations - $3.20"
280,ike-2018-q3.pdf,Hurricane_Ike,ike,2018,3,231,text_page,280:231,351,Newton County,And Construct An Oil Sand Surface. In Addition,,admin_payroll_usd,3.2,usd,0.78,text_page:keyword_money,"During the reporting period, the Newton County grant was awaiting DRGR closeout. Salary Allocations - $3.20"
280,ike-2018-q3.pdf,Hurricane_Ike,ike,2018,3,233,text_page,280:233,351,Newton County,And Construct An Oil Sand Surface. In Addition,,admin_payroll_usd,3.19,usd,0.78,text_page:keyword_money,"During the reporting period, the Newton County grant was awaiting DRGR closeout. Salary Allocations - $3.19"
280,ike-2018-q3.pdf,Hurricane_Ike,ike,2018,3,235,text_page,280:235,351,Newton County,Contractor Shall Reclaim,,admin_payroll_usd,3.19,usd,0.78,text_page:keyword_money,"During the reporting period, the Newton County grant was awaiting DRGR closeout. Salary Allocations - $3.19"
280,ike-2018-q3.pdf,Hurricane_Ike,ike,2018,3,237,text_page,280:237,351,Newton County,And Construct An Oil Sand Surface. In Addition,,admin_payroll_usd,3.19,usd,0.78,text_page:keyword_money,"During the reporting period, the Newton County grant was awaiting DRGR closeout. Salary Allocations - $3.19"
280,ike-2018-q3.pdf,Hurricane_Ike,ike,2018,3,239,text_page,280:239,351,Newton County,And Construct An Oil Sand Surface. In Addition,,admin_payroll_usd,3.19,usd,0.78,text_page:keyword_money,"During the reporting period, the Newton County grant was awaiting DRGR closeout. Salary Allocations - $3.19"
280,ike-2018-q3.pdf,Hurricane_Ike,ike,2018,3,241,text_page,280:241,351,Newton County,And Construct An Oil Sand Surface. In Addition,,admin_payroll_usd,3.19,usd,0.78,text_page:keyword_money,"During the reporting period, the Newton County grant was awaiting DRGR closeout. Salary Allocations - $3.19"
280,ike-2018-q3.pdf,Hurricane_Ike,ike,2018,3,243,text_page,280:243,351,Newton County,And Construct An Oil Sand Surface. In Addition,,admin_payroll_usd,3.19,usd,0.78,text_page:keyword_money,"During the reporting period, the Newton County grant was awaiting DRGR closeout. Salary Allocations - $3.19"
280,ike-2018-q3.pdf,Hurricane_Ike,ike,2018,3,245,text_page,280:245,351,Newton County,And Construct An Oil Sand Surface. In Addition,,admin_payroll_usd,3.19,usd,0.78,text_page:keyword_money,"During the reporting period, the Newton County grant was awaiting DRGR closeout. Salary Allocations - $3.19"
280,ike-2018-q3.pdf,Hurricane_Ike,ike,2018,3,247,text_page,280:247,351,Newton County,And Construct An Oil Sand Surface. In Addition,,admin_payroll_usd,3.19,usd,0.78,text_page:keyword_money,"During the reporting period, the Newton County grant was awaiting DRGR closeout. Salary Allocations - $3.19"
280,ike-2018-q3.pdf,Hurricane_Ike,ike,2018,3,249,text_page,280:249,351,Newton County,And Construct An Oil Sand Surface. In Addition,,admin_payroll_usd,3.19,usd,0.78,text_page:keyword_money,"During the reporting period, the Newton County grant was awaiting DRGR closeout. Salary Allocations - $3.19"
280,ike-2018-q3.pdf,Hurricane_Ike,ike,2018,3,251,text_page,280:251,351,Newton County,And Construct An Oil Sand Surface. In Addition,,admin_payroll_usd,3.19,usd,0.78,text_page:keyword_money,"During the reporting period, the Newton County grant was awaiting DRGR closeout. Salary Allocations - $3.19"
280,ike-2018-q3.pdf,Hurricane_Ike,ike,2018,3,253,text_page,280:253,351,Newton County,And Construct An Oil Sand Surface. In Addition,,admin_payroll_usd,3.19,usd,0.78,text_page:keyword_money,"During the reporting period, the Newton County grant was awaiting DRGR closeout. Salary Allocations - $3.19"
280,ike-2018-q3.pdf,Hurricane_Ike,ike,2018,3,255,text_page,280:255,351,Newton County,And Construct An Oil Sand Surface. In Addition,,admin_payroll_usd,3.19,usd,0.78,text_page:keyword_money,"During the reporting period, the Newton County grant was awaiting DRGR closeout. Salary Allocations - $3.19"
280,ike-2018-q3.pdf,Hurricane_Ike,ike,2018,3,257,text_page,280:257,351,Newton County,Contractor Shall Reclaim,,admin_payroll_usd,3.19,usd,0.78,text_page:keyword_money,"During the reporting period, the Newton County grant was awaiting DRGR closeout. Salary Allocations - $3.19"
280,ike-2018-q3.pdf,Hurricane_Ike,ike,2018,3,259,text_page,280:259,351,Newton County,In Newton County,,admin_payroll_usd,3.19,usd,0.78,text_page:keyword_money,"During the reporting period, the Newton County grant was awaiting DRGR closeout. Salary Allocations - $3.19"
280,ike-2018-q3.pdf,Hurricane_Ike,ike,2018,3,261,text_page,280:261,351,Newton County,Contractor Shall Reclaim,,admin_payroll_usd,3.19,usd,0.78,text_page:keyword_money,"During the reporting period, the Newton County grant was awaiting DRGR closeout. Salary Allocations - $3.19"
280,ike-2018-q3.pdf,Hurricane_Ike,ike,2018,3,263,text_page,280:263,351,Newton County,In Newton County,,admin_payroll_usd,3.19,usd,0.78,text_page:keyword_money,"During the reporting period, the Newton County grant was awaiting DRGR closeout. Salary Allocations - $3.19"
280,ike-2018-q3.pdf,Hurricane_Ike,ike,2018,3,265,text_page,280:265,351,Newton County,And Construct An Oil Sand Surface. In Addition,,admin_payroll_usd,3.19,usd,0.78,text_page:keyword_money,"During the reporting period, the Newton County grant was awaiting DRGR closeout. Salary Allocations - $3.19"
280,ike-2018-q3.pdf,Hurricane_Ike,ike,2018,3,269,text_page,280:269,201,Harris County,Package,,admin_payroll_usd,151.56,usd,0.78,text_page:keyword_money,The Port Arthur sewer facilities project is complete and awaiting final expenditures. Salary Allocations - $151.56
280,ike-2018-q3.pdf,Hurricane_Ike,ike,2018,3,271,text_page,280:271,201,Harris County,Surface Course,,admin_payroll_usd,151.57,usd,0.78,text_page:keyword_money,The Port Arthur 10th Street improvements project is complete and awaiting final expenditures. Salary Allocations - $151.57
280,ike-2018-q3.pdf,Hurricane_Ike,ike,2018,3,273,text_page,280:273,201,Harris County,Culverts,,admin_payroll_usd,151.57,usd,0.78,text_page:keyword_money,The Port Arthur 14th Street flood and drainage project is complete and awaiting final expenditures. Salary Allocations - $151.57
280,ike-2018-q3.pdf,Hurricane_Ike,ike,2018,3,275,text_page,280:275,201,Harris County,Culverts,,admin_payroll_usd,151.56,usd,0.78,text_page:keyword_money,The Port Arthur 18th Street flood and drainage project is complete and awaiting final expenditures. Salary Allocations - $151.56
280,ike-2018-q3.pdf,Hurricane_Ike,ike,2018,3,277,text_page,280:277,201,Harris County,Culverts,,admin_payroll_usd,151.56,usd,0.78,text_page:keyword_money,The Port Arthur 5th Street flood and drainage project is complete and awaiting final expenditures. Salary Allocations - $151.56
280,ike-2018-q3.pdf,Hurricane_Ike,ike,2018,3,279,text_page,280:279,201,Harris County,Culverts,,admin_payroll_usd,151.56,usd,0.78,text_page:keyword_money,The Port Arthur 9th Street flood and drainage project is complete and awaiting final expenditures. Salary Allocations - $151.56
280,ike-2018-q3.pdf,Hurricane_Ike,ike,2018,3,284,text_page,280:283,201,Harris County,Houston Boulevard,,admin_payroll_usd,316.9,usd,0.78,text_page:keyword_money,The Rio Hondo flood and drainage project is complete and awaiting final expenditures. Salary Allocations - $316.90
280,ike-2018-q3.pdf,Hurricane_Ike,ike,2018,3,325,text_page,280:325,201,Harris County,Will Harden,,admin_payroll_usd,119.12,usd,0.78,text_page:keyword_money,Salary Allocations - $119.12
280,ike-2018-q3.pdf,Hurricane_Ike,ike,2018,3,334,text_page,280:333,199,Hardin County,With Usace,,admin_payroll_usd,429.35,usd,0.78,text_page:keyword_money,"During the reporting period, the Hardin County flood and drainage facilities were underway. Salary Allocations - $429.35"
280,ike-2018-q3.pdf,Hurricane_Ike,ike,2018,3,336,text_page,280:335,199,Hardin County,In Hardin County,,admin_payroll_usd,429.35,usd,0.78,text_page:keyword_money,"During the reporting period, the Hardin County flood and drainage facilities were underway. Salary Allocations - $429.35"
280,ike-2018-q3.pdf,Hurricane_Ike,ike,2018,3,337,text_page,280:337,199,Hardin County,Of Any Non-grindable,,admin_payroll_usd,429.35,usd,0.78,text_page:keyword_money,"During the reporting period, the Hardin County debris removal project was underway. Salary Allocations - $429.35"
280,ike-2018-q3.pdf,Hurricane_Ike,ike,2018,3,363,text_page,280:363,047,Brooks County,Grantee Shall Re-grade Existing Creek And Re-grade,,admin_payroll_usd,289.45,usd,0.78,text_page:keyword_money,"During the reporting period, the Brooks County 281 South drainage improvements were underway. Salary Allocations - $289.45"
280,ike-2018-q3.pdf,Hurricane_Ike,ike,2018,3,375,text_page,280:375,201,Harris County,Contractor Shall Purchase And Install Two Booster Pumps,,admin_payroll_usd,288.72,usd,0.78,text_page:keyword_money,"During the reporting period, the Dickinson Lobit Water Well improvements were underway. Salary Allocations - $288.72"
280,ike-2018-q3.pdf,Hurricane_Ike,ike,2018,3,383,text_page,280:383,201,Harris County,Grade Side Slopes And Ditches,,admin_payroll_usd,96.73,usd,0.78,text_page:keyword_money,"During the reporting period, the Easton Church Street improvement completed. Salary Allocations - $96.73"
280,ike-2018-q3.pdf,Hurricane_Ike,ike,2018,3,385,text_page,280:385,201,Harris County,Grade Side Slopes And Ditches,,admin_payroll_usd,96.73,usd,0.78,text_page:keyword_money,"During the reporting period, the Easton Francis Street improvement completed. Salary Allocations - $96.73"
280,ike-2018-q3.pdf,Hurricane_Ike,ike,2018,3,387,text_page,280:387,201,Harris County,Grade Side Slopes And Ditches,,admin_payroll_usd,96.73,usd,0.78,text_page:keyword_money,"During the reporting period, the Easton Godfrey Street improvement completed. Salary Allocations - $96.73"
280,ike-2018-q3.pdf,Hurricane_Ike,ike,2018,3,389,text_page,280:389,201,Harris County,Grade Side Slopes And Ditches,,admin_payroll_usd,96.73,usd,0.78,text_page:keyword_money,"During the reporting period, the Easton Main Street improvement was underway. Salary Allocations - $96.73"
280,ike-2018-q3.pdf,Hurricane_Ike,ike,2018,3,391,text_page,280:391,201,Harris County,Acquisition,,admin_payroll_usd,923.91,usd,0.78,text_page:keyword_money,The Galveston fire protection facilities are underway. Salary Allocations - $923.91
280,ike-2018-q3.pdf,Hurricane_Ike,ike,2018,3,394,text_page,280:393,201,Harris County,Linear Feet,,admin_payroll_usd,923.91,usd,0.78,text_page:keyword_money,The Galveston Cedars at Carver Park facilities are underway. Salary Allocations - $923.91
280,ike-2018-q3.pdf,Hurricane_Ike,ike,2018,3,395,text_page,280:395,201,Harris County,Acquisition,,admin_payroll_usd,923.91,usd,0.78,text_page:keyword_money,The Galveston Cedars at Carver Park facilities are underway. Salary Allocations - $923.91
280,ike-2018-q3.pdf,Hurricane_Ike,ike,2018,3,397,text_page,280:397,201,Harris County,Street,,admin_payroll_usd,923.92,usd,0.78,text_page:keyword_money,The Galveston Cedars at Carver Park facilities are underway. Salary Allocations - $923.92
280,ike-2018-q3.pdf,Hurricane_Ike,ike,2018,3,400,text_page,280:399,201,Harris County,An Automatic Transfer Switch,,admin_payroll_usd,923.91,usd,0.78,text_page:keyword_money,The Galveston water facilities are underway. Salary Allocations - $923.91
280,ike-2018-q3.pdf,Hurricane_Ike,ike,2018,3,401,text_page,280:401,201,Harris County,Blasting,,admin_payroll_usd,923.91,usd,0.78,text_page:keyword_money,The Galveston water facilities are underway. Salary Allocations - $923.91
280,ike-2018-q3.pdf,Hurricane_Ike,ike,2018,3,403,text_page,280:403,201,Harris County,Aeration Basins And Blowers,,admin_payroll_usd,923.91,usd,0.78,text_page:keyword_money,The Galveston Airpoirt Wastewater Treatment Plant improvements are underway. Salary Allocations - $923.91
280,ike-2018-q3.pdf,Hurricane_Ike,ike,2018,3,405,text_page,280:405,201,Harris County,Lennox Avenue,77551,admin_payroll_usd,923.91,usd,0.78,text_page:keyword_money,The Galveston Municipal Incinerator clearance and demolition is underway. Salary Allocations - $923.91
280,ike-2018-q3.pdf,Hurricane_Ike,ike,2018,3,407,text_page,280:407,201,Harris County,St Street To The West,,admin_payroll_usd,923.91,usd,0.78,text_page:keyword_money,The Galveston 30th Street tank clearance and demolition is underway. Salary Allocations - $923.91
280,ike-2018-q3.pdf,Hurricane_Ike,ike,2018,3,414,text_page,280:413,201,Harris County,Linear Feet,,admin_payroll_usd,923.91,usd,0.78,text_page:keyword_money,The Galveston street improvements are underway. Salary Allocations - $923.91
280,ike-2018-q3.pdf,Hurricane_Ike,ike,2018,3,416,text_page,280:415,167,Galveston County,Acquisition,,admin_payroll_usd,324.65,usd,0.78,text_page:keyword_money,The Galveston County San Leon Motor Control Center improvements are underway. Salary Allocations - $324.65
280,ike-2018-q3.pdf,Hurricane_Ike,ike,2018,3,423,text_page,280:423,167,Galveston County,Air Release Valves,,admin_payroll_usd,324.64,usd,0.78,text_page:keyword_money,The Galveston County I-45/Hwy 6 water facilities improvements are underway. Salary Allocations - $324.64
280,ike-2018-q3.pdf,Hurricane_Ike,ike,2018,3,435,text_page,280:435,167,Galveston County,Junction Boxes,,admin_payroll_usd,324.64,usd,0.78,text_page:keyword_money,The Galveston County Cowart Creek Tributary drainage improvements are underway. Salary Allocations - $324.64
280,ike-2018-q3.pdf,Hurricane_Ike,ike,2018,3,437,text_page,280:437,167,Galveston County,Grading Of The Channel Banks To A Stable Slope,,admin_payroll_usd,324.64,usd,0.78,text_page:keyword_money,The Galveston County Gum Bayou Channel drainage improvements are underway. Salary Allocations - $324.64
280,ike-2018-q3.pdf,Hurricane_Ike,ike,2018,3,439,text_page,280:439,167,Galveston County,Corner Of Landfill To Deats Road In Galveston County,,admin_payroll_usd,324.65,usd,0.78,text_page:keyword_money,The Galveston County Gum Bayou Tributary drainage improvements are underway. Salary Allocations - $324.65
280,ike-2018-q3.pdf,Hurricane_Ike,ike,2018,3,441,text_page,280:441,167,Galveston County,Clearing And Installing Underground Storm Water Boxes,,admin_payroll_usd,324.64,usd,0.78,text_page:keyword_money,The Galveston County Highland Bayou drainage improvements are underway. Salary Allocations - $324.64
280,ike-2018-q3.pdf,Hurricane_Ike,ike,2018,3,456,text_page,280:455,201,Harris County,Feet North Of Alderson Street In Cloverleaf,,admin_payroll_usd,1.97,usd,0.78,text_page:keyword_money,The Harris County Cloverleaf Phase 1 street improvements project is complete. Salary Allocations - $1.97
280,ike-2018-q3.pdf,Hurricane_Ike,ike,2018,3,459,text_page,280:459,201,Harris County,Grantee Shall Perform Full Depth Street Reconstruction,,admin_payroll_usd,1.97,usd,0.78,text_page:keyword_money,Phase 3 street improvements project. Salary Allocations - $1.97
280,ike-2018-q3.pdf,Hurricane_Ike,ike,2018,3,478,text_page,280:478,215,Hidalgo County,Storm Water To A Primary Drainage Channel,,admin_payroll_usd,54.36,usd,0.78,text_page:keyword_money,"During the reporting period, the Hidalgo County Precinct 1 drainage project completed. Salary Allocations - $54.36"
280,ike-2018-q3.pdf,Hurricane_Ike,ike,2018,3,480,text_page,280:480,215,Hidalgo County,Drainage Inlets,,admin_payroll_usd,54.35,usd,0.78,text_page:keyword_money,"During the reporting period, the Hidalgo County Precinct 4 drainage project is underway. Salary Allocations - $54.35"
280,ike-2018-q3.pdf,Hurricane_Ike,ike,2018,3,484,text_page,280:484,201,Harris County,Inlets,,admin_payroll_usd,128.48,usd,0.78,text_page:keyword_money,expiration date. Salary Allocations - $128.48
280,ike-2018-q3.pdf,Hurricane_Ike,ike,2018,3,490,text_page,280:490,201,Harris County,Replacement,,admin_payroll_usd,128.48,usd,0.78,text_page:keyword_money,environmental review. Salary Allocations - $128.48
280,ike-2018-q3.pdf,Hurricane_Ike,ike,2018,3,526,text_page,280:526,201,Harris County,Water Plant,,admin_payroll_usd,223.97,usd,0.78,text_page:keyword_money,"During the reporting period, the League City water system improvements completed. Salary Allocations - $223.97"
280,ike-2018-q3.pdf,Hurricane_Ike,ike,2018,3,529,text_page,280:528,201,Harris County,Controllers,,admin_payroll_usd,223.99,usd,0.78,text_page:keyword_money,The League City traffic signal improvements are complete and awaiting final expenditures. Salary Allocations - $223.99
280,ike-2018-q3.pdf,Hurricane_Ike,ike,2018,3,531,text_page,280:530,201,Harris County,Detention Pond Located In Area Bound By Ohio Avenue,,admin_payroll_usd,223.97,usd,0.78,text_page:keyword_money,The League City Shellside Area Outfall Channel is complete and awaiting final expenditures. Salary Allocations - $223.97
280,ike-2018-q3.pdf,Hurricane_Ike,ike,2018,3,536,text_page,280:536,291,Liberty County,Contractor Shall Replace The Winter Valley Estates Bridge,,admin_payroll_usd,4.07,usd,0.78,text_page:keyword_money,Salary Allocations - $4.07
280,ike-2018-q3.pdf,Hurricane_Ike,ike,2018,3,556,text_page,280:556,201,Harris County,Contractor Shall Re-grade,,admin_payroll_usd,13.59,usd,0.78,text_page:keyword_money,"During the reporting period, the Orange Cooper's Gully project was in construction. Salary Allocations - $13.59"
280,ike-2018-q3.pdf,Hurricane_Ike,ike,2018,3,590,text_page,280:590,201,Harris County,Larger,,admin_payroll_usd,59.41,usd,0.78,text_page:keyword_money,"During the reporting period, the Port Arthur Woodworth Boulevard drainage project is underway. Salary Allocations - $59.41"
280,ike-2018-q3.pdf,Hurricane_Ike,ike,2018,3,603,text_page,280:602,201,Harris County,L.f.,,admin_payroll_usd,187.15,usd,0.78,text_page:keyword_money,The Texas City 15th Avenue drainage project is underway. Salary Allocations - $187.15
280,ike-2018-q3.pdf,Hurricane_Ike,ike,2018,3,616,text_page,280:616,361,Orange County,In Orange,,admin_payroll_usd,14.99,usd,0.78,text_page:keyword_money,The Orange County sewer facilities are complete and awaiting final expenditures. Salary Allocations - $14.99
280,ike-2018-q3.pdf,Hurricane_Ike,ike,2018,3,634,text_page,280:634,201,Harris County,Contractor Shall Demolish,,admin_payroll_usd,11.65,usd,0.78,text_page:keyword_money,"During the reporting period, the West Orange demolitions were nearing completion. Salary Allocations - $11.65"
280,ike-2018-q3.pdf,Hurricane_Ike,ike,2018,3,646,text_page,280:646,201,Harris County,Contractor Shall Re-construct,,admin_payroll_usd,10.35,usd,0.78,text_page:keyword_money,"During the reporting period, the Rose City street improvement projects were near completion. Salary Allocations - $10.35"
280,ike-2018-q3.pdf,Hurricane_Ike,ike,2018,3,654,text_page,280:654,201,Harris County,From Allen Genoa Road To Berry Bayou In South Houston,,admin_payroll_usd,197.52,usd,0.78,text_page:keyword_money,The South Houston Merilyn Place drainage project is complete and awaiting final expenditures. Salary Allocations - $197.52
280,ike-2018-q3.pdf,Hurricane_Ike,ike,2018,3,656,text_page,280:656,201,Harris County,On Longley Street From Eastern Boundary To Perez Road,,admin_payroll_usd,197.53,usd,0.78,text_page:keyword_money,The South Houston Perez Road drainage project is complete and awaiting final expenditures. Salary Allocations - $197.53
280,ike-2018-q3.pdf,Hurricane_Ike,ike,2018,3,670,text_page,280:670,201,Harris County,Grantee Shall Install A New Culvert Structure,,admin_payroll_usd,106.49,usd,0.78,text_page:keyword_money,"During the reporting period, the Clute drainage improvements are under construction. Salary Allocations - $106.49"
280,ike-2018-q3.pdf,Hurricane_Ike,ike,2018,3,685,text_page,280:684,289,Leon County,And In Oakwood,,admin_payroll_usd,64.97,usd,0.78,text_page:keyword_money,construction. Salary Allocations - $64.97
280,ike-2018-q3.pdf,Hurricane_Ike,ike,2018,3,707,text_page,280:707,201,Harris County,Subrecipient - City Of Houston Will Provide Homeowner Repair,,admin_payroll_usd,11055.36,usd,0.78,text_page:keyword_money,"date is 12/31/18. Salary Allocations - $11,055.36"
280,ike-2018-q3.pdf,Hurricane_Ike,ike,2018,3,709,text_page,280:709,201,Harris County,Households,,admin_payroll_usd,4382.36,usd,0.78,text_page:keyword_money,The contract end date is 3/31/19. Salary Allocations - $4382.36
280,ike-2018-q3.pdf,Hurricane_Ike,ike,2018,3,735,text_page,280:735,201,Harris County,Multi-family Rental Housing Units,,admin_payroll_usd,1786.1,usd,0.78,text_page:keyword_money,"Final two projects are under construction, should be complete by the end of 2019. Salary Allocations - $1,786.10"
280,ike-2018-q3.pdf,Hurricane_Ike,ike,2018,3,748,text_page,280:747,167,Galveston County,Housing Rental Units For Eligible Applicants,,admin_payroll_usd,2917.84,usd,0.78,text_page:keyword_money,"Their final project is undeway, should be complete by December of 2018. Salary Allocations - $2,917.84"
280,ike-2018-q3.pdf,Hurricane_Ike,ike,2018,3,749,text_page,280:749,167,Galveston County,Codes,,admin_payroll_usd,2917.85,usd,0.78,text_page:keyword_money,"Their final homes are undeway and should be complete by December of 2018. Salary Allocations - $2,917.85"
280,ike-2018-q3.pdf,Hurricane_Ike,ike,2018,3,755,text_page,280:755,201,Harris County,Multi-family Housing Rental Units For Eligible Applicants,,admin_payroll_usd,3302.12,usd,0.78,text_page:keyword_money,"All projects are complete and closeout has begun. Salary Allocations - $3,302.12"
280,ike-2018-q3.pdf,Hurricane_Ike,ike,2018,3,769,text_page,280:769,201,Harris County,Local Codes,,admin_payroll_usd,3252.58,usd,0.78,text_page:keyword_money,"Their final project is undeway, should be complete by December of 2019. Salary Allocations - $3,252.58"
1,15f-2018-q4.pdf,2015_Floods,15f,2018,4,2,text_page,,249,Jim Wells County,Memorial Day Floods,,severity_unmet_need_usd,69689983.0,usd,0.84,text_page:severity_money,"The State’s unmet need for non-housing totals $69,689,983 and increases to $80,143,480 when including a resiliency multiplier of 15%"
1,15f-2018-q4.pdf,2015_Floods,15f,2018,4,2,text_page,,249,Jim Wells County,Memorial Day Floods,,severity_unmet_need_usd,80143480.0,usd,0.84,text_page:severity_money,"The State’s unmet need for non-housing totals $69,689,983 and increases to $80,143,480 when including a resiliency multiplier of 15%"
1,15f-2018-q4.pdf,2015_Floods,15f,2018,4,2,text_page,,249,Jim Wells County,Memorial Day Floods,,severity_unmet_need_usd,10453497.0,usd,0.84,text_page:severity_money,"($10,453,497). The data for housing unmet needs comes from TDEM and the National Emergency Management Information System (NEMIS)"
1,15f-2018-q4.pdf,2015_Floods,15f,2018,4,2,text_page,,249,Jim Wells County,Memorial Day Floods,,severity_unmet_need_usd,69440104.0,usd,0.84,text_page:severity_money,"database. The State’s unmet need for housing totaled $69,440,104. This figure increases to $79,856,120 when including the resilience"
1,15f-2018-q4.pdf,2015_Floods,15f,2018,4,2,text_page,,249,Jim Wells County,Memorial Day Floods,,severity_unmet_need_usd,79856120.0,usd,0.84,text_page:severity_money,"database. The State’s unmet need for housing totaled $69,440,104. This figure increases to $79,856,120 when including the resilience"
1,15f-2018-q4.pdf,2015_Floods,15f,2018,4,2,text_page,,249,Jim Wells County,Memorial Day Floods,,severity_unmet_need_usd,132391924.0,usd,0.84,text_page:severity_money,"Unmet need as identified by the Small Business Administration (SBA) is $132,391,924 for housing and $23,218,266 for businesses. Per"
1,15f-2018-q4.pdf,2015_Floods,15f,2018,4,2,text_page,,249,Jim Wells County,Memorial Day Floods,,severity_unmet_need_usd,23218266.0,usd,0.84,text_page:severity_money,"Unmet need as identified by the Small Business Administration (SBA) is $132,391,924 for housing and $23,218,266 for businesses. Per"
1,15f-2018-q4.pdf,2015_Floods,15f,2018,4,2,text_page,,249,Jim Wells County,Memorial Day Floods,,severity_unmet_need_usd,315609790.0,usd,0.84,text_page:severity_money,"FEMA and SBA data, unmet need for the state of Texas totals $315,609,790."
59,f16-2018-q4.pdf,2016_Floods,f16,2018,4,2,text_page,,351,Newton County,Over The Past Two Years,,severity_deaths_count,29.0,count,0.9,text_page:killing_pattern,killing 29 Texans and causing significantly more public and private property damage due to the compounding effects of the 2015 floods.
59,f16-2018-q4.pdf,2016_Floods,f16,2018,4,2,text_page,,351,Newton County,Over The Past Two Years,,severity_unmet_need_usd,201341450.0,usd,0.84,text_page:severity_money,"is $201,341,450. This results in the state’s unmet need from public assistance totaling $57,885,667 with a resiliency multiplier of 15 percent."
59,f16-2018-q4.pdf,2016_Floods,f16,2018,4,2,text_page,,351,Newton County,Over The Past Two Years,,severity_unmet_need_usd,57885667.0,usd,0.84,text_page:severity_money,"is $201,341,450. This results in the state’s unmet need from public assistance totaling $57,885,667 with a resiliency multiplier of 15 percent."
59,f16-2018-q4.pdf,2016_Floods,f16,2018,4,2,text_page,,351,Newton County,Over The Past Two Years,,severity_unmet_need_usd,186361160.0,usd,0.84,text_page:severity_money,"$186,361,160. The state’s unmet need relating to FEMA Individual Assistance (IA) is $88,131,592 with a resilience multiplier of 15 percent."
59,f16-2018-q4.pdf,2016_Floods,f16,2018,4,2,text_page,,351,Newton County,Over The Past Two Years,,severity_unmet_need_usd,88131592.0,usd,0.84,text_page:severity_money,"$186,361,160. The state’s unmet need relating to FEMA Individual Assistance (IA) is $88,131,592 with a resilience multiplier of 15 percent."
59,f16-2018-q4.pdf,2016_Floods,f16,2018,4,2,text_page,,351,Newton County,Over The Past Two Years,,severity_unmet_need_usd,309254300.0,usd,0.84,text_page:severity_money,"The unmet need, as identified by the SBA using the total verified loss of households and businesses, is $309,254,300 for housing and"
59,f16-2018-q4.pdf,2016_Floods,f16,2018,4,2,text_page,,351,Newton County,Over The Past Two Years,,severity_unmet_need_usd,13659184.0,usd,0.84,text_page:severity_money,"data and $13,659,184 for business data. FEMA and SBA data alone yield an unmet need for the state of Texas totaling $559,991,968."
59,f16-2018-q4.pdf,2016_Floods,f16,2018,4,2,text_page,,351,Newton County,Over The Past Two Years,,severity_unmet_need_usd,559991968.0,usd,0.84,text_page:severity_money,"data and $13,659,184 for business data. FEMA and SBA data alone yield an unmet need for the state of Texas totaling $559,991,968."
30,f15-2019-q1.pdf,2015_Floods,f15,2019,1,2,text_page,,209,Hays County,Memorial Day Floods,,severity_unmet_need_usd,69689983.0,usd,0.84,text_page:severity_money,"The State’s unmet need for non-housing totals $69,689,983 and increases to $80,143,480 when including a resiliency multiplier of 15%"
30,f15-2019-q1.pdf,2015_Floods,f15,2019,1,2,text_page,,209,Hays County,Memorial Day Floods,,severity_unmet_need_usd,80143480.0,usd,0.84,text_page:severity_money,"The State’s unmet need for non-housing totals $69,689,983 and increases to $80,143,480 when including a resiliency multiplier of 15%"
30,f15-2019-q1.pdf,2015_Floods,f15,2019,1,2,text_page,,209,Hays County,Memorial Day Floods,,severity_unmet_need_usd,10453497.0,usd,0.84,text_page:severity_money,"($10,453,497). The data for housing unmet needs comes from TDEM and the National Emergency Management Information System (NEMIS)"
30,f15-2019-q1.pdf,2015_Floods,f15,2019,1,2,text_page,,209,Hays County,Memorial Day Floods,,severity_unmet_need_usd,69440104.0,usd,0.84,text_page:severity_money,"database. The State’s unmet need for housing totaled $69,440,104. This figure increases to $79,856,120 when including the resilience"
30,f15-2019-q1.pdf,2015_Floods,f15,2019,1,2,text_page,,209,Hays County,Memorial Day Floods,,severity_unmet_need_usd,79856120.0,usd,0.84,text_page:severity_money,"database. The State’s unmet need for housing totaled $69,440,104. This figure increases to $79,856,120 when including the resilience"
30,f15-2019-q1.pdf,2015_Floods,f15,2019,1,2,text_page,,209,Hays County,Memorial Day Floods,,severity_unmet_need_usd,132391924.0,usd,0.84,text_page:severity_money,"Unmet need as identified by the Small Business Administration (SBA) is $132,391,924 for housing and $23,218,266 for businesses. Per"
30,f15-2019-q1.pdf,2015_Floods,f15,2019,1,2,text_page,,209,Hays County,Memorial Day Floods,,severity_unmet_need_usd,23218266.0,usd,0.84,text_page:severity_money,"Unmet need as identified by the Small Business Administration (SBA) is $132,391,924 for housing and $23,218,266 for businesses. Per"
30,f15-2019-q1.pdf,2015_Floods,f15,2019,1,2,text_page,,209,Hays County,Memorial Day Floods,,severity_unmet_need_usd,315609790.0,usd,0.84,text_page:severity_money,"FEMA and SBA data, unmet need for the state of Texas totals $315,609,790."
60,f16-2019-q1.pdf,2016_Floods,f16,2019,1,2,text_page,,351,Newton County,Over The Past Two Years,,severity_deaths_count,29.0,count,0.9,text_page:killing_pattern,killing 29 Texans and causing significantly more public and private property damage due to the compounding effects of the 2015 floods.
60,f16-2019-q1.pdf,2016_Floods,f16,2019,1,2,text_page,,351,Newton County,Over The Past Two Years,,severity_unmet_need_usd,201341450.0,usd,0.84,text_page:severity_money,"is $201,341,450. This results in the state’s unmet need from public assistance totaling $57,885,667 with a resiliency multiplier of 15 percent."
60,f16-2019-q1.pdf,2016_Floods,f16,2019,1,2,text_page,,351,Newton County,Over The Past Two Years,,severity_unmet_need_usd,57885667.0,usd,0.84,text_page:severity_money,"is $201,341,450. This results in the state’s unmet need from public assistance totaling $57,885,667 with a resiliency multiplier of 15 percent."
60,f16-2019-q1.pdf,2016_Floods,f16,2019,1,2,text_page,,351,Newton County,Over The Past Two Years,,severity_unmet_need_usd,186361160.0,usd,0.84,text_page:severity_money,"$186,361,160. The state’s unmet need relating to FEMA Individual Assistance (IA) is $88,131,592 with a resilience multiplier of 15 percent."
60,f16-2019-q1.pdf,2016_Floods,f16,2019,1,2,text_page,,351,Newton County,Over The Past Two Years,,severity_unmet_need_usd,88131592.0,usd,0.84,text_page:severity_money,"$186,361,160. The state’s unmet need relating to FEMA Individual Assistance (IA) is $88,131,592 with a resilience multiplier of 15 percent."
60,f16-2019-q1.pdf,2016_Floods,f16,2019,1,2,text_page,,351,Newton County,Over The Past Two Years,,severity_unmet_need_usd,309254300.0,usd,0.84,text_page:severity_money,"The unmet need, as identified by the SBA using the total verified loss of households and businesses, is $309,254,300 for housing and"
60,f16-2019-q1.pdf,2016_Floods,f16,2019,1,2,text_page,,351,Newton County,Over The Past Two Years,,severity_unmet_need_usd,13659184.0,usd,0.84,text_page:severity_money,"data and $13,659,184 for business data. FEMA and SBA data alone yield an unmet need for the state of Texas totaling $559,991,968."
60,f16-2019-q1.pdf,2016_Floods,f16,2019,1,2,text_page,,351,Newton County,Over The Past Two Years,,severity_unmet_need_usd,559991968.0,usd,0.84,text_page:severity_money,"data and $13,659,184 for business data. FEMA and SBA data alone yield an unmet need for the state of Texas totaling $559,991,968."
282,ike-2019-q1.pdf,Hurricane_Ike,ike,2019,1,14,text_page,282:13,199,Hardin County,Construct Two Outfall Structures,,admin_payroll_usd,396.81,usd,0.9,text_page:keyword_money,$396.81 - Payroll Allocation. During the reporting period Hardin County had construction underway for its Flood and Drainage
282,ike-2019-q1.pdf,Hurricane_Ike,ike,2019,1,19,text_page,282:18,167,Galveston County,Curb And Gutter,,admin_payroll_usd,1485.64,usd,0.9,text_page:keyword_money,$1485.64 - Payroll Allocation. During this reporting period the City of Brownsville submitted close out documents for its Flood
282,ike-2019-q1.pdf,Hurricane_Ike,ike,2019,1,29,text_page,282:28,071,Chambers County,W Of Cove,,admin_payroll_usd,188.0,usd,0.9,text_page:keyword_money,$188 Payroll allocation. During the reporting period Chambers County had construction underway for its Flood and Drainage
282,ike-2019-q1.pdf,Hurricane_Ike,ike,2019,1,34,text_page,282:34,167,Galveston County,Acquisition,,admin_payroll_usd,217.8,usd,0.9,text_page:keyword_money,$217.8 - Payroll Allocation
282,ike-2019-q1.pdf,Hurricane_Ike,ike,2019,1,36,text_page,282:36,167,Galveston County,Ststreet,,admin_payroll_usd,217.79,usd,0.9,text_page:keyword_money,$217.79 - Payroll Allocation
282,ike-2019-q1.pdf,Hurricane_Ike,ike,2019,1,38,text_page,282:38,167,Galveston County,A-pelican,,admin_payroll_usd,217.79,usd,0.9,text_page:keyword_money,$217.79 - Payroll Allocation
282,ike-2019-q1.pdf,Hurricane_Ike,ike,2019,1,40,text_page,282:40,,,,,admin_payroll_usd,217.79,usd,0.9,text_page:keyword_money,$217.79 - Payroll Allocation
282,ike-2019-q1.pdf,Hurricane_Ike,ike,2019,1,42,text_page,282:42,167,Galveston County,Contractor Shall Rebuild Existing Aeration Basins,,admin_payroll_usd,217.79,usd,0.9,text_page:keyword_money,$217.79 - Payroll Allocation
282,ike-2019-q1.pdf,Hurricane_Ike,ike,2019,1,44,text_page,282:44,,,,,admin_payroll_usd,217.79,usd,0.9,text_page:keyword_money,$217.79 - Payroll Allocation
282,ike-2019-q1.pdf,Hurricane_Ike,ike,2019,1,60,text_page,282:60,167,Galveston County,Crystal Beach,77650,admin_payroll_usd,454.56,usd,0.9,text_page:keyword_money,$454.56 - Payroll Allocation
282,ike-2019-q1.pdf,Hurricane_Ike,ike,2019,1,69,text_page,282:68,167,Galveston County,Th Street,,admin_payroll_usd,454.58,usd,0.9,text_page:keyword_money,$454.58 - Payroll Allocation
282,ike-2019-q1.pdf,Hurricane_Ike,ike,2019,1,72,text_page,282:72,167,Galveston County,Improving Ditches Via Cleaning And Re-grading,,admin_payroll_usd,454.56,usd,0.9,text_page:keyword_money,$454.56 - Payroll Allocation
282,ike-2019-q1.pdf,Hurricane_Ike,ike,2019,1,74,text_page,282:74,167,Galveston County,Acquisition,,admin_payroll_usd,454.57,usd,0.9,text_page:keyword_money,$454.57 - Payroll Allocation
282,ike-2019-q1.pdf,Hurricane_Ike,ike,2019,1,76,text_page,282:76,167,Galveston County,Acquisition,,admin_payroll_usd,454.56,usd,0.9,text_page:keyword_money,$454.56 - Payroll Allocation
282,ike-2019-q1.pdf,Hurricane_Ike,ike,2019,1,92,text_page,282:92,407,San Jacinto County,Acquisition,,admin_payroll_usd,67.48,usd,0.9,text_page:keyword_money,$67.48 Payroll Allocation reimbursement for legal fees incorrectly submitted for payment. During the reporting period San
282,ike-2019-q1.pdf,Hurricane_Ike,ike,2019,1,103,text_page,282:103,061,Cameron County,-year Storm Frequency,,admin_payroll_usd,437.06,usd,0.9,text_page:keyword_money,$437.06 - Payroll Allocation. During this reporting period the County of Cameron submitted out documents for all its Flood and
282,ike-2019-q1.pdf,Hurricane_Ike,ike,2019,1,106,text_page,282:105,061,Cameron County,-year Storm Frequency,,admin_payroll_usd,437.05,usd,0.9,text_page:keyword_money,$437.05 - Payroll Allocation. During this reporting period the County of Cameron submitted out documents for all its Flood and
282,ike-2019-q1.pdf,Hurricane_Ike,ike,2019,1,108,text_page,282:108,071,Chambers County,Haynes Road,,admin_payroll_usd,216.04,usd,0.9,text_page:keyword_money,$216.04 - Payroll Allocation. During the reporting period Chambers County had engineering design complete for its Water
282,ike-2019-q1.pdf,Hurricane_Ike,ike,2019,1,110,text_page,282:110,071,Chambers County,Contractor Shall Remove And Replace Culvert Crossing,,admin_payroll_usd,216.05,usd,0.9,text_page:keyword_money,$216.05 - Payroll Allocation. During the reporting period Chambers County had environmental underway for its Flood and
282,ike-2019-q1.pdf,Hurricane_Ike,ike,2019,1,112,text_page,282:112,167,Galveston County,Contractor Shall Make Drainage Improvements,,admin_payroll_usd,793.31,usd,0.9,text_page:keyword_money,$793.31 - Payroll Allocation. During this reporting period the City of Combes submitted out documents for all its Flood and
282,ike-2019-q1.pdf,Hurricane_Ike,ike,2019,1,115,text_page,282:114,167,Galveston County,Gate Valves,,admin_payroll_usd,1433.36,usd,0.9,text_page:keyword_money,$1433.36 Payroll Allocation
282,ike-2019-q1.pdf,Hurricane_Ike,ike,2019,1,118,text_page,282:118,215,Hidalgo County,Contractor Shall Purchase And Install Box Culverts,,admin_payroll_usd,82.06,usd,0.9,text_page:keyword_money,$82.06 - Payroll Allocation. During this reporting period the County of Hidalgo had a final amendment executed allowing for final
282,ike-2019-q1.pdf,Hurricane_Ike,ike,2019,1,127,text_page,282:126,291,Liberty County,Contractor Shall Purchase And Install A New Pvc Water Line,,admin_payroll_usd,42.12,usd,0.9,text_page:keyword_money,$42.12 - Payroll Allocation. During the reporting period Liberty County had construction complete and the COCC approved for
282,ike-2019-q1.pdf,Hurricane_Ike,ike,2019,1,193,text_page,282:192,167,Galveston County,An Outfall Drainage Ditch,,admin_payroll_usd,295.61,usd,0.9,text_page:keyword_money,$295.61 - Payroll Allocation. During this reporting period the City of Santa Rosa submitted close out documents for its Flood
282,ike-2019-q1.pdf,Hurricane_Ike,ike,2019,1,226,text_page,282:226,167,Galveston County,Hold Meetings Or Other Public Forums,,admin_payroll_usd,11.69,usd,0.9,text_page:keyword_money,$11.69 Payroll Allocation. Project was completed in 2015. Metrics reported at that time.
282,ike-2019-q1.pdf,Hurricane_Ike,ike,2019,1,228,text_page,282:228,167,Galveston County,Will Harden,,admin_payroll_usd,11.69,usd,0.9,text_page:keyword_money,"$11.69 Payroll Allocation. During the reporting period, the City of Vidor had Construction complete and the COCC underway for"
282,ike-2019-q1.pdf,Hurricane_Ike,ike,2019,1,231,text_page,282:230,167,Galveston County,Walden Street,,admin_payroll_usd,11.68,usd,0.9,text_page:keyword_money,"$11.68 Payroll Allocation. During the reporting period, the City of Vidor had Construction complete and the COCC underway for"
282,ike-2019-q1.pdf,Hurricane_Ike,ike,2019,1,237,text_page,282:236,199,Hardin County,With Usace,,admin_payroll_usd,279.22,usd,0.9,text_page:keyword_money,$279.22 - Payroll Allocation. During the reporting period Hardin County had construction complete and COCC approved for its
282,ike-2019-q1.pdf,Hurricane_Ike,ike,2019,1,253,text_page,282:252,039,Brazoria County,Swordfish,,admin_payroll_usd,40.64,usd,0.9,text_page:keyword_money,"$40.64 - Payroll Allocation. During the reporting period the County of Brazoria submitted close out documents for its Water,"
282,ike-2019-q1.pdf,Hurricane_Ike,ike,2019,1,266,text_page,282:266,047,Brooks County,Grantee Shall Re-grade Existing Creek And Re-grade,,admin_payroll_usd,43.29,usd,0.9,text_page:keyword_money,$43.29 - Payroll Allocation. During this reporting period the County of Brooks submitted close out documents for its Flood and
282,ike-2019-q1.pdf,Hurricane_Ike,ike,2019,1,270,text_page,282:270,047,Brooks County,Grantee Shall Re-grade Existing Creek And Re-grade,,admin_payroll_usd,43.29,usd,0.9,text_page:keyword_money,$43.29 - Payroll Allocation. During this reporting period the County of Brooks submitted close out documents for its Flood and
282,ike-2019-q1.pdf,Hurricane_Ike,ike,2019,1,276,text_page,282:276,071,Chambers County,Provide Other Associated Appurtenances,,admin_payroll_usd,256.55,usd,0.9,text_page:keyword_money,$256.55 - Payroll Allocation. During the reporting period Chambers County had construction complete and COCC approved for
282,ike-2019-q1.pdf,Hurricane_Ike,ike,2019,1,278,text_page,282:278,167,Galveston County,Contractor Shall Purchase And Install Two Booster Pumps,,admin_payroll_usd,274.28,usd,0.9,text_page:keyword_money,$274.28 - Payroll Allocation. During this reporting period the City of Dickinson submitted close out documents for its Water
282,ike-2019-q1.pdf,Hurricane_Ike,ike,2019,1,280,text_page,282:280,167,Galveston County,A Sanitary Sewer Gravity Line,,admin_payroll_usd,274.28,usd,0.9,text_page:keyword_money,$274.28 - Payroll Allocation. During this reporting period the City of Dickinson submitted close out documents for its Sewer
282,ike-2019-q1.pdf,Hurricane_Ike,ike,2019,1,283,text_page,282:282,167,Galveston County,To End Of Street,,admin_payroll_usd,274.27,usd,0.9,text_page:keyword_money,$274.27 - Payroll Allocation. During this reporting period the City of Dickinson submitted close out documents for its Flood and
282,ike-2019-q1.pdf,Hurricane_Ike,ike,2019,1,294,text_page,282:294,167,Galveston County,Acquisition,,admin_payroll_usd,435.78,usd,0.9,text_page:keyword_money,$435.78 - Payroll Allocation
282,ike-2019-q1.pdf,Hurricane_Ike,ike,2019,1,297,text_page,282:296,167,Galveston County,Linear Feet,,admin_payroll_usd,435.78,usd,0.9,text_page:keyword_money,$435.78 - Payroll Allocation
282,ike-2019-q1.pdf,Hurricane_Ike,ike,2019,1,298,text_page,282:298,167,Galveston County,Acquisition,,admin_payroll_usd,435.77,usd,0.9,text_page:keyword_money,$435.77 - Payroll Allocation
282,ike-2019-q1.pdf,Hurricane_Ike,ike,2019,1,300,text_page,282:300,167,Galveston County,Street,,admin_payroll_usd,435.79,usd,0.9,text_page:keyword_money,$435.79 - Payroll Allocation
282,ike-2019-q1.pdf,Hurricane_Ike,ike,2019,1,303,text_page,282:302,167,Galveston County,An Automatic Transfer Switch,,admin_payroll_usd,435.78,usd,0.9,text_page:keyword_money,$435.78 - Payroll Allocation
282,ike-2019-q1.pdf,Hurricane_Ike,ike,2019,1,304,text_page,282:304,167,Galveston County,Blasting,,admin_payroll_usd,435.78,usd,0.9,text_page:keyword_money,$435.78 - Payroll Allocation
282,ike-2019-q1.pdf,Hurricane_Ike,ike,2019,1,308,text_page,282:308,167,Galveston County,Lennox Avenue,77551,admin_payroll_usd,435.78,usd,0.9,text_page:keyword_money,$435.78 - Payroll Allocation
282,ike-2019-q1.pdf,Hurricane_Ike,ike,2019,1,310,text_page,282:310,167,Galveston County,St Street To The West,,admin_payroll_usd,435.79,usd,0.9,text_page:keyword_money,$435.79 - Payroll Allocation
282,ike-2019-q1.pdf,Hurricane_Ike,ike,2019,1,314,text_page,282:314,167,Galveston County,Contamination,,admin_payroll_usd,435.79,usd,0.9,text_page:keyword_money,$435.79 - Payroll Allocation
282,ike-2019-q1.pdf,Hurricane_Ike,ike,2019,1,317,text_page,282:316,167,Galveston County,Linear Feet,,admin_payroll_usd,435.78,usd,0.9,text_page:keyword_money,$435.78 - Payroll Allocation
282,ike-2019-q1.pdf,Hurricane_Ike,ike,2019,1,319,text_page,282:318,167,Galveston County,Acquisition,,admin_payroll_usd,198.33,usd,0.9,text_page:keyword_money,$198.33 - Payroll Allocation
282,ike-2019-q1.pdf,Hurricane_Ike,ike,2019,1,326,text_page,282:326,167,Galveston County,Air Release Valves,,admin_payroll_usd,198.31,usd,0.9,text_page:keyword_money,$198.31 Payroll Allocation.
282,ike-2019-q1.pdf,Hurricane_Ike,ike,2019,1,328,text_page,282:328,167,Galveston County,Isolating Valves,,admin_payroll_usd,198.32,usd,0.9,text_page:keyword_money,$198.32 Payroll Allocation.
282,ike-2019-q1.pdf,Hurricane_Ike,ike,2019,1,332,text_page,282:332,167,Galveston County,With Separate Fuel Tank,,admin_payroll_usd,198.33,usd,0.9,text_page:keyword_money,"$198.33 Payroll Allocation. Per Matt Anderson in Finance The narrative is correct, but the amount is not. It looks like $25.20 of"
282,ike-2019-q1.pdf,Hurricane_Ike,ike,2019,1,332,text_page,282:332,167,Galveston County,With Separate Fuel Tank,,admin_payroll_usd,25.2,usd,0.9,text_page:keyword_money,"$198.33 Payroll Allocation. Per Matt Anderson in Finance The narrative is correct, but the amount is not. It looks like $25.20 of"
282,ike-2019-q1.pdf,Hurricane_Ike,ike,2019,1,332,text_page,282:332,167,Galveston County,With Separate Fuel Tank,,admin_payroll_usd,1000000000.0,usd,0.78,text_page:keyword_money,salary allocation accidentally got added to the DRS220052-1a-Moore's instead of the DRS220052-1b-Moore's. I’m going to do
282,ike-2019-q1.pdf,Hurricane_Ike,ike,2019,1,338,text_page,282:338,167,Galveston County,Junction Boxes,,admin_payroll_usd,198.31,usd,0.9,text_page:keyword_money,$198.31 Payroll Allocation.
282,ike-2019-q1.pdf,Hurricane_Ike,ike,2019,1,340,text_page,282:340,167,Galveston County,Grading Of The Channel Banks To A Stable Slope,,admin_payroll_usd,198.32,usd,0.9,text_page:keyword_money,$198.32 Payroll Allocation.
282,ike-2019-q1.pdf,Hurricane_Ike,ike,2019,1,342,text_page,282:342,167,Galveston County,Corner Of Landfill To Deats Road In Galveston County,,admin_payroll_usd,198.32,usd,0.9,text_page:keyword_money,$198.32 Payroll Allocation.
282,ike-2019-q1.pdf,Hurricane_Ike,ike,2019,1,344,text_page,282:344,167,Galveston County,Clearing And Installing Underground Storm Water Boxes,,admin_payroll_usd,198.32,usd,0.9,text_page:keyword_money,$198.32 Payroll Allocation.
282,ike-2019-q1.pdf,Hurricane_Ike,ike,2019,1,361,text_page,282:361,167,Galveston County,Linear Feet,,admin_payroll_usd,136.24,usd,0.9,text_page:keyword_money,$136.24 Payroll Allocation. The Flood and Drainage project was completed in 2016 and metrics reported at that time.
282,ike-2019-q1.pdf,Hurricane_Ike,ike,2019,1,379,text_page,282:379,167,Galveston County,With Transfer Switch And Pad,,admin_payroll_usd,141.98,usd,0.9,text_page:keyword_money,$141.98 Payroll Allocation. During the reporting period the City of La Marque submitted close out documents for its Water
282,ike-2019-q1.pdf,Hurricane_Ike,ike,2019,1,381,text_page,282:381,167,Galveston County,Bursting. Grantee Shall Seal And Vent Existing Manholes,,admin_payroll_usd,141.99,usd,0.9,text_page:keyword_money,$141.99 Payroll Allocation. During the reporting period the City of La Marque submitted close out documents for its Sewer
282,ike-2019-q1.pdf,Hurricane_Ike,ike,2019,1,384,text_page,282:383,167,Galveston County,To End Of Williams Road,,admin_payroll_usd,141.99,usd,0.9,text_page:keyword_money,$141.99 Payroll Allocation. During the reporting period the City of La Marque submitted close out documents for its Sewer
282,ike-2019-q1.pdf,Hurricane_Ike,ike,2019,1,385,text_page,282:385,167,Galveston County,Of Subgrade,,admin_payroll_usd,141.99,usd,0.9,text_page:keyword_money,$141.99 Payroll Allocation. During the reporting period the City of La Marque submitted close out documents for its Street
282,ike-2019-q1.pdf,Hurricane_Ike,ike,2019,1,395,text_page,282:395,291,Liberty County,Surface. Proposed Improvements Will Harden,,admin_payroll_usd,321.34,usd,0.9,text_page:keyword_money,$321.34 - Payroll Allocation
282,ike-2019-q1.pdf,Hurricane_Ike,ike,2019,1,398,text_page,282:397,291,Liberty County,Ft,,admin_payroll_usd,321.33,usd,0.9,text_page:keyword_money,$321.33 - Payroll Allocation. During the reporting period Liberty County had 50% of construction complete for its Flood and
282,ike-2019-q1.pdf,Hurricane_Ike,ike,2019,1,404,text_page,282:403,321,Matagorda County,Pipe,,admin_payroll_usd,134.21,usd,0.9,text_page:keyword_money,$134.21 Payroll Allocation. During the reporting period Matagorda County had construction underway on its Sewer
282,ike-2019-q1.pdf,Hurricane_Ike,ike,2019,1,413,text_page,282:413,167,Galveston County,Contractor Shall Re-grade,,admin_payroll_usd,42.16,usd,0.9,text_page:keyword_money,$42.16 - Payroll Allocation. During the reporting period the City of Orange had 50% of construction complete for its Flood and
282,ike-2019-q1.pdf,Hurricane_Ike,ike,2019,1,422,text_page,282:421,167,Galveston County,East Thomas Boulevard,,admin_payroll_usd,115.51,usd,0.9,text_page:keyword_money,$115.51 Payroll Allocation. During the reporting period the City of Port Arthur had construction underway for its
282,ike-2019-q1.pdf,Hurricane_Ike,ike,2019,1,427,text_page,282:427,167,Galveston County,Grade,,admin_payroll_usd,115.51,usd,0.9,text_page:keyword_money,$115.51 Payroll Allocation. During the reporting period the City of Port Arthur had 50% of construction completed for its Street
282,ike-2019-q1.pdf,Hurricane_Ike,ike,2019,1,444,text_page,282:443,167,Galveston County,L.f.,,admin_payroll_usd,19.69,usd,0.9,text_page:keyword_money,$19.69 Payroll Allocation. During this reporting period the City of Texas City submitted close out documents for its Flood and
282,ike-2019-q1.pdf,Hurricane_Ike,ike,2019,1,461,text_page,282:461,361,Orange County,In Orange,,admin_payroll_usd,11.57,usd,0.9,text_page:keyword_money,$11.57 Payroll Allocation. During this reporting period the County of Orange submitted close out documents for its Sewer
282,ike-2019-q1.pdf,Hurricane_Ike,ike,2019,1,463,text_page,282:463,361,Orange County,Bluff. All Structures Will Include Pilings,,admin_payroll_usd,11.57,usd,0.9,text_page:keyword_money,$11.57 Payroll Allocation. During this reporting period the County of Orange submitted close out documents for its Street
282,ike-2019-q1.pdf,Hurricane_Ike,ike,2019,1,466,text_page,282:465,361,Orange County,Ft. Wide,,admin_payroll_usd,11.57,usd,0.9,text_page:keyword_money,$11.57 Payroll Allocation. During this reporting period the County of Orange submitted close out documents for its Street
282,ike-2019-q1.pdf,Hurricane_Ike,ike,2019,1,467,text_page,282:467,361,Orange County,Wide Including Pilings,,admin_payroll_usd,11.57,usd,0.9,text_page:keyword_money,$11.57 Payroll Allocation. During this reporting period the County of Orange submitted close out documents for its Sewer and
282,ike-2019-q1.pdf,Hurricane_Ike,ike,2019,1,470,text_page,282:469,361,Orange County,To Patillo Road,,admin_payroll_usd,11.57,usd,0.9,text_page:keyword_money,$11.57 - Payroll Allocation. During this reporting period the County of Orange submitted close out documents for its Street
282,ike-2019-q1.pdf,Hurricane_Ike,ike,2019,1,472,text_page,282:472,361,Orange County,Material As Required,,admin_payroll_usd,11.58,usd,0.9,text_page:keyword_money,$11.58 - Payroll Allocation. During this reporting period the County of Orange submitted close out documents for its Street
282,ike-2019-q1.pdf,Hurricane_Ike,ike,2019,1,474,text_page,282:474,361,Orange County,Material As Required,,admin_payroll_usd,11.58,usd,0.9,text_page:keyword_money,$11.58 - Payroll Allocation. During this reporting period the County of Orange submitted close out documents for its Street
282,ike-2019-q1.pdf,Hurricane_Ike,ike,2019,1,476,text_page,282:476,361,Orange County,Material As Required,,admin_payroll_usd,11.58,usd,0.9,text_page:keyword_money,$11.58 - Payroll Allocation. During this reporting period the County of Orange submitted close out documents for its Street
282,ike-2019-q1.pdf,Hurricane_Ike,ike,2019,1,478,text_page,282:478,361,Orange County,Material As Required,,admin_payroll_usd,11.57,usd,0.9,text_page:keyword_money,$11.57 - Payroll Allocation. During this reporting period the County of Orange submitted close out documents for its Street
282,ike-2019-q1.pdf,Hurricane_Ike,ike,2019,1,488,text_page,282:488,245,Jefferson County,Acquisition,,admin_payroll_usd,122.98,usd,0.9,text_page:keyword_money,$122.98 - Payroll Allocation. During this reporting period the County of Jefferson submitted close out documents for its
282,ike-2019-q1.pdf,Hurricane_Ike,ike,2019,1,490,text_page,282:490,245,Jefferson County,Select Sand Fill,,admin_payroll_usd,122.98,usd,0.9,text_page:keyword_money,$122.98 - Payroll Allocation. During this reporting period the County of Jefferson submitted close out documents for its Flood
282,ike-2019-q1.pdf,Hurricane_Ike,ike,2019,1,500,text_page,282:500,167,Galveston County,With Transfer Switch,,admin_payroll_usd,86.15,usd,0.9,text_page:keyword_money,"$86.15 - Payroll Allocation. During this reporting period the City of Clute submitted close out documents for its Water, Sewer,"
282,ike-2019-q1.pdf,Hurricane_Ike,ike,2019,1,503,text_page,282:502,167,Galveston County,Old Angleton Road,,admin_payroll_usd,86.15,usd,0.9,text_page:keyword_money,"$86.15 - Payroll Allocation. During this reporting period the City of Clute submitted close out documents for its Water, Sewer,"
282,ike-2019-q1.pdf,Hurricane_Ike,ike,2019,1,504,text_page,282:504,167,Galveston County,Grantee Shall Install A New Culvert Structure,,admin_payroll_usd,86.15,usd,0.9,text_page:keyword_money,"$86.15 - Payroll Allocation. During this reporting period the City of Clute submitted close out documents for its Water, Sewer,"
282,ike-2019-q1.pdf,Hurricane_Ike,ike,2019,1,516,text_page,282:516,403,Sabine County,Box Culvert. This Work Includes,,admin_payroll_usd,252.86,usd,0.9,text_page:keyword_money,$252.86 Payroll Allocation. During the reporting period Sabine County had construction complete and the COCC approved for
282,ike-2019-q1.pdf,Hurricane_Ike,ike,2019,1,530,text_page,282:529,167,Galveston County,Subrecipient - City Of Houston Will Provide Homeowner Repair,,admin_payroll_usd,849.48,usd,0.9,text_page:keyword_money,"$849.48 Payroll Allocation. All 321 projects have been closed, the final draws are pending."
282,ike-2019-q1.pdf,Hurricane_Ike,ike,2019,1,531,text_page,282:531,167,Galveston County,Households,,admin_payroll_usd,490.25,usd,0.9,text_page:keyword_money,"$490.25 Payroll Allocation. All 907 projects have been closed, the final draws are pending."
282,ike-2019-q1.pdf,Hurricane_Ike,ike,2019,1,535,text_page,282:535,167,Galveston County,Contractor Shall Perform,,admin_payroll_usd,377.65,usd,0.9,text_page:keyword_money,$377.65 Payroll Allocation. All 308 projects have been closed. The final reconciliation is underway.
282,ike-2019-q1.pdf,Hurricane_Ike,ike,2019,1,547,text_page,282:547,201,Harris County,Multi-family Rental Housing Units,,admin_payroll_usd,969.59,usd,0.9,text_page:keyword_money,"$969.59 - Payroll Allocation. During the reporting period, no new projects closed and 2 are underway."
282,ike-2019-q1.pdf,Hurricane_Ike,ike,2019,1,556,text_page,282:555,167,Galveston County,Housing Rental Units For Eligible Applicants,,admin_payroll_usd,674.62,usd,0.9,text_page:keyword_money,"$674.62 - Payroll Allocation. The County is in the process of closing out their final homes, the number of projects closed has not"
282,ike-2019-q1.pdf,Hurricane_Ike,ike,2019,1,557,text_page,282:557,167,Galveston County,Codes,,admin_payroll_usd,674.63,usd,0.9,text_page:keyword_money,"$674.63 - Payroll Allocation. The County is in the process of closing out their final homes, the number of projects closed has not"
282,ike-2019-q1.pdf,Hurricane_Ike,ike,2019,1,559,text_page,282:559,167,Galveston County,All Applicable Local Codes,,admin_payroll_usd,1927.02,usd,0.9,text_page:keyword_money,"$1927.02 - Payroll Allocation. During the reporting period, no new projects closed and 1 is underway."
282,ike-2019-q1.pdf,Hurricane_Ike,ike,2019,1,576,text_page,282:575,167,Galveston County,Site,,admin_payroll_usd,4574.8,usd,0.9,text_page:keyword_money,$4574.80 - Payroll Allocation. No new projects have closed and none are underway.
282,ike-2019-q1.pdf,Hurricane_Ike,ike,2019,1,577,text_page,282:577,201,Harris County,Local Codes,,admin_payroll_usd,1563.65,usd,0.9,text_page:keyword_money,"$1563.65 - Payroll Allocation. During the reporting period, no new projects closed and 2 are underway."
31,f15-2019-q2.pdf,2015_Floods,f15,2019,2,2,text_page,,201,Harris County,Memorial Day Floods,,severity_unmet_need_usd,69689983.0,usd,0.84,text_page:severity_money,"The State’s unmet need for non-housing totals $69,689,983 and increases to $80,143,480 when including a resiliency multiplier of 15%"
31,f15-2019-q2.pdf,2015_Floods,f15,2019,2,2,text_page,,201,Harris County,Memorial Day Floods,,severity_unmet_need_usd,80143480.0,usd,0.84,text_page:severity_money,"The State’s unmet need for non-housing totals $69,689,983 and increases to $80,143,480 when including a resiliency multiplier of 15%"
31,f15-2019-q2.pdf,2015_Floods,f15,2019,2,2,text_page,,201,Harris County,Memorial Day Floods,,severity_unmet_need_usd,10453497.0,usd,0.84,text_page:severity_money,"($10,453,497). The data for housing unmet needs comes from TDEM and the National Emergency Management Information System (NEMIS)"
31,f15-2019-q2.pdf,2015_Floods,f15,2019,2,2,text_page,,201,Harris County,Memorial Day Floods,,severity_unmet_need_usd,69440104.0,usd,0.84,text_page:severity_money,"database. The State’s unmet need for housing totaled $69,440,104. This figure increases to $79,856,120 when including the resilience"
31,f15-2019-q2.pdf,2015_Floods,f15,2019,2,2,text_page,,201,Harris County,Memorial Day Floods,,severity_unmet_need_usd,79856120.0,usd,0.84,text_page:severity_money,"database. The State’s unmet need for housing totaled $69,440,104. This figure increases to $79,856,120 when including the resilience"
31,f15-2019-q2.pdf,2015_Floods,f15,2019,2,2,text_page,,201,Harris County,Memorial Day Floods,,severity_unmet_need_usd,132391924.0,usd,0.84,text_page:severity_money,"Unmet need as identified by the Small Business Administration (SBA) is $132,391,924 for housing and $23,218,266 for businesses. Per"
31,f15-2019-q2.pdf,2015_Floods,f15,2019,2,2,text_page,,201,Harris County,Memorial Day Floods,,severity_unmet_need_usd,23218266.0,usd,0.84,text_page:severity_money,"Unmet need as identified by the Small Business Administration (SBA) is $132,391,924 for housing and $23,218,266 for businesses. Per"
31,f15-2019-q2.pdf,2015_Floods,f15,2019,2,2,text_page,,201,Harris County,Memorial Day Floods,,severity_unmet_need_usd,315609790.0,usd,0.84,text_page:severity_money,"FEMA and SBA data, unmet need for the state of Texas totals $315,609,790."
61,f16-2019-q2.pdf,2016_Floods,f16,2019,2,2,text_page,,351,Newton County,Over The Past Two Years,,severity_deaths_count,29.0,count,0.9,text_page:killing_pattern,killing 29 Texans and causing significantly more public and private property damage due to the compounding effects of the 2015 floods.
61,f16-2019-q2.pdf,2016_Floods,f16,2019,2,2,text_page,,351,Newton County,Over The Past Two Years,,severity_unmet_need_usd,201341450.0,usd,0.84,text_page:severity_money,"is $201,341,450. This results in the state’s unmet need from public assistance totaling $57,885,667 with a resiliency multiplier of 15 percent."
61,f16-2019-q2.pdf,2016_Floods,f16,2019,2,2,text_page,,351,Newton County,Over The Past Two Years,,severity_unmet_need_usd,57885667.0,usd,0.84,text_page:severity_money,"is $201,341,450. This results in the state’s unmet need from public assistance totaling $57,885,667 with a resiliency multiplier of 15 percent."
61,f16-2019-q2.pdf,2016_Floods,f16,2019,2,2,text_page,,351,Newton County,Over The Past Two Years,,severity_unmet_need_usd,186361160.0,usd,0.84,text_page:severity_money,"$186,361,160. The state’s unmet need relating to FEMA Individual Assistance (IA) is $88,131,592 with a resilience multiplier of 15 percent."
61,f16-2019-q2.pdf,2016_Floods,f16,2019,2,2,text_page,,351,Newton County,Over The Past Two Years,,severity_unmet_need_usd,88131592.0,usd,0.84,text_page:severity_money,"$186,361,160. The state’s unmet need relating to FEMA Individual Assistance (IA) is $88,131,592 with a resilience multiplier of 15 percent."
61,f16-2019-q2.pdf,2016_Floods,f16,2019,2,2,text_page,,351,Newton County,Over The Past Two Years,,severity_unmet_need_usd,309254300.0,usd,0.84,text_page:severity_money,"The unmet need, as identified by the SBA using the total verified loss of households and businesses, is $309,254,300 for housing and"
61,f16-2019-q2.pdf,2016_Floods,f16,2019,2,2,text_page,,351,Newton County,Over The Past Two Years,,severity_unmet_need_usd,13659184.0,usd,0.84,text_page:severity_money,"data and $13,659,184 for business data. FEMA and SBA data alone yield an unmet need for the state of Texas totaling $559,991,968."
61,f16-2019-q2.pdf,2016_Floods,f16,2019,2,2,text_page,,351,Newton County,Over The Past Two Years,,severity_unmet_need_usd,559991968.0,usd,0.84,text_page:severity_money,"data and $13,659,184 for business data. FEMA and SBA data alone yield an unmet need for the state of Texas totaling $559,991,968."
283,ike-2019-q2.pdf,Hurricane_Ike,ike,2019,2,18,text_page,283:17,199,Hardin County,Construct Two Outfall Structures,,admin_payroll_usd,95.8,usd,0.78,text_page:keyword_money,Drainage project. $95.8 - Salary Allocations
283,ike-2019-q2.pdf,Hurricane_Ike,ike,2019,2,145,text_page,283:144,071,Chambers County,W Of Cove,,admin_payroll_usd,277.32,usd,0.78,text_page:keyword_money,$277.32 - Salary Allocations
283,ike-2019-q2.pdf,Hurricane_Ike,ike,2019,2,184,text_page,283:184,167,Galveston County,Fire Hydrants,,admin_payroll_usd,282.2,usd,0.78,text_page:keyword_money,During the reporting period Galveston County had evironmetnal clearance underway. $282.2 - Salary Allocations
283,ike-2019-q2.pdf,Hurricane_Ike,ike,2019,2,198,text_page,283:198,167,Galveston County,Acquisition,,admin_payroll_usd,282.2,usd,0.78,text_page:keyword_money,During the reporting period Galveston County had engineering design underday. $282.2 - Salary Allocations
283,ike-2019-q2.pdf,Hurricane_Ike,ike,2019,2,399,text_page,283:398,407,San Jacinto County,Permanently-affixed,,admin_payroll_usd,142.31,usd,0.78,text_page:keyword_money,During the reporting period the County of San Jacinto submitted closeout. $142.31 - Salary Allocations
283,ike-2019-q2.pdf,Hurricane_Ike,ike,2019,2,402,text_page,283:402,407,San Jacinto County,Reserve F Of Lake Oak Landing Subdivision,,admin_payroll_usd,142.31,usd,0.78,text_page:keyword_money,During the reporting period the County of San Jacinto submitted closeout. $142.31 - Salary Allocations
283,ike-2019-q2.pdf,Hurricane_Ike,ike,2019,2,408,text_page,283:408,407,San Jacinto County,Acquisition,,admin_payroll_usd,142.31,usd,0.78,text_page:keyword_money,During the reporting period the County of San Jacinto submitted closeout. $142.31 - Salary Allocations
283,ike-2019-q2.pdf,Hurricane_Ike,ike,2019,2,801,text_page,283:801,167,Galveston County,Contractor Shall Make Drainage Improvements,,admin_payroll_usd,730.94,usd,0.78,text_page:keyword_money,During the reporting period the City submitted a closout. $730.94 - Salary Allocations
283,ike-2019-q2.pdf,Hurricane_Ike,ike,2019,2,816,text_page,283:815,167,Galveston County,Gate Valves,,admin_payroll_usd,1421.4,usd,0.78,text_page:keyword_money,During the reporting period the City submitted a closout. $1421.4 - Salary Allocations. This activity is pending the execution of
283,ike-2019-q2.pdf,Hurricane_Ike,ike,2019,2,819,text_page,283:819,215,Hidalgo County,Bar,,admin_payroll_usd,137.19,usd,0.78,text_page:keyword_money,During the reporting period the County submitted a closout. $137.19 - Salary Allocations
283,ike-2019-q2.pdf,Hurricane_Ike,ike,2019,2,821,text_page,283:821,215,Hidalgo County,Contractor Shall Purchase And Install Box Culverts,,admin_payroll_usd,137.2,usd,0.78,text_page:keyword_money,During the reporting period the County submitted a closout. $137.2 - Salary Allocations
283,ike-2019-q2.pdf,Hurricane_Ike,ike,2019,2,939,text_page,283:938,167,Galveston County,An Outfall Drainage Ditch,,admin_payroll_usd,789.25,usd,0.78,text_page:keyword_money,During the reporting period the City submitted a closout. $789.25 - Salary Allocations
283,ike-2019-q2.pdf,Hurricane_Ike,ike,2019,2,965,text_page,283:964,489,Willacy County,Surface. Additionally,,admin_payroll_usd,50.62,usd,0.78,text_page:keyword_money,was pending submission of the final draw for Phase 3 to submit contract close-out. $50.62 - Salary Allocations
283,ike-2019-q2.pdf,Hurricane_Ike,ike,2019,2,974,text_page,283:974,489,Willacy County,E.g. Inlets,,admin_payroll_usd,50.63,usd,0.78,text_page:keyword_money,and was pending submission of the final draw for Phase 3 to submit contract close-out. $50.63 - Salary Allocations
283,ike-2019-q2.pdf,Hurricane_Ike,ike,2019,2,1000,text_page,283:1000,167,Galveston County,Pipelines,,admin_payroll_usd,361.67,usd,0.78,text_page:keyword_money,$361.67 - Salary Allocations
283,ike-2019-q2.pdf,Hurricane_Ike,ike,2019,2,1029,text_page,283:1028,167,Galveston County,Walden Street,,admin_payroll_usd,54.78,usd,0.78,text_page:keyword_money,reported as 138 Linear Feet. $54.78 - Salary Allocations
283,ike-2019-q2.pdf,Hurricane_Ike,ike,2019,2,1100,text_page,283:1100,047,Brooks County,Grantee Shall Re-grade Existing Creek And Re-grade,,admin_payroll_usd,70.1,usd,0.78,text_page:keyword_money,During the reporting period Brooks County submitted closeout documentation for review. $70.1 - Salary Allocations
283,ike-2019-q2.pdf,Hurricane_Ike,ike,2019,2,1104,text_page,283:1104,047,Brooks County,Grantee Shall Re-grade Existing Creek And Re-grade,,admin_payroll_usd,70.1,usd,0.78,text_page:keyword_money,During the reporting period Brooks County submitted closeout documentation for review. $70.1 - Salary Allocations
283,ike-2019-q2.pdf,Hurricane_Ike,ike,2019,2,1112,text_page,283:1112,071,Chambers County,Provide Other Associated Appurtenances,,admin_payroll_usd,229.58,usd,0.78,text_page:keyword_money,$229.58 - Salary Allocations
283,ike-2019-q2.pdf,Hurricane_Ike,ike,2019,2,1180,text_page,283:1180,167,Galveston County,Acquisition,,admin_payroll_usd,435.05,usd,0.78,text_page:keyword_money,During the reporting period City of Galveston had substantial construction completion. $435.05 - Salary Allocations
283,ike-2019-q2.pdf,Hurricane_Ike,ike,2019,2,1183,text_page,283:1182,167,Galveston County,Linear Feet,,admin_payroll_usd,435.04,usd,0.78,text_page:keyword_money,the administratively complete letter is pending.$435.04 - Salary Allocations
283,ike-2019-q2.pdf,Hurricane_Ike,ike,2019,2,1184,text_page,283:1184,167,Galveston County,Acquisition,,admin_payroll_usd,435.05,usd,0.78,text_page:keyword_money,During the reporting period the City of Galveston had 50% construction underway. $435.05 - Salary Allocations
283,ike-2019-q2.pdf,Hurricane_Ike,ike,2019,2,1186,text_page,283:1186,167,Galveston County,Street,,admin_payroll_usd,435.05,usd,0.78,text_page:keyword_money,$435.05 - Salary Allocations
283,ike-2019-q2.pdf,Hurricane_Ike,ike,2019,2,1189,text_page,283:1188,167,Galveston County,An Automatic Transfer Switch,,admin_payroll_usd,435.06,usd,0.78,text_page:keyword_money,During the reporting period the City of Galveston had 50% construction underway. $435.06 - Salary Allocations
283,ike-2019-q2.pdf,Hurricane_Ike,ike,2019,2,1190,text_page,283:1190,167,Galveston County,Blasting,,admin_payroll_usd,435.05,usd,0.78,text_page:keyword_money,During the reporting period the City of Galveston had construction underway for its Water facilites project. $435.05 - Salary
283,ike-2019-q2.pdf,Hurricane_Ike,ike,2019,2,1192,text_page,283:1192,167,Galveston County,Aeration Basins And Blowers,,admin_payroll_usd,435.06,usd,0.78,text_page:keyword_money,During the reporting period the City of Galveston had construction underway for its sewer facilites project. $435.06 - Salary
283,ike-2019-q2.pdf,Hurricane_Ike,ike,2019,2,1194,text_page,283:1194,167,Galveston County,Lennox Avenue,77551,admin_payroll_usd,435.04,usd,0.78,text_page:keyword_money,During the reporting period the City of Galveston had 50% construction underway. $435.04 - Salary Allocations
283,ike-2019-q2.pdf,Hurricane_Ike,ike,2019,2,1203,text_page,283:1202,167,Galveston County,Linear Feet,,admin_payroll_usd,435.04,usd,0.78,text_page:keyword_money,issuance of the administratively complete letter is pending. $435.04 - Salary Allocations
283,ike-2019-q2.pdf,Hurricane_Ike,ike,2019,2,1205,text_page,283:1204,167,Galveston County,Acquisition,,admin_payroll_usd,122.36,usd,0.78,text_page:keyword_money,During the reporting period Galveston County has had no change from last QPR.$122.36 - Salary Allocations
283,ike-2019-q2.pdf,Hurricane_Ike,ike,2019,2,1212,text_page,283:1212,167,Galveston County,Air Release Valves,,admin_payroll_usd,122.35,usd,0.78,text_page:keyword_money,During this reporting period Galveston County had COCCs approved. $122.35 - Salary Allocations
283,ike-2019-q2.pdf,Hurricane_Ike,ike,2019,2,1224,text_page,283:1224,167,Galveston County,Junction Boxes,,admin_payroll_usd,122.35,usd,0.78,text_page:keyword_money,During the reporting period Galveston County had closeout process underway. $122.35 - Salary Allocations
283,ike-2019-q2.pdf,Hurricane_Ike,ike,2019,2,1230,text_page,283:1230,167,Galveston County,Clearing And Installing Underground Storm Water Boxes,,admin_payroll_usd,122.36,usd,0.78,text_page:keyword_money,During the reporting period Galveston County had closeout process underway. $122.36 - Salary Allocations
283,ike-2019-q2.pdf,Hurricane_Ike,ike,2019,2,1248,text_page,283:1248,201,Harris County,Grantee Shall Perform Full-depth Street Reconstruction,,admin_payroll_usd,42.61,usd,0.78,text_page:keyword_money,"this project are reported as 20,100 linear feet. $42.61 - Salary Allocations"
283,ike-2019-q2.pdf,Hurricane_Ike,ike,2019,2,1276,text_page,283:1276,167,Galveston County,Replacement,,admin_payroll_usd,230.55,usd,0.78,text_page:keyword_money,$230.55 - Salary Allocations
283,ike-2019-q2.pdf,Hurricane_Ike,ike,2019,2,1278,text_page,283:1278,167,Galveston County,Inlets,,admin_payroll_usd,230.52,usd,0.78,text_page:keyword_money,contract. $230.52 - Salary Allocations
283,ike-2019-q2.pdf,Hurricane_Ike,ike,2019,2,1282,text_page,283:1282,167,Galveston County,Replacement,,admin_payroll_usd,230.55,usd,0.78,text_page:keyword_money,$230.55 - Salary Allocations
283,ike-2019-q2.pdf,Hurricane_Ike,ike,2019,2,1284,text_page,283:1284,167,Galveston County,Replacement,,admin_payroll_usd,230.54,usd,0.78,text_page:keyword_money,$230.54 - Salary Allocations
283,ike-2019-q2.pdf,Hurricane_Ike,ike,2019,2,1286,text_page,283:1286,167,Galveston County,Linear Feet,,admin_payroll_usd,230.55,usd,0.78,text_page:keyword_money,$230.55 - Salary Allocations
283,ike-2019-q2.pdf,Hurricane_Ike,ike,2019,2,1349,text_page,283:1348,291,Liberty County,Ft,,admin_payroll_usd,219.4,usd,0.78,text_page:keyword_money,project. $219.4 - Salary Allocations
283,ike-2019-q2.pdf,Hurricane_Ike,ike,2019,2,1350,text_page,283:1350,291,Liberty County,Of Any Non-grindable,,admin_payroll_usd,219.41,usd,0.78,text_page:keyword_money,project. $219.41 - Salary Allocations
283,ike-2019-q2.pdf,Hurricane_Ike,ike,2019,2,1410,text_page,283:1410,167,Galveston County,Grantee Shall Correct Damaged Culverts,,admin_payroll_usd,25.08,usd,0.78,text_page:keyword_money,During the reporting period the City of Pine Forest submitted closeout for its Street Improvements project. $25.08 - Salary
283,ike-2019-q2.pdf,Hurricane_Ike,ike,2019,2,1440,text_page,283:1440,167,Galveston County,St Street. In Port Arthur,,admin_payroll_usd,60.09,usd,0.78,text_page:keyword_money,During the reporting period the City of Port Arthur submitted closeout for its Water Improvement project. $60.09 - Salary
283,ike-2019-q2.pdf,Hurricane_Ike,ike,2019,2,1443,text_page,283:1442,167,Galveston County,East Thomas Boulevard,,admin_payroll_usd,60.1,usd,0.78,text_page:keyword_money,During the reporting period the City of Port Arthur submitted closeout for its Demolition project. $60.1 - Salary Allocations
283,ike-2019-q2.pdf,Hurricane_Ike,ike,2019,2,1446,text_page,283:1446,167,Galveston County,And Installing Lime Stabilized Sub-grade,,admin_payroll_usd,60.11,usd,0.78,text_page:keyword_money,During the reporting period the City of Port Arthur submitted closeout for its Street Improvements project. $60.11 - Salary
283,ike-2019-q2.pdf,Hurricane_Ike,ike,2019,2,1448,text_page,283:1448,167,Galveston County,Grade,,admin_payroll_usd,60.11,usd,0.78,text_page:keyword_money,Improvement project. $60.11 - Salary Allocations
283,ike-2019-q2.pdf,Hurricane_Ike,ike,2019,2,1450,text_page,283:1450,167,Galveston County,Asphaltic Concrete,,admin_payroll_usd,60.11,usd,0.78,text_page:keyword_money,Improvement project. $60.11 - Salary Allocations
283,ike-2019-q2.pdf,Hurricane_Ike,ike,2019,2,1452,text_page,283:1452,167,Galveston County,Larger,,admin_payroll_usd,60.09,usd,0.78,text_page:keyword_money,Drainage Improvement project. $60.09 - Salary Allocations
283,ike-2019-q2.pdf,Hurricane_Ike,ike,2019,2,1512,text_page,283:1512,167,Galveston County,Transfer Switch,,admin_payroll_usd,21.24,usd,0.78,text_page:keyword_money,During the reporting period the City submitted a closout. $21.24 - Salary Allocations
283,ike-2019-q2.pdf,Hurricane_Ike,ike,2019,2,1514,text_page,283:1514,167,Galveston County,With Transfer Switch,,admin_payroll_usd,21.25,usd,0.78,text_page:keyword_money,During the reporting period the City submitted a closout. $21.25 - Salary Allocations
283,ike-2019-q2.pdf,Hurricane_Ike,ike,2019,2,1517,text_page,283:1516,167,Galveston County,L.f.,,admin_payroll_usd,21.24,usd,0.78,text_page:keyword_money,During the reporting period the City submitted a closout. $21.24 - Salary Allocations
283,ike-2019-q2.pdf,Hurricane_Ike,ike,2019,2,1584,text_page,283:1584,167,Galveston County,Booster Pumps,,admin_payroll_usd,39.85,usd,0.78,text_page:keyword_money,During the reporting period the City submitted a closout. $39.85 - Salary Allocations
283,ike-2019-q2.pdf,Hurricane_Ike,ike,2019,2,1586,text_page,283:1586,167,Galveston County,Video Inspection,,admin_payroll_usd,39.85,usd,0.78,text_page:keyword_money,During the reporting period the City submitted a closout. $39.85 - Salary Allocations
283,ike-2019-q2.pdf,Hurricane_Ike,ike,2019,2,1588,text_page,283:1588,167,Galveston County,Generator With Transfer Switch,,admin_payroll_usd,39.83,usd,0.78,text_page:keyword_money,During the reporting period the City submitted a closout. $39.83 - Salary Allocations
283,ike-2019-q2.pdf,Hurricane_Ike,ike,2019,2,1590,text_page,283:1590,167,Galveston County,Booster Pumps,,admin_payroll_usd,39.85,usd,0.78,text_page:keyword_money,During the reporting period the City submitted a closout. $39.85 - Salary Allocations
283,ike-2019-q2.pdf,Hurricane_Ike,ike,2019,2,1592,text_page,283:1592,167,Galveston County,Ground Storage Tank,,admin_payroll_usd,39.84,usd,0.78,text_page:keyword_money,During the reporting period the City submitted a closout. $39.84 - Salary Allocations
283,ike-2019-q2.pdf,Hurricane_Ike,ike,2019,2,1594,text_page,283:1594,167,Galveston County,Transfer Switch,,admin_payroll_usd,39.83,usd,0.78,text_page:keyword_money,During the reporting period the City submitted a closout. $39.83 - Salary Allocations
283,ike-2019-q2.pdf,Hurricane_Ike,ike,2019,2,1596,text_page,283:1596,167,Galveston County,Main,,admin_payroll_usd,39.83,usd,0.78,text_page:keyword_money,During the reporting period the City submitted a closout. $39.83 - Salary Allocations
283,ike-2019-q2.pdf,Hurricane_Ike,ike,2019,2,1598,text_page,283:1598,167,Galveston County,Piping And Valves To Accommodate The External Pump,,admin_payroll_usd,39.85,usd,0.78,text_page:keyword_money,During the reporting period the City submitted a closout. $39.85 - Salary Allocations
283,ike-2019-q2.pdf,Hurricane_Ike,ike,2019,2,1600,text_page,283:1600,167,Galveston County,-inch Storm Sewer Outfall Trunk Line Along Thomas Avenue,,admin_payroll_usd,39.83,usd,0.78,text_page:keyword_money,During the reporting period the City submitted a closout. $39.83 - Salary Allocations
283,ike-2019-q2.pdf,Hurricane_Ike,ike,2019,2,1602,text_page,283:1602,167,Galveston County,Contractor Shall Clear,,admin_payroll_usd,39.83,usd,0.78,text_page:keyword_money,During the reporting period the City submitted a closout. $39.83 - Salary Allocations
283,ike-2019-q2.pdf,Hurricane_Ike,ike,2019,2,1645,text_page,283:1645,245,Jefferson County,Select Sand Fill,,admin_payroll_usd,110.68,usd,0.78,text_page:keyword_money,completed in 2016 and final performance measures reported. $110.68 - Salary Allocations
283,ike-2019-q2.pdf,Hurricane_Ike,ike,2019,2,1651,text_page,283:1651,167,Galveston County,Cost Study,,admin_payroll_usd,39.95,usd,0.78,text_page:keyword_money,COCC underway. $39.95 - Salary Allocations
283,ike-2019-q2.pdf,Hurricane_Ike,ike,2019,2,1776,text_page,283:1776,403,Sabine County,Box Culvert. This Work Includes,,admin_payroll_usd,325.81,usd,0.78,text_page:keyword_money,During the reporting period the County of Sabine submitted closeout for its Strret Improvement project. $325.81 - Salary
283,ike-2019-q2.pdf,Hurricane_Ike,ike,2019,2,1778,text_page,283:1778,167,Galveston County,Acquisition,,admin_payroll_usd,198.57,usd,0.78,text_page:keyword_money,have already been reported. $198.57 - Salary Allocations
283,ike-2019-q2.pdf,Hurricane_Ike,ike,2019,2,1781,text_page,283:1780,289,Leon County,And In Oakwood,,admin_payroll_usd,198.57,usd,0.78,text_page:keyword_money,$198.57 - Salary Allocations
283,ike-2019-q2.pdf,Hurricane_Ike,ike,2019,2,1782,text_page,283:1782,167,Galveston County,With Transfer Switch,,admin_payroll_usd,198.57,usd,0.78,text_page:keyword_money,have already been reported. $198.57 - Salary Allocations
283,ike-2019-q2.pdf,Hurricane_Ike,ike,2019,2,1784,text_page,283:1784,051,Burleson County,With Transfer Switch,,admin_payroll_usd,198.58,usd,0.78,text_page:keyword_money,have already been reported. $198.58 - Salary Allocations
283,ike-2019-q2.pdf,Hurricane_Ike,ike,2019,2,1788,text_page,283:1788,167,Galveston County,Acquisition,,admin_payroll_usd,198.56,usd,0.78,text_page:keyword_money,have already been reported. $198.56 - Salary Allocations
283,ike-2019-q2.pdf,Hurricane_Ike,ike,2019,2,1800,text_page,283:1800,167,Galveston County,Subrecipient - City Of Houston Will Provide Homeowner Repair,,admin_payroll_usd,318.52,usd,0.78,text_page:keyword_money,"During this reporting period, closeout activities are underway. $318.52 - Salary Allocations"
283,ike-2019-q2.pdf,Hurricane_Ike,ike,2019,2,1802,text_page,283:1802,167,Galveston County,Households,,admin_payroll_usd,119.45,usd,0.78,text_page:keyword_money,"During this reporting period, closeout activities are underway. $119.45 - Salary Allocations"
283,ike-2019-q2.pdf,Hurricane_Ike,ike,2019,2,1813,text_page,283:1813,,,,,admin_payroll_usd,1188.25,usd,0.78,text_page:keyword_money,$1188.25 - Salary Allocations
283,ike-2019-q2.pdf,Hurricane_Ike,ike,2019,2,1816,text_page,283:1815,167,Galveston County,Locations For Lmi Residents For The Rehabilitation,,admin_payroll_usd,1188.23,usd,0.78,text_page:keyword_money,$1188.23 - Salary Allocations / Expenditures moved to DRGR Activity 72121001-LMI-Subsidized Housing-
283,ike-2019-q2.pdf,Hurricane_Ike,ike,2019,2,1828,text_page,283:1827,167,Galveston County,Housing Rental Units For Eligible Applicants,,admin_payroll_usd,1480.38,usd,0.78,text_page:keyword_money,Contract is complete and all activities are closed. $1480.38 - Salary Allocations
283,ike-2019-q2.pdf,Hurricane_Ike,ike,2019,2,1829,text_page,283:1829,167,Galveston County,Codes,,admin_payroll_usd,1480.4,usd,0.78,text_page:keyword_money,Contract is complete and all activities are closed. $1480.4 - Salary Allocations
283,ike-2019-q2.pdf,Hurricane_Ike,ike,2019,2,1831,text_page,283:1831,167,Galveston County,All Applicable Local Codes,,admin_payroll_usd,1053.29,usd,0.78,text_page:keyword_money,All construction is complete and close out is in progress. $1053.29 - Salary Allocations
283,ike-2019-q2.pdf,Hurricane_Ike,ike,2019,2,1833,text_page,283:1833,167,Galveston County,Applicable Local Codes,,admin_payroll_usd,1053.31,usd,0.78,text_page:keyword_money,All construction is complete and close out is in progress. $1053.31 - Salary Allocations
283,ike-2019-q2.pdf,Hurricane_Ike,ike,2019,2,1835,text_page,283:1835,167,Galveston County,Multi-family Housing Rental Units For Eligible Applicants,,admin_payroll_usd,2106.6,usd,0.78,text_page:keyword_money,All construction is complete and close out is in progress$2106.6 - Salary Allocations
283,ike-2019-q2.pdf,Hurricane_Ike,ike,2019,2,1847,text_page,283:1847,201,Harris County,Local Codes,,admin_payroll_usd,1756.94,usd,0.78,text_page:keyword_money,All construction is complete and close out is in progress. $1756.94 - Salary Allocations
32,f15-2019-q3.pdf,2015_Floods,f15,2019,3,1,text_page,,201,Harris County,Memorial Day Floods,,severity_unmet_need_usd,69689983.0,usd,0.84,text_page:severity_money,"The State’s unmet need for non-housing totals $69,689,983 and increases to $80,143,480 when including a resiliency multiplier of 15%"
32,f15-2019-q3.pdf,2015_Floods,f15,2019,3,1,text_page,,201,Harris County,Memorial Day Floods,,severity_unmet_need_usd,80143480.0,usd,0.84,text_page:severity_money,"The State’s unmet need for non-housing totals $69,689,983 and increases to $80,143,480 when including a resiliency multiplier of 15%"
32,f15-2019-q3.pdf,2015_Floods,f15,2019,3,1,text_page,,201,Harris County,Memorial Day Floods,,severity_unmet_need_usd,10453497.0,usd,0.84,text_page:severity_money,"($10,453,497). The data for housing unmet needs comes from TDEM and the National Emergency Management Information System (NEMIS)"
32,f15-2019-q3.pdf,2015_Floods,f15,2019,3,1,text_page,,201,Harris County,Memorial Day Floods,,severity_unmet_need_usd,69440104.0,usd,0.84,text_page:severity_money,"database. The State’s unmet need for housing totaled $69,440,104. This figure increases to $79,856,120 when including the resilience"
32,f15-2019-q3.pdf,2015_Floods,f15,2019,3,1,text_page,,201,Harris County,Memorial Day Floods,,severity_unmet_need_usd,79856120.0,usd,0.84,text_page:severity_money,"database. The State’s unmet need for housing totaled $69,440,104. This figure increases to $79,856,120 when including the resilience"
32,f15-2019-q3.pdf,2015_Floods,f15,2019,3,1,text_page,,201,Harris County,Memorial Day Floods,,severity_unmet_need_usd,132391924.0,usd,0.84,text_page:severity_money,"Unmet need as identified by the Small Business Administration (SBA) is $132,391,924 for housing and $23,218,266 for businesses. Per"
32,f15-2019-q3.pdf,2015_Floods,f15,2019,3,1,text_page,,201,Harris County,Memorial Day Floods,,severity_unmet_need_usd,23218266.0,usd,0.84,text_page:severity_money,"Unmet need as identified by the Small Business Administration (SBA) is $132,391,924 for housing and $23,218,266 for businesses. Per"
32,f15-2019-q3.pdf,2015_Floods,f15,2019,3,1,text_page,,201,Harris County,Memorial Day Floods,,severity_unmet_need_usd,315609790.0,usd,0.84,text_page:severity_money,"FEMA and SBA data, unmet need for the state of Texas totals $315,609,790."
62,f16-2019-q3.pdf,2016_Floods,f16,2019,3,1,text_page,,339,Montgomery County,Over The Past Two Years,,severity_deaths_count,29.0,count,0.9,text_page:killing_pattern,killing 29 Texans and causing significantly more public and private property damage due to the compounding effects of the 2015 floods.
62,f16-2019-q3.pdf,2016_Floods,f16,2019,3,1,text_page,,339,Montgomery County,Over The Past Two Years,,severity_unmet_need_usd,201341450.0,usd,0.84,text_page:severity_money,"is $201,341,450. This results in the state’s unmet need from public assistance totaling $57,885,667 with a resiliency multiplier of 15 percent."
62,f16-2019-q3.pdf,2016_Floods,f16,2019,3,1,text_page,,339,Montgomery County,Over The Past Two Years,,severity_unmet_need_usd,57885667.0,usd,0.84,text_page:severity_money,"is $201,341,450. This results in the state’s unmet need from public assistance totaling $57,885,667 with a resiliency multiplier of 15 percent."
62,f16-2019-q3.pdf,2016_Floods,f16,2019,3,1,text_page,,339,Montgomery County,Over The Past Two Years,,severity_unmet_need_usd,186361160.0,usd,0.84,text_page:severity_money,"$186,361,160. The state’s unmet need relating to FEMA Individual Assistance (IA) is $88,131,592 with a resilience multiplier of 15 percent."
62,f16-2019-q3.pdf,2016_Floods,f16,2019,3,1,text_page,,339,Montgomery County,Over The Past Two Years,,severity_unmet_need_usd,88131592.0,usd,0.84,text_page:severity_money,"$186,361,160. The state’s unmet need relating to FEMA Individual Assistance (IA) is $88,131,592 with a resilience multiplier of 15 percent."
62,f16-2019-q3.pdf,2016_Floods,f16,2019,3,1,text_page,,339,Montgomery County,Over The Past Two Years,,severity_unmet_need_usd,309254300.0,usd,0.84,text_page:severity_money,"The unmet need, as identified by the SBA using the total verified loss of households and businesses, is $309,254,300 for housing and"
62,f16-2019-q3.pdf,2016_Floods,f16,2019,3,1,text_page,,339,Montgomery County,Over The Past Two Years,,severity_unmet_need_usd,13659184.0,usd,0.84,text_page:severity_money,"data and $13,659,184 for business data. FEMA and SBA data alone yield an unmet need for the state of Texas totaling $559,991,968."
62,f16-2019-q3.pdf,2016_Floods,f16,2019,3,1,text_page,,339,Montgomery County,Over The Past Two Years,,severity_unmet_need_usd,559991968.0,usd,0.84,text_page:severity_money,"data and $13,659,184 for business data. FEMA and SBA data alone yield an unmet need for the state of Texas totaling $559,991,968."
2,15f-2019-q4.pdf,2015_Floods,15f,2019,4,1,text_page,,209,Hays County,Memorial Day Floods,,severity_unmet_need_usd,69689983.0,usd,0.84,text_page:severity_money,"The State’s unmet need for non-housing totals $69,689,983 and increases to $80,143,480 when including a resiliency multiplier of 15%"
2,15f-2019-q4.pdf,2015_Floods,15f,2019,4,1,text_page,,209,Hays County,Memorial Day Floods,,severity_unmet_need_usd,80143480.0,usd,0.84,text_page:severity_money,"The State’s unmet need for non-housing totals $69,689,983 and increases to $80,143,480 when including a resiliency multiplier of 15%"
2,15f-2019-q4.pdf,2015_Floods,15f,2019,4,1,text_page,,209,Hays County,Memorial Day Floods,,severity_unmet_need_usd,10453497.0,usd,0.84,text_page:severity_money,"($10,453,497). The data for housing unmet needs comes from TDEM and the National Emergency Management Information System (NEMIS)"
2,15f-2019-q4.pdf,2015_Floods,15f,2019,4,1,text_page,,209,Hays County,Memorial Day Floods,,severity_unmet_need_usd,69440104.0,usd,0.84,text_page:severity_money,"database. The State’s unmet need for housing totaled $69,440,104. This figure increases to $79,856,120 when including the resilience"
2,15f-2019-q4.pdf,2015_Floods,15f,2019,4,1,text_page,,209,Hays County,Memorial Day Floods,,severity_unmet_need_usd,79856120.0,usd,0.84,text_page:severity_money,"database. The State’s unmet need for housing totaled $69,440,104. This figure increases to $79,856,120 when including the resilience"
2,15f-2019-q4.pdf,2015_Floods,15f,2019,4,1,text_page,,209,Hays County,Memorial Day Floods,,severity_unmet_need_usd,132391924.0,usd,0.84,text_page:severity_money,"Unmet need as identified by the Small Business Administration (SBA) is $132,391,924 for housing and $23,218,266 for businesses. Per"
2,15f-2019-q4.pdf,2015_Floods,15f,2019,4,1,text_page,,209,Hays County,Memorial Day Floods,,severity_unmet_need_usd,23218266.0,usd,0.84,text_page:severity_money,"Unmet need as identified by the Small Business Administration (SBA) is $132,391,924 for housing and $23,218,266 for businesses. Per"
2,15f-2019-q4.pdf,2015_Floods,15f,2019,4,1,text_page,,209,Hays County,Memorial Day Floods,,severity_unmet_need_usd,315609790.0,usd,0.84,text_page:severity_money,"FEMA and SBA data, unmet need for the state of Texas totals $315,609,790."
34,16f-2019-q4.pdf,2016_Floods,16f,2019,4,1,text_page,,157,Fort Bend County,Over The Past Two Years,,severity_deaths_count,29.0,count,0.9,text_page:killing_pattern,killing 29 Texans and causing significantly more public and private property damage due to the compounding effects of the 2015 floods.
34,16f-2019-q4.pdf,2016_Floods,16f,2019,4,1,text_page,,157,Fort Bend County,Over The Past Two Years,,severity_unmet_need_usd,201341450.0,usd,0.84,text_page:severity_money,"is $201,341,450. This results in the state’s unmet need from public assistance totaling $57,885,667 with a resiliency multiplier of 15 percent."
34,16f-2019-q4.pdf,2016_Floods,16f,2019,4,1,text_page,,157,Fort Bend County,Over The Past Two Years,,severity_unmet_need_usd,57885667.0,usd,0.84,text_page:severity_money,"is $201,341,450. This results in the state’s unmet need from public assistance totaling $57,885,667 with a resiliency multiplier of 15 percent."
34,16f-2019-q4.pdf,2016_Floods,16f,2019,4,1,text_page,,157,Fort Bend County,Over The Past Two Years,,severity_unmet_need_usd,186361160.0,usd,0.84,text_page:severity_money,"$186,361,160. The state’s unmet need relating to FEMA Individual Assistance (IA) is $88,131,592 with a resilience multiplier of 15 percent."
34,16f-2019-q4.pdf,2016_Floods,16f,2019,4,1,text_page,,157,Fort Bend County,Over The Past Two Years,,severity_unmet_need_usd,88131592.0,usd,0.84,text_page:severity_money,"$186,361,160. The state’s unmet need relating to FEMA Individual Assistance (IA) is $88,131,592 with a resilience multiplier of 15 percent."
34,16f-2019-q4.pdf,2016_Floods,16f,2019,4,1,text_page,,157,Fort Bend County,Over The Past Two Years,,severity_unmet_need_usd,309254300.0,usd,0.84,text_page:severity_money,"The unmet need, as identified by the SBA using the total verified loss of households and businesses, is $309,254,300 for housing and"
34,16f-2019-q4.pdf,2016_Floods,16f,2019,4,1,text_page,,157,Fort Bend County,Over The Past Two Years,,severity_unmet_need_usd,13659184.0,usd,0.84,text_page:severity_money,"data and $13,659,184 for business data. FEMA and SBA data alone yield an unmet need for the state of Texas totaling $559,991,968."
34,16f-2019-q4.pdf,2016_Floods,16f,2019,4,1,text_page,,157,Fort Bend County,Over The Past Two Years,,severity_unmet_need_usd,559991968.0,usd,0.84,text_page:severity_money,"data and $13,659,184 for business data. FEMA and SBA data alone yield an unmet need for the state of Texas totaling $559,991,968."
3,15f-2020-q1.pdf,2015_Floods,15f,2020,1,1,text_page,,209,Hays County,Memorial Day Floods,,severity_unmet_need_usd,69689983.0,usd,0.84,text_page:severity_money,"The State’s unmet need for non-housing totals $69,689,983 and increases to $80,143,480 when including a resiliency multiplier of 15%"
3,15f-2020-q1.pdf,2015_Floods,15f,2020,1,1,text_page,,209,Hays County,Memorial Day Floods,,severity_unmet_need_usd,80143480.0,usd,0.84,text_page:severity_money,"The State’s unmet need for non-housing totals $69,689,983 and increases to $80,143,480 when including a resiliency multiplier of 15%"
3,15f-2020-q1.pdf,2015_Floods,15f,2020,1,1,text_page,,209,Hays County,Memorial Day Floods,,severity_unmet_need_usd,10453497.0,usd,0.84,text_page:severity_money,"($10,453,497). The data for housing unmet needs comes from TDEM and the National Emergency Management Information System (NEMIS)"
3,15f-2020-q1.pdf,2015_Floods,15f,2020,1,1,text_page,,209,Hays County,Memorial Day Floods,,severity_unmet_need_usd,69440104.0,usd,0.84,text_page:severity_money,"database. The State’s unmet need for housing totaled $69,440,104. This figure increases to $79,856,120 when including the resilience"
3,15f-2020-q1.pdf,2015_Floods,15f,2020,1,1,text_page,,209,Hays County,Memorial Day Floods,,severity_unmet_need_usd,79856120.0,usd,0.84,text_page:severity_money,"database. The State’s unmet need for housing totaled $69,440,104. This figure increases to $79,856,120 when including the resilience"
3,15f-2020-q1.pdf,2015_Floods,15f,2020,1,1,text_page,,209,Hays County,Memorial Day Floods,,severity_unmet_need_usd,132391924.0,usd,0.84,text_page:severity_money,"Unmet need as identified by the Small Business Administration (SBA) is $132,391,924 for housing and $23,218,266 for businesses. Per"
3,15f-2020-q1.pdf,2015_Floods,15f,2020,1,1,text_page,,209,Hays County,Memorial Day Floods,,severity_unmet_need_usd,23218266.0,usd,0.84,text_page:severity_money,"Unmet need as identified by the Small Business Administration (SBA) is $132,391,924 for housing and $23,218,266 for businesses. Per"
3,15f-2020-q1.pdf,2015_Floods,15f,2020,1,1,text_page,,209,Hays County,Memorial Day Floods,,severity_unmet_need_usd,315609790.0,usd,0.84,text_page:severity_money,"FEMA and SBA data, unmet need for the state of Texas totals $315,609,790."
35,16f-2020-q1.pdf,2016_Floods,16f,2020,1,1,text_page,,351,Newton County,Over The Past Two Years,,severity_deaths_count,29.0,count,0.9,text_page:killing_pattern,killing 29 Texans and causing significantly more public and private property damage due to the compounding effects of the 2015 floods.
35,16f-2020-q1.pdf,2016_Floods,16f,2020,1,1,text_page,,351,Newton County,Over The Past Two Years,,severity_unmet_need_usd,201341450.0,usd,0.84,text_page:severity_money,"is $201,341,450. This results in the state’s unmet need from public assistance totaling $57,885,667 with a resiliency multiplier of 15 percent."
35,16f-2020-q1.pdf,2016_Floods,16f,2020,1,1,text_page,,351,Newton County,Over The Past Two Years,,severity_unmet_need_usd,57885667.0,usd,0.84,text_page:severity_money,"is $201,341,450. This results in the state’s unmet need from public assistance totaling $57,885,667 with a resiliency multiplier of 15 percent."
35,16f-2020-q1.pdf,2016_Floods,16f,2020,1,1,text_page,,351,Newton County,Over The Past Two Years,,severity_unmet_need_usd,186361160.0,usd,0.84,text_page:severity_money,"$186,361,160. The state’s unmet need relating to FEMA Individual Assistance (IA) is $88,131,592 with a resilience multiplier of 15 percent."
35,16f-2020-q1.pdf,2016_Floods,16f,2020,1,1,text_page,,351,Newton County,Over The Past Two Years,,severity_unmet_need_usd,88131592.0,usd,0.84,text_page:severity_money,"$186,361,160. The state’s unmet need relating to FEMA Individual Assistance (IA) is $88,131,592 with a resilience multiplier of 15 percent."
35,16f-2020-q1.pdf,2016_Floods,16f,2020,1,1,text_page,,351,Newton County,Over The Past Two Years,,severity_unmet_need_usd,309254300.0,usd,0.84,text_page:severity_money,"The unmet need, as identified by the SBA using the total verified loss of households and businesses, is $309,254,300 for housing and"
35,16f-2020-q1.pdf,2016_Floods,16f,2020,1,1,text_page,,351,Newton County,Over The Past Two Years,,severity_unmet_need_usd,13659184.0,usd,0.84,text_page:severity_money,"data and $13,659,184 for business data. FEMA and SBA data alone yield an unmet need for the state of Texas totaling $559,991,968."
35,16f-2020-q1.pdf,2016_Floods,16f,2020,1,1,text_page,,351,Newton County,Over The Past Two Years,,severity_unmet_need_usd,559991968.0,usd,0.84,text_page:severity_money,"data and $13,659,184 for business data. FEMA and SBA data alone yield an unmet need for the state of Texas totaling $559,991,968."
33,f15-2020-q2.pdf,2015_Floods,f15,2020,2,1,text_page,,209,Hays County,Memorial Day Floods,,severity_unmet_need_usd,69689983.0,usd,0.84,text_page:severity_money,"The State’s unmet need for non-housing totals $69,689,983 and increases to $80,143,480 when including a resiliency multiplier of 15%"
33,f15-2020-q2.pdf,2015_Floods,f15,2020,2,1,text_page,,209,Hays County,Memorial Day Floods,,severity_unmet_need_usd,80143480.0,usd,0.84,text_page:severity_money,"The State’s unmet need for non-housing totals $69,689,983 and increases to $80,143,480 when including a resiliency multiplier of 15%"
33,f15-2020-q2.pdf,2015_Floods,f15,2020,2,1,text_page,,209,Hays County,Memorial Day Floods,,severity_unmet_need_usd,10453497.0,usd,0.84,text_page:severity_money,"($10,453,497). The data for housing unmet needs comes from TDEM and the National Emergency Management Information System (NEMIS)"
33,f15-2020-q2.pdf,2015_Floods,f15,2020,2,1,text_page,,209,Hays County,Memorial Day Floods,,severity_unmet_need_usd,69440104.0,usd,0.84,text_page:severity_money,"database. The State’s unmet need for housing totaled $69,440,104. This figure increases to $79,856,120 when including the resilience"
33,f15-2020-q2.pdf,2015_Floods,f15,2020,2,1,text_page,,209,Hays County,Memorial Day Floods,,severity_unmet_need_usd,79856120.0,usd,0.84,text_page:severity_money,"database. The State’s unmet need for housing totaled $69,440,104. This figure increases to $79,856,120 when including the resilience"
33,f15-2020-q2.pdf,2015_Floods,f15,2020,2,1,text_page,,209,Hays County,Memorial Day Floods,,severity_unmet_need_usd,132391924.0,usd,0.84,text_page:severity_money,"Unmet need as identified by the Small Business Administration (SBA) is $132,391,924 for housing and $23,218,266 for businesses. Per"
33,f15-2020-q2.pdf,2015_Floods,f15,2020,2,1,text_page,,209,Hays County,Memorial Day Floods,,severity_unmet_need_usd,23218266.0,usd,0.84,text_page:severity_money,"Unmet need as identified by the Small Business Administration (SBA) is $132,391,924 for housing and $23,218,266 for businesses. Per"
33,f15-2020-q2.pdf,2015_Floods,f15,2020,2,1,text_page,,209,Hays County,Memorial Day Floods,,severity_unmet_need_usd,315609790.0,usd,0.84,text_page:severity_money,"FEMA and SBA data, unmet need for the state of Texas totals $315,609,790."
63,f16-2020-q2.pdf,2016_Floods,f16,2020,2,1,text_page,,157,Fort Bend County,Over The Past Two Years,,severity_deaths_count,29.0,count,0.9,text_page:killing_pattern,killing 29 Texans and causing significantly more public and private property damage due to the compounding effects of the 2015 floods.
63,f16-2020-q2.pdf,2016_Floods,f16,2020,2,1,text_page,,157,Fort Bend County,Over The Past Two Years,,severity_unmet_need_usd,201341450.0,usd,0.84,text_page:severity_money,"is $201,341,450. This results in the state’s unmet need from public assistance totaling $57,885,667 with a resiliency multiplier of 15 percent."
63,f16-2020-q2.pdf,2016_Floods,f16,2020,2,1,text_page,,157,Fort Bend County,Over The Past Two Years,,severity_unmet_need_usd,57885667.0,usd,0.84,text_page:severity_money,"is $201,341,450. This results in the state’s unmet need from public assistance totaling $57,885,667 with a resiliency multiplier of 15 percent."
63,f16-2020-q2.pdf,2016_Floods,f16,2020,2,1,text_page,,157,Fort Bend County,Over The Past Two Years,,severity_unmet_need_usd,186361160.0,usd,0.84,text_page:severity_money,"$186,361,160. The state’s unmet need relating to FEMA Individual Assistance (IA) is $88,131,592 with a resilience multiplier of 15 percent."
63,f16-2020-q2.pdf,2016_Floods,f16,2020,2,1,text_page,,157,Fort Bend County,Over The Past Two Years,,severity_unmet_need_usd,88131592.0,usd,0.84,text_page:severity_money,"$186,361,160. The state’s unmet need relating to FEMA Individual Assistance (IA) is $88,131,592 with a resilience multiplier of 15 percent."
63,f16-2020-q2.pdf,2016_Floods,f16,2020,2,1,text_page,,157,Fort Bend County,Over The Past Two Years,,severity_unmet_need_usd,309254300.0,usd,0.84,text_page:severity_money,"The unmet need, as identified by the SBA using the total verified loss of households and businesses, is $309,254,300 for housing and"
63,f16-2020-q2.pdf,2016_Floods,f16,2020,2,1,text_page,,157,Fort Bend County,Over The Past Two Years,,severity_unmet_need_usd,13659184.0,usd,0.84,text_page:severity_money,"data and $13,659,184 for business data. FEMA and SBA data alone yield an unmet need for the state of Texas totaling $559,991,968."
63,f16-2020-q2.pdf,2016_Floods,f16,2020,2,1,text_page,,157,Fort Bend County,Over The Past Two Years,,severity_unmet_need_usd,559991968.0,usd,0.84,text_page:severity_money,"data and $13,659,184 for business data. FEMA and SBA data alone yield an unmet need for the state of Texas totaling $559,991,968."
4,15f-2020-q3.pdf,2015_Floods,15f,2020,3,1,text_page,,209,Hays County,Memorial Day Floods,,severity_unmet_need_usd,69689983.0,usd,0.84,text_page:severity_money,"The State’s unmet need for non-housing totals $69,689,983 and increases to $80,143,480 when including a resiliency multiplier of 15%"
4,15f-2020-q3.pdf,2015_Floods,15f,2020,3,1,text_page,,209,Hays County,Memorial Day Floods,,severity_unmet_need_usd,80143480.0,usd,0.84,text_page:severity_money,"The State’s unmet need for non-housing totals $69,689,983 and increases to $80,143,480 when including a resiliency multiplier of 15%"
4,15f-2020-q3.pdf,2015_Floods,15f,2020,3,1,text_page,,209,Hays County,Memorial Day Floods,,severity_unmet_need_usd,10453497.0,usd,0.84,text_page:severity_money,"($10,453,497). The data for housing unmet needs comes from TDEM and the National Emergency Management Information System (NEMIS)"
4,15f-2020-q3.pdf,2015_Floods,15f,2020,3,1,text_page,,209,Hays County,Memorial Day Floods,,severity_unmet_need_usd,69440104.0,usd,0.84,text_page:severity_money,"database. The State’s unmet need for housing totaled $69,440,104. This figure increases to $79,856,120 when including the resilience"
4,15f-2020-q3.pdf,2015_Floods,15f,2020,3,1,text_page,,209,Hays County,Memorial Day Floods,,severity_unmet_need_usd,79856120.0,usd,0.84,text_page:severity_money,"database. The State’s unmet need for housing totaled $69,440,104. This figure increases to $79,856,120 when including the resilience"
4,15f-2020-q3.pdf,2015_Floods,15f,2020,3,1,text_page,,209,Hays County,Memorial Day Floods,,severity_unmet_need_usd,132391924.0,usd,0.84,text_page:severity_money,"Unmet need as identified by the Small Business Administration (SBA) is $132,391,924 for housing and $23,218,266 for businesses. Per"
4,15f-2020-q3.pdf,2015_Floods,15f,2020,3,1,text_page,,209,Hays County,Memorial Day Floods,,severity_unmet_need_usd,23218266.0,usd,0.84,text_page:severity_money,"Unmet need as identified by the Small Business Administration (SBA) is $132,391,924 for housing and $23,218,266 for businesses. Per"
4,15f-2020-q3.pdf,2015_Floods,15f,2020,3,1,text_page,,209,Hays County,Memorial Day Floods,,severity_unmet_need_usd,315609790.0,usd,0.84,text_page:severity_money,"FEMA and SBA data, unmet need for the state of Texas totals $315,609,790."
36,16f-2020-q3.pdf,2016_Floods,16f,2020,3,1,text_page,,157,Fort Bend County,Over The Past Two Years,,severity_deaths_count,29.0,count,0.9,text_page:killing_pattern,killing 29 Texans and causing significantly more public and private property damage due to the compounding effects of the 2015 floods.
36,16f-2020-q3.pdf,2016_Floods,16f,2020,3,1,text_page,,157,Fort Bend County,Over The Past Two Years,,severity_unmet_need_usd,201341450.0,usd,0.84,text_page:severity_money,"is $201,341,450. This results in the state’s unmet need from public assistance totaling $57,885,667 with a resiliency multiplier of 15 percent."
36,16f-2020-q3.pdf,2016_Floods,16f,2020,3,1,text_page,,157,Fort Bend County,Over The Past Two Years,,severity_unmet_need_usd,57885667.0,usd,0.84,text_page:severity_money,"is $201,341,450. This results in the state’s unmet need from public assistance totaling $57,885,667 with a resiliency multiplier of 15 percent."
36,16f-2020-q3.pdf,2016_Floods,16f,2020,3,1,text_page,,157,Fort Bend County,Over The Past Two Years,,severity_unmet_need_usd,186361160.0,usd,0.84,text_page:severity_money,"$186,361,160. The state’s unmet need relating to FEMA Individual Assistance (IA) is $88,131,592 with a resilience multiplier of 15 percent."
36,16f-2020-q3.pdf,2016_Floods,16f,2020,3,1,text_page,,157,Fort Bend County,Over The Past Two Years,,severity_unmet_need_usd,88131592.0,usd,0.84,text_page:severity_money,"$186,361,160. The state’s unmet need relating to FEMA Individual Assistance (IA) is $88,131,592 with a resilience multiplier of 15 percent."
36,16f-2020-q3.pdf,2016_Floods,16f,2020,3,1,text_page,,157,Fort Bend County,Over The Past Two Years,,severity_unmet_need_usd,309254300.0,usd,0.84,text_page:severity_money,"The unmet need, as identified by the SBA using the total verified loss of households and businesses, is $309,254,300 for housing and"
36,16f-2020-q3.pdf,2016_Floods,16f,2020,3,1,text_page,,157,Fort Bend County,Over The Past Two Years,,severity_unmet_need_usd,13659184.0,usd,0.84,text_page:severity_money,"data and $13,659,184 for business data. FEMA and SBA data alone yield an unmet need for the state of Texas totaling $559,991,968."
36,16f-2020-q3.pdf,2016_Floods,16f,2020,3,1,text_page,,157,Fort Bend County,Over The Past Two Years,,severity_unmet_need_usd,559991968.0,usd,0.84,text_page:severity_money,"data and $13,659,184 for business data. FEMA and SBA data alone yield an unmet need for the state of Texas totaling $559,991,968."
5,15f-2020-q4.pdf,2015_Floods,15f,2020,4,1,text_page,,209,Hays County,Memorial Day Floods,,severity_unmet_need_usd,69689983.0,usd,0.84,text_page:severity_money,"The State’s unmet need for non-housing totals $69,689,983 and increases to $80,143,480 when including a resiliency multiplier of 15%"
5,15f-2020-q4.pdf,2015_Floods,15f,2020,4,1,text_page,,209,Hays County,Memorial Day Floods,,severity_unmet_need_usd,80143480.0,usd,0.84,text_page:severity_money,"The State’s unmet need for non-housing totals $69,689,983 and increases to $80,143,480 when including a resiliency multiplier of 15%"
5,15f-2020-q4.pdf,2015_Floods,15f,2020,4,1,text_page,,209,Hays County,Memorial Day Floods,,severity_unmet_need_usd,10453497.0,usd,0.84,text_page:severity_money,"($10,453,497). The data for housing unmet needs comes from TDEM and the National Emergency Management Information System (NEMIS)"
5,15f-2020-q4.pdf,2015_Floods,15f,2020,4,1,text_page,,209,Hays County,Memorial Day Floods,,severity_unmet_need_usd,69440104.0,usd,0.84,text_page:severity_money,"database. The State’s unmet need for housing totaled $69,440,104. This figure increases to $79,856,120 when including the resilience"
5,15f-2020-q4.pdf,2015_Floods,15f,2020,4,1,text_page,,209,Hays County,Memorial Day Floods,,severity_unmet_need_usd,79856120.0,usd,0.84,text_page:severity_money,"database. The State’s unmet need for housing totaled $69,440,104. This figure increases to $79,856,120 when including the resilience"
5,15f-2020-q4.pdf,2015_Floods,15f,2020,4,1,text_page,,209,Hays County,Memorial Day Floods,,severity_unmet_need_usd,132391924.0,usd,0.84,text_page:severity_money,"Unmet need as identified by the Small Business Administration (SBA) is $132,391,924 for housing and $23,218,266 for businesses. Per"
5,15f-2020-q4.pdf,2015_Floods,15f,2020,4,1,text_page,,209,Hays County,Memorial Day Floods,,severity_unmet_need_usd,23218266.0,usd,0.84,text_page:severity_money,"Unmet need as identified by the Small Business Administration (SBA) is $132,391,924 for housing and $23,218,266 for businesses. Per"
5,15f-2020-q4.pdf,2015_Floods,15f,2020,4,1,text_page,,209,Hays County,Memorial Day Floods,,severity_unmet_need_usd,315609790.0,usd,0.84,text_page:severity_money,"FEMA and SBA data, unmet need for the state of Texas totals $315,609,790."
5,15f-2020-q4.pdf,2015_Floods,15f,2020,4,21,text_page,5:20,209,Hays County,Harris,,admin_payroll_usd,810.32,usd,0.9,text_page:keyword_money,Construction is in progress during this reporting period. $810.32 - Payroll Allocations
5,15f-2020-q4.pdf,2015_Floods,15f,2020,4,24,text_page,5:24,209,Hays County,Services,,admin_payroll_usd,1799.75,usd,0.9,text_page:keyword_money,documentation for its sewer facilities project. $1799.75 - Payroll Allocations
5,15f-2020-q4.pdf,2015_Floods,15f,2020,4,46,text_page,5:46,209,Hays County,Install Storm Inlets,,admin_payroll_usd,647.84,usd,0.9,text_page:keyword_money,$647.84 - Payroll Allocations
5,15f-2020-q4.pdf,2015_Floods,15f,2020,4,51,text_page,5:50,215,Hidalgo County,Easement,,admin_payroll_usd,4671.4,usd,0.9,text_page:keyword_money,documentation for its flood and drainage improvements project. $4671.4 - Payroll Allocations
5,15f-2020-q4.pdf,2015_Floods,15f,2020,4,56,text_page,5:56,209,Hays County,Acquisition,,admin_payroll_usd,2436.16,usd,0.9,text_page:keyword_money,$2436.16 - Payroll Allocations
5,15f-2020-q4.pdf,2015_Floods,15f,2020,4,58,text_page,5:58,453,Travis County,However,,admin_payroll_usd,665.89,usd,0.9,text_page:keyword_money,$665.89 - Payroll Allocations
5,15f-2020-q4.pdf,2015_Floods,15f,2020,4,60,text_page,5:60,351,Newton County,The Subrecipient Will Provide Homeowner Repair,,admin_payroll_usd,2909.62,usd,0.9,text_page:keyword_money,"During the reporting period, Newton County had HAP projects underway. $2909.62 - Payroll Allocations"
5,15f-2020-q4.pdf,2015_Floods,15f,2020,4,62,text_page,5:62,351,Newton County,The Subrecipient Will Provide Homeowner Repair,,admin_payroll_usd,2743.75,usd,0.9,text_page:keyword_money,"During the reporting period, Newton County had HAP projects underway. $2743.75 - Payroll Allocations"
5,15f-2020-q4.pdf,2015_Floods,15f,2020,4,68,text_page,5:68,209,Hays County,Reconstruction,,admin_payroll_usd,423.69,usd,0.9,text_page:keyword_money,"During the reporting period, up to 95% construction completed. $423.69 - Payroll Allocations"
5,15f-2020-q4.pdf,2015_Floods,15f,2020,4,76,text_page,5:76,209,Hays County,Apply Asphalt,,admin_payroll_usd,360.14,usd,0.9,text_page:keyword_money,improvements project.$360.14 - Payroll Allocations
5,15f-2020-q4.pdf,2015_Floods,15f,2020,4,78,text_page,5:78,209,Hays County,Apply Asphalt,,admin_payroll_usd,333.77,usd,0.9,text_page:keyword_money,improvements project.$333.77 - Payroll Allocations
5,15f-2020-q4.pdf,2015_Floods,15f,2020,4,80,text_page,5:80,209,Hays County,Subrecipient Shall Install Concrete Curb And Gutter,,admin_payroll_usd,4033.86,usd,0.9,text_page:keyword_money,improvements project. $4033.86 - Payroll Allocations
5,15f-2020-q4.pdf,2015_Floods,15f,2020,4,84,text_page,5:84,489,Willacy County,Slabs,,admin_payroll_usd,1227.73,usd,0.9,text_page:keyword_money,$1227.73 - Payroll Allocations
5,15f-2020-q4.pdf,2015_Floods,15f,2020,4,86,text_page,5:86,209,Hays County,Clifton,,admin_payroll_usd,298.38,usd,0.9,text_page:keyword_money,improvements project.$298.38 - Payroll Allocations
5,15f-2020-q4.pdf,2015_Floods,15f,2020,4,90,text_page,5:90,209,Hays County,And Reshaping Of Streambank Protection,,admin_payroll_usd,636.14,usd,0.9,text_page:keyword_money,project.$636.14 - Payroll Allocations
5,15f-2020-q4.pdf,2015_Floods,15f,2020,4,96,text_page,5:96,209,Hays County,Subrecipient Shall Shape And Grade Ditches,,admin_payroll_usd,178.38,usd,0.9,text_page:keyword_money,improvement project. $178.38 - Payroll Allocations
5,15f-2020-q4.pdf,2015_Floods,15f,2020,4,98,text_page,5:98,209,Hays County,Subrecipient Shall Replace Storm Sewer Culverts,,admin_payroll_usd,1413.8,usd,0.9,text_page:keyword_money,facilities improvement project. $1413.8 - Payroll Allocations
5,15f-2020-q4.pdf,2015_Floods,15f,2020,4,104,text_page,5:104,209,Hays County,Persons,,admin_payroll_usd,494.92,usd,0.9,text_page:keyword_money,improvements project.$494.92 - Payroll Allocations
5,15f-2020-q4.pdf,2015_Floods,15f,2020,4,108,text_page,5:108,209,Hays County,Subrecipient Shall Reconstruct A Lift Station,,admin_payroll_usd,203.17,usd,0.9,text_page:keyword_money,"During the reporting period, the City of Hubbard had construction underway for its sewer facilities project.$203.17 - Payroll"
5,15f-2020-q4.pdf,2015_Floods,15f,2020,4,116,text_page,5:116,209,Hays County,Replacing Existing Culverts,,admin_payroll_usd,1652.25,usd,0.9,text_page:keyword_money,$1652.25 - Payroll Allocations
5,15f-2020-q4.pdf,2015_Floods,15f,2020,4,120,text_page,5:120,209,Hays County,Acquisition,,admin_payroll_usd,767.78,usd,0.9,text_page:keyword_money,"During the Reporting Period, the City of Bridgeport had construction underway for its Fire station project$767.78 - Payroll"
5,15f-2020-q4.pdf,2015_Floods,15f,2020,4,122,text_page,5:122,489,Willacy County,Th Street,,admin_payroll_usd,1353.12,usd,0.9,text_page:keyword_money,project.$1353.12 - Payroll Allocations
5,15f-2020-q4.pdf,2015_Floods,15f,2020,4,124,text_page,5:124,209,Hays County,Subrecipient Shall Install Drainage Pipe Inlets,,admin_payroll_usd,1612.34,usd,0.9,text_page:keyword_money,improvements project.$1612.34 - Payroll Allocations
5,15f-2020-q4.pdf,2015_Floods,15f,2020,4,127,text_page,5:126,209,Hays County,Install Reinforced Storm Sewer Pipe,,admin_payroll_usd,1095.39,usd,0.9,text_page:keyword_money,drainage improvements project. $1095.39 - Payroll Allocations
5,15f-2020-q4.pdf,2015_Floods,15f,2020,4,130,text_page,5:130,249,Jim Wells County,Subrecipient Shall Remove And Replace Culverts,,admin_payroll_usd,595.52,usd,0.9,text_page:keyword_money,$595.52 - Payroll Allocations
5,15f-2020-q4.pdf,2015_Floods,15f,2020,4,132,text_page,5:132,209,Hays County,Relocating Utilities,,admin_payroll_usd,1157.92,usd,0.9,text_page:keyword_money,improvements project.$1157.92 - Payroll Allocations
5,15f-2020-q4.pdf,2015_Floods,15f,2020,4,134,text_page,5:134,489,Willacy County,Subrecipient Shall Install Storm Sewer Culverts,,admin_payroll_usd,692.57,usd,0.9,text_page:keyword_money,project.$692.57 - Payroll Allocations
37,16f-2020-q4.pdf,2016_Floods,16f,2020,4,1,text_page,,339,Montgomery County,Over The Past Two Years,,severity_deaths_count,29.0,count,0.9,text_page:killing_pattern,killing 29 Texans and causing significantly more public and private property damage due to the compounding effects of the 2015 floods.
37,16f-2020-q4.pdf,2016_Floods,16f,2020,4,1,text_page,,339,Montgomery County,Over The Past Two Years,,severity_unmet_need_usd,201341450.0,usd,0.84,text_page:severity_money,"is $201,341,450. This results in the state’s unmet need from public assistance totaling $57,885,667 with a resiliency multiplier of 15 percent."
37,16f-2020-q4.pdf,2016_Floods,16f,2020,4,1,text_page,,339,Montgomery County,Over The Past Two Years,,severity_unmet_need_usd,57885667.0,usd,0.84,text_page:severity_money,"is $201,341,450. This results in the state’s unmet need from public assistance totaling $57,885,667 with a resiliency multiplier of 15 percent."
37,16f-2020-q4.pdf,2016_Floods,16f,2020,4,1,text_page,,339,Montgomery County,Over The Past Two Years,,severity_unmet_need_usd,186361160.0,usd,0.84,text_page:severity_money,"$186,361,160. The state’s unmet need relating to FEMA Individual Assistance (IA) is $88,131,592 with a resilience multiplier of 15 percent."
37,16f-2020-q4.pdf,2016_Floods,16f,2020,4,1,text_page,,339,Montgomery County,Over The Past Two Years,,severity_unmet_need_usd,88131592.0,usd,0.84,text_page:severity_money,"$186,361,160. The state’s unmet need relating to FEMA Individual Assistance (IA) is $88,131,592 with a resilience multiplier of 15 percent."
37,16f-2020-q4.pdf,2016_Floods,16f,2020,4,1,text_page,,339,Montgomery County,Over The Past Two Years,,severity_unmet_need_usd,309254300.0,usd,0.84,text_page:severity_money,"The unmet need, as identified by the SBA using the total verified loss of households and businesses, is $309,254,300 for housing and"
37,16f-2020-q4.pdf,2016_Floods,16f,2020,4,1,text_page,,339,Montgomery County,Over The Past Two Years,,severity_unmet_need_usd,13659184.0,usd,0.84,text_page:severity_money,"data and $13,659,184 for business data. FEMA and SBA data alone yield an unmet need for the state of Texas totaling $559,991,968."
37,16f-2020-q4.pdf,2016_Floods,16f,2020,4,1,text_page,,339,Montgomery County,Over The Past Two Years,,severity_unmet_need_usd,559991968.0,usd,0.84,text_page:severity_money,"data and $13,659,184 for business data. FEMA and SBA data alone yield an unmet need for the state of Texas totaling $559,991,968."
37,16f-2020-q4.pdf,2016_Floods,16f,2020,4,12,text_page,37:11,039,Brazoria County,Persons,,admin_payroll_usd,2296.42,usd,0.9,text_page:keyword_money,"During the reporting period, the County had acquisition underway for its Holiday Lakes-Drainage project. $2296.42 - Payroll"
37,16f-2020-q4.pdf,2016_Floods,16f,2020,4,13,text_page,37:13,039,Brazoria County,Persons,,admin_payroll_usd,2296.41,usd,0.9,text_page:keyword_money,$2296.41 - Payroll Allocations.
37,16f-2020-q4.pdf,2016_Floods,16f,2020,4,29,text_page,37:29,339,Montgomery County,Kendleton,,admin_payroll_usd,4255.47,usd,0.9,text_page:keyword_money,$4255.47 - Payroll Allocations.
37,16f-2020-q4.pdf,2016_Floods,16f,2020,4,31,text_page,37:31,339,Montgomery County,During The Reporting Period,,admin_payroll_usd,3221.94,usd,0.9,text_page:keyword_money,Facilities project. $3221.94 - Payroll Allocations.
37,16f-2020-q4.pdf,2016_Floods,16f,2020,4,33,text_page,37:33,339,Montgomery County,During The Reporting Period,,admin_payroll_usd,2507.95,usd,0.9,text_page:keyword_money,$2507.95 - Payroll Allocations.
37,16f-2020-q4.pdf,2016_Floods,16f,2020,4,43,text_page,37:43,339,Montgomery County,Reconstruct Streets,,admin_payroll_usd,766.71,usd,0.9,text_page:keyword_money,$766.71 - Payroll Allocations.
37,16f-2020-q4.pdf,2016_Floods,16f,2020,4,52,text_page,37:51,201,Harris County,Houston,,admin_payroll_usd,4569.5,usd,0.9,text_page:keyword_money,$4569.5 - Payroll Allocations.
37,16f-2020-q4.pdf,2016_Floods,16f,2020,4,55,text_page,37:55,339,Montgomery County,Concrete Box,,admin_payroll_usd,1717.35,usd,0.9,text_page:keyword_money,project. $1717.35 - Payroll Allocations.
37,16f-2020-q4.pdf,2016_Floods,16f,2020,4,62,text_page,37:61,339,Montgomery County,Complete Pipe Preparation,,admin_payroll_usd,1202.83,usd,0.9,text_page:keyword_money,"During the reporting period, the City of Conroe had construction underway for it's sewer facilities project. $1202.83 - Payroll"
37,16f-2020-q4.pdf,2016_Floods,16f,2020,4,63,text_page,37:63,339,Montgomery County,The Subrecipient Shall Repair,,admin_payroll_usd,460.21,usd,0.9,text_page:keyword_money,"During the reporting period, the City of Magnolia had construction underway for it's sewer facilities project. $460.21 - Payroll"
37,16f-2020-q4.pdf,2016_Floods,16f,2020,4,85,text_page,37:85,351,Newton County,During The Reporting Period,,admin_payroll_usd,1639.16,usd,0.9,text_page:keyword_money,"During the reporting period, Newton County had outreach underway for its for its BP project. $1639.16 - Payroll Allocations."
37,16f-2020-q4.pdf,2016_Floods,16f,2020,4,89,text_page,37:89,351,Newton County,Households. Subrecipient Must Ensure That,,admin_payroll_usd,2606.79,usd,0.9,text_page:keyword_money,"During the reporting period, Newton County had HAP projects underway. $2606.79 - Payroll Allocations."
37,16f-2020-q4.pdf,2016_Floods,16f,2020,4,94,text_page,37:93,351,Newton County,Apply Asphalt,,admin_payroll_usd,634.34,usd,0.9,text_page:keyword_money,improvements project. $634.34 - Payroll Allocations.
37,16f-2020-q4.pdf,2016_Floods,16f,2020,4,101,text_page,37:101,313,Madison County,Install Culverts,,admin_payroll_usd,1958.24,usd,0.9,text_page:keyword_money,$1958.24 - Payroll Allocations.
37,16f-2020-q4.pdf,2016_Floods,16f,2020,4,103,text_page,37:103,339,Montgomery County,San Felipe,,admin_payroll_usd,1688.0,usd,0.9,text_page:keyword_money,$1688 - Payroll Allocations.
37,16f-2020-q4.pdf,2016_Floods,16f,2020,4,109,text_page,37:109,241,Jasper County,Persons,,admin_payroll_usd,628.95,usd,0.9,text_page:keyword_money,"During the reporting period, the Jasper County had construction underway for its street improvements project. $628.95 - Payroll"
37,16f-2020-q4.pdf,2016_Floods,16f,2020,4,111,text_page,37:111,339,Montgomery County,Stephenville,,admin_payroll_usd,815.86,usd,0.9,text_page:keyword_money,improvements project. $815.86 - Payroll Allocations.
224,h5b-2020-q4.pdf,Harvey_5B_Performance,h5b,2020,4,11,text_page,224:11,,,,,admin_payroll_usd,136216.28,usd,0.9,text_page:keyword_money,$136216.28 - Payroll Allocations.
224,h5b-2020-q4.pdf,Harvey_5B_Performance,h5b,2020,4,57,text_page,224:56,201,Harris County,Provider May Perform Housing Implementation Services,,admin_payroll_usd,261.58,usd,0.9,text_page:keyword_money,"During the reporting period, 2 additional projects were completed of 4 total projects. 1 projects are underway. $261.58 - Payroll"
224,h5b-2020-q4.pdf,Harvey_5B_Performance,h5b,2020,4,59,text_page,224:58,201,Harris County,Provider May Perform Housing Implementation Services,,admin_payroll_usd,348.74,usd,0.9,text_page:keyword_money,"During the reporting period, 2 additional projects were completed of 6 total projects. 0 projects are underway. $348.74 - Payroll"
224,h5b-2020-q4.pdf,Harvey_5B_Performance,h5b,2020,4,61,text_page,224:60,201,Harris County,Provider May Perform Housing Implementation Services,,admin_payroll_usd,87.2,usd,0.9,text_page:keyword_money,"During the reporting period, 1 additional projects were completed of 2 total projects. 0 projects are underway. $87.2 - Payroll"
224,h5b-2020-q4.pdf,Harvey_5B_Performance,h5b,2020,4,63,text_page,224:62,201,Harris County,Provider May Perform Housing Implementation Services,,admin_payroll_usd,435.96,usd,0.9,text_page:keyword_money,"During the reporting period, 3 additional projects were completed of 5 total projects. 0 projects are underway. $435.96 - Payroll"
224,h5b-2020-q4.pdf,Harvey_5B_Performance,h5b,2020,4,69,text_page,224:68,201,Harris County,Provider May Perform Housing Implementation Services,,admin_payroll_usd,261.58,usd,0.9,text_page:keyword_money,"During the reporting period, 0 additional projects were completed of 0 total projects. 0 projects are underway. $261.58 - Payroll"
224,h5b-2020-q4.pdf,Harvey_5B_Performance,h5b,2020,4,87,text_page,224:86,201,Harris County,Provider May Perform Housing Implementation Services,,admin_payroll_usd,523.18,usd,0.9,text_page:keyword_money,"During the reporting period, 2 additional projects were completed of 5 total projects. 0 projects are underway. $523.18 - Payroll"
224,h5b-2020-q4.pdf,Harvey_5B_Performance,h5b,2020,4,97,text_page,224:96,201,Harris County,Provider May Perform Housing Implementation Services,,admin_payroll_usd,144780.68,usd,0.9,text_page:keyword_money,$144780.68 - Payroll Allocations.
224,h5b-2020-q4.pdf,Harvey_5B_Performance,h5b,2020,4,543,text_page,224:542,,,,,admin_payroll_usd,61730.26,usd,0.9,text_page:keyword_money,Payments for Phase I - Program Development and Phase II - Marketing and Outreach. $61730.26 - Payroll Allocations.
224,h5b-2020-q4.pdf,Harvey_5B_Performance,h5b,2020,4,545,text_page,224:544,,,,,admin_payroll_usd,1443.17,usd,0.9,text_page:keyword_money,Payments for Phase I - Program Development and Phase II - Marketing and Outreach. $1443.17 - Payroll Allocations.
224,h5b-2020-q4.pdf,Harvey_5B_Performance,h5b,2020,4,546,text_page,224:546,,,,,admin_payroll_usd,16211.58,usd,0.9,text_page:keyword_money,The Homeowner Reimbursement Program served 18 HMID-LMI applicants during Q4. $16211.58 - Payroll
224,h5b-2020-q4.pdf,Harvey_5B_Performance,h5b,2020,4,549,text_page,224:548,,,,,admin_payroll_usd,27768.34,usd,0.9,text_page:keyword_money,The Homeowner Reimbursement Program served 17 HMID-UN applicants during Q4. $27768.34 - Payroll Allocations.
224,h5b-2020-q4.pdf,Harvey_5B_Performance,h5b,2020,4,550,text_page,224:550,,,,,admin_payroll_usd,280.9,usd,0.9,text_page:keyword_money,The Homeowner Reimbursement Program served 0 SMID-LMI applicants during Q4. $280.90 - Payroll
224,h5b-2020-q4.pdf,Harvey_5B_Performance,h5b,2020,4,553,text_page,224:552,201,Harris County,Jasper Pioneer Crossing,,admin_payroll_usd,325.48,usd,0.9,text_page:keyword_money,The Homeowner Reimbursement Program served 0 SMID-UN applicants during Q4. $325.48 - Payroll Allocations.
224,h5b-2020-q4.pdf,Harvey_5B_Performance,h5b,2020,4,559,text_page,224:558,201,Harris County,Developer Will Rehabilitate,,admin_payroll_usd,96855.38,usd,0.9,text_page:keyword_money,their contractual requirements $96855.38 - Payroll Allocations.
224,h5b-2020-q4.pdf,Harvey_5B_Performance,h5b,2020,4,561,text_page,224:560,201,Harris County,Developer Will Rehabilitate,,admin_payroll_usd,5855.85,usd,0.9,text_page:keyword_money,their contractual requirements $5855.85 - Payroll Allocations.
289,ike-2020-q4.pdf,Hurricane_Ike,ike,2020,4,17,text_page,289:17,199,Hardin County,Construct Two Outfall Structures,,admin_payroll_usd,23.27,usd,0.9,text_page:keyword_money,$23.27 - Payroll Allocations
289,ike-2020-q4.pdf,Hurricane_Ike,ike,2020,4,28,text_page,289:27,071,Chambers County,W Of Cove,,admin_payroll_usd,245.64,usd,0.9,text_page:keyword_money,project. $245.64 - Payroll Allocations
289,ike-2020-q4.pdf,Hurricane_Ike,ike,2020,4,68,text_page,289:67,167,Galveston County,Th Street,,admin_payroll_usd,332.33,usd,0.9,text_page:keyword_money,"During the reporting period, Galveston County had As-Builts approved for its culverts project. $332.33 - Payroll Allocations"
289,ike-2020-q4.pdf,Hurricane_Ike,ike,2020,4,79,text_page,289:79,071,Chambers County,Haynes Road,,admin_payroll_usd,266.75,usd,0.9,text_page:keyword_money,$266.75 - Payroll Allocations
289,ike-2020-q4.pdf,Hurricane_Ike,ike,2020,4,81,text_page,289:81,071,Chambers County,Contractor Shall Remove And Replace Culvert Crossing,,admin_payroll_usd,266.76,usd,0.9,text_page:keyword_money,$266.76 - Payroll Allocations
289,ike-2020-q4.pdf,Hurricane_Ike,ike,2020,4,138,text_page,289:137,167,Galveston County,Walden Street,,admin_payroll_usd,42.94,usd,0.9,text_page:keyword_money,$42.94 - Payroll Allocations
289,ike-2020-q4.pdf,Hurricane_Ike,ike,2020,4,157,text_page,289:157,167,Galveston County,Acquisition,,admin_payroll_usd,258.02,usd,0.9,text_page:keyword_money,$258.02 - Payroll Allocations
289,ike-2020-q4.pdf,Hurricane_Ike,ike,2020,4,169,text_page,289:169,167,Galveston County,Aeration Basins And Blowers,,admin_payroll_usd,258.01,usd,0.9,text_page:keyword_money,"During the reporting period, the City of Galveston had COCC approved for its sewer projects. $258.01 - Payroll Allocations"
289,ike-2020-q4.pdf,Hurricane_Ike,ike,2020,4,175,text_page,289:175,167,Galveston County,And Associated Site Improvements,,admin_payroll_usd,258.0,usd,0.9,text_page:keyword_money,$258 - Payroll Allocations
289,ike-2020-q4.pdf,Hurricane_Ike,ike,2020,4,203,text_page,289:203,167,Galveston County,Grading Of The Channel Banks To A Stable Slope,,admin_payroll_usd,47.19,usd,0.9,text_page:keyword_money,"During the reporting period, Galveston County had closeout underway. $47.19 - Payroll Allocations"
289,ike-2020-q4.pdf,Hurricane_Ike,ike,2020,4,205,text_page,289:205,167,Galveston County,Corner Of Landfill To Deats Road In Galveston County,,admin_payroll_usd,47.19,usd,0.9,text_page:keyword_money,Improvement project. $47.19 - Payroll Allocations
289,ike-2020-q4.pdf,Hurricane_Ike,ike,2020,4,269,text_page,289:269,167,Galveston County,East Thomas Boulevard,,admin_payroll_usd,77.42,usd,0.9,text_page:keyword_money,project. $77.42 - Payroll Allocations
289,ike-2020-q4.pdf,Hurricane_Ike,ike,2020,4,273,text_page,289:273,167,Galveston County,And Installing Lime Stabilized Sub-grade,,admin_payroll_usd,77.44,usd,0.9,text_page:keyword_money,$77.44 - Payroll Allocations
289,ike-2020-q4.pdf,Hurricane_Ike,ike,2020,4,279,text_page,289:279,167,Galveston County,Larger,,admin_payroll_usd,77.42,usd,0.9,text_page:keyword_money,project. $77.42 - Payroll Allocations
289,ike-2020-q4.pdf,Hurricane_Ike,ike,2020,4,293,text_page,289:293,167,Galveston County,Acquisition,,admin_payroll_usd,494.57,usd,0.9,text_page:keyword_money,improvements project. $494.57 - Payroll Allocations
423,wf1-2020-q4.pdf,Wildfire_I,wf1,2020,4,10,text_page,423:9,021,Bastrop County,In Bastrop,,admin_payroll_usd,79.02,usd,0.9,text_page:keyword_money,project. $79.02 - Payroll Allocations
6,15f-2021-q1.pdf,2015_Floods,15f,2021,1,1,text_page,,209,Hays County,Memorial Day Floods,,severity_unmet_need_usd,69689983.0,usd,0.84,text_page:severity_money,"The State’s unmet need for non-housing totals $69,689,983 and increases to $80,143,480 when including a resiliency multiplier of 15%"
6,15f-2021-q1.pdf,2015_Floods,15f,2021,1,1,text_page,,209,Hays County,Memorial Day Floods,,severity_unmet_need_usd,80143480.0,usd,0.84,text_page:severity_money,"The State’s unmet need for non-housing totals $69,689,983 and increases to $80,143,480 when including a resiliency multiplier of 15%"
6,15f-2021-q1.pdf,2015_Floods,15f,2021,1,1,text_page,,209,Hays County,Memorial Day Floods,,severity_unmet_need_usd,10453497.0,usd,0.84,text_page:severity_money,"($10,453,497). The data for housing unmet needs comes from TDEM and the National Emergency Management Information System (NEMIS)"
6,15f-2021-q1.pdf,2015_Floods,15f,2021,1,1,text_page,,209,Hays County,Memorial Day Floods,,severity_unmet_need_usd,69440104.0,usd,0.84,text_page:severity_money,"database. The State’s unmet need for housing totaled $69,440,104. This figure increases to $79,856,120 when including the resilience"
6,15f-2021-q1.pdf,2015_Floods,15f,2021,1,1,text_page,,209,Hays County,Memorial Day Floods,,severity_unmet_need_usd,79856120.0,usd,0.84,text_page:severity_money,"database. The State’s unmet need for housing totaled $69,440,104. This figure increases to $79,856,120 when including the resilience"
6,15f-2021-q1.pdf,2015_Floods,15f,2021,1,1,text_page,,209,Hays County,Memorial Day Floods,,severity_unmet_need_usd,132391924.0,usd,0.84,text_page:severity_money,"Unmet need as identified by the Small Business Administration (SBA) is $132,391,924 for housing and $23,218,266 for businesses. Per"
6,15f-2021-q1.pdf,2015_Floods,15f,2021,1,1,text_page,,209,Hays County,Memorial Day Floods,,severity_unmet_need_usd,23218266.0,usd,0.84,text_page:severity_money,"Unmet need as identified by the Small Business Administration (SBA) is $132,391,924 for housing and $23,218,266 for businesses. Per"
6,15f-2021-q1.pdf,2015_Floods,15f,2021,1,1,text_page,,209,Hays County,Memorial Day Floods,,severity_unmet_need_usd,315609790.0,usd,0.84,text_page:severity_money,"FEMA and SBA data, unmet need for the state of Texas totals $315,609,790."
38,16f-2021-q1.pdf,2016_Floods,16f,2021,1,1,text_page,,351,Newton County,Over The Past Two Years,,severity_deaths_count,29.0,count,0.9,text_page:killing_pattern,killing 29 Texans and causing significantly more public and private property damage due to the compounding effects of the 2015 floods.
38,16f-2021-q1.pdf,2016_Floods,16f,2021,1,1,text_page,,351,Newton County,Over The Past Two Years,,severity_unmet_need_usd,201341450.0,usd,0.84,text_page:severity_money,"is $201,341,450. This results in the state’s unmet need from public assistance totaling $57,885,667 with a resiliency multiplier of 15 percent."
38,16f-2021-q1.pdf,2016_Floods,16f,2021,1,1,text_page,,351,Newton County,Over The Past Two Years,,severity_unmet_need_usd,57885667.0,usd,0.84,text_page:severity_money,"is $201,341,450. This results in the state’s unmet need from public assistance totaling $57,885,667 with a resiliency multiplier of 15 percent."
38,16f-2021-q1.pdf,2016_Floods,16f,2021,1,1,text_page,,351,Newton County,Over The Past Two Years,,severity_unmet_need_usd,186361160.0,usd,0.84,text_page:severity_money,"$186,361,160. The state’s unmet need relating to FEMA Individual Assistance (IA) is $88,131,592 with a resilience multiplier of 15 percent."
38,16f-2021-q1.pdf,2016_Floods,16f,2021,1,1,text_page,,351,Newton County,Over The Past Two Years,,severity_unmet_need_usd,88131592.0,usd,0.84,text_page:severity_money,"$186,361,160. The state’s unmet need relating to FEMA Individual Assistance (IA) is $88,131,592 with a resilience multiplier of 15 percent."
38,16f-2021-q1.pdf,2016_Floods,16f,2021,1,1,text_page,,351,Newton County,Over The Past Two Years,,severity_unmet_need_usd,309254300.0,usd,0.84,text_page:severity_money,"The unmet need, as identified by the SBA using the total verified loss of households and businesses, is $309,254,300 for housing and"
38,16f-2021-q1.pdf,2016_Floods,16f,2021,1,1,text_page,,351,Newton County,Over The Past Two Years,,severity_unmet_need_usd,13659184.0,usd,0.84,text_page:severity_money,"data and $13,659,184 for business data. FEMA and SBA data alone yield an unmet need for the state of Texas totaling $559,991,968."
38,16f-2021-q1.pdf,2016_Floods,16f,2021,1,1,text_page,,351,Newton County,Over The Past Two Years,,severity_unmet_need_usd,559991968.0,usd,0.84,text_page:severity_money,"data and $13,659,184 for business data. FEMA and SBA data alone yield an unmet need for the state of Texas totaling $559,991,968."
290,ike-2021-q1.pdf,Hurricane_Ike,ike,2021,1,98,text_page,290:97,167,Galveston County,Avenue,,admin_payroll_usd,28.77,usd,0.9,text_page:keyword_money,project. $28.77 - Payroll Allocations
290,ike-2021-q1.pdf,Hurricane_Ike,ike,2021,1,203,text_page,290:202,167,Galveston County,Linear Feet,,admin_payroll_usd,34.67,usd,0.9,text_page:keyword_money,"project. $34.67 - Payroll Allocations / Expenditure Refund for disallowed costs $76,739.14"
290,ike-2021-q1.pdf,Hurricane_Ike,ike,2021,1,203,text_page,290:202,167,Galveston County,Linear Feet,,admin_payroll_usd,76739.14,usd,0.9,text_page:keyword_money,"project. $34.67 - Payroll Allocations / Expenditure Refund for disallowed costs $76,739.14"
290,ike-2021-q1.pdf,Hurricane_Ike,ike,2021,1,264,text_page,290:263,167,Galveston County,Locations For Lmi Residents For The Rehabilitation,,admin_payroll_usd,1023.1,usd,0.9,text_page:keyword_money,"completion. $1,023.1 - Payroll Allocations / Expenditure Refund for disallowed costs $3,913.80"
290,ike-2021-q1.pdf,Hurricane_Ike,ike,2021,1,264,text_page,290:263,167,Galveston County,Locations For Lmi Residents For The Rehabilitation,,admin_payroll_usd,3913.8,usd,0.9,text_page:keyword_money,"completion. $1,023.1 - Payroll Allocations / Expenditure Refund for disallowed costs $3,913.80"
7,15f-2021-q2.pdf,2015_Floods,15f,2021,2,1,text_page,,209,Hays County,Also Known As The Memorial Day Floods,,severity_unmet_need_usd,69689983.0,usd,0.84,text_page:severity_money,"The State’s unmet need for non-housing totals $69,689,983 and increases to $80,143,480 when including a resiliency"
7,15f-2021-q2.pdf,2015_Floods,15f,2021,2,1,text_page,,209,Hays County,Also Known As The Memorial Day Floods,,severity_unmet_need_usd,80143480.0,usd,0.84,text_page:severity_money,"The State’s unmet need for non-housing totals $69,689,983 and increases to $80,143,480 when including a resiliency"
7,15f-2021-q2.pdf,2015_Floods,15f,2021,2,1,text_page,,209,Hays County,Also Known As The Memorial Day Floods,,severity_unmet_need_usd,10453497.0,usd,0.84,text_page:severity_money,"multiplier of 15% ($10,453,497). The data for housing unmet needs comes from TDEM and the National Emergency"
7,15f-2021-q2.pdf,2015_Floods,15f,2021,2,1,text_page,,209,Hays County,Also Known As The Memorial Day Floods,,severity_unmet_need_usd,69440104.0,usd,0.84,text_page:severity_money,"Management Information System (NEMIS) database. The State’s unmet need for housing totaled $69,440,104. This figure"
7,15f-2021-q2.pdf,2015_Floods,15f,2021,2,1,text_page,,209,Hays County,Also Known As The Memorial Day Floods,,severity_unmet_need_usd,132391924.0,usd,0.84,text_page:severity_money,"Unmet need as identified by the Small Business Administration (SBA) is $132,391,924 for housing and $23,218,266 for"
7,15f-2021-q2.pdf,2015_Floods,15f,2021,2,1,text_page,,209,Hays County,Also Known As The Memorial Day Floods,,severity_unmet_need_usd,23218266.0,usd,0.84,text_page:severity_money,"Unmet need as identified by the Small Business Administration (SBA) is $132,391,924 for housing and $23,218,266 for"
7,15f-2021-q2.pdf,2015_Floods,15f,2021,2,1,text_page,,209,Hays County,Also Known As The Memorial Day Floods,,severity_unmet_need_usd,315609790.0,usd,0.84,text_page:severity_money,"businesses. Per FEMA and SBA data, unmet need for the state of Texas totals $315,609,790."
39,16f-2021-q2.pdf,2016_Floods,16f,2021,2,1,text_page,,339,Montgomery County,Over The Past Two Years,,severity_deaths_count,29.0,count,0.9,text_page:killing_pattern,"particular, the recent 2016 events were devastating, killing 29 Texans and causing significantly more public and private"
39,16f-2021-q2.pdf,2016_Floods,16f,2021,2,1,text_page,,339,Montgomery County,Over The Past Two Years,,severity_unmet_need_usd,201341450.0,usd,0.84,text_page:severity_money,"projected cost for damages tied to the 2016 disasters is $201,341,450. This results in the state’s unmet need from public"
39,16f-2021-q2.pdf,2016_Floods,16f,2021,2,1,text_page,,339,Montgomery County,Over The Past Two Years,,severity_unmet_need_usd,186361160.0,usd,0.84,text_page:severity_money,"Verified Loss (FVL) is $186,361,160. The state’s unmet need relating to FEMA Individual Assistance (IA) is $88,131,592 with a"
39,16f-2021-q2.pdf,2016_Floods,16f,2021,2,1,text_page,,339,Montgomery County,Over The Past Two Years,,severity_unmet_need_usd,88131592.0,usd,0.84,text_page:severity_money,"Verified Loss (FVL) is $186,361,160. The state’s unmet need relating to FEMA Individual Assistance (IA) is $88,131,592 with a"
39,16f-2021-q2.pdf,2016_Floods,16f,2021,2,1,text_page,,339,Montgomery County,Over The Past Two Years,,severity_unmet_need_usd,309254300.0,usd,0.84,text_page:severity_money,"The unmet need, as identified by the SBA using the total verified loss of households and businesses, is $309,254,300 for"
39,16f-2021-q2.pdf,2016_Floods,16f,2021,2,1,text_page,,339,Montgomery County,Over The Past Two Years,,severity_unmet_need_usd,40337517.0,usd,0.84,text_page:severity_money,"totaling $40,337,517 for housing data and $13,659,184 for business data. FEMA and SBA data alone yield an unmet need for"
39,16f-2021-q2.pdf,2016_Floods,16f,2021,2,1,text_page,,339,Montgomery County,Over The Past Two Years,,severity_unmet_need_usd,13659184.0,usd,0.84,text_page:severity_money,"totaling $40,337,517 for housing data and $13,659,184 for business data. FEMA and SBA data alone yield an unmet need for"
8,15f-2021-q3.pdf,2015_Floods,15f,2021,3,1,text_page,,209,Hays County,Also Known As The Memorial Day Floods,,severity_unmet_need_usd,69689983.0,usd,0.84,text_page:severity_money,"The State’s unmet need for non-housing totals $69,689,983 and increases to $80,143,480 when including a resiliency"
8,15f-2021-q3.pdf,2015_Floods,15f,2021,3,1,text_page,,209,Hays County,Also Known As The Memorial Day Floods,,severity_unmet_need_usd,80143480.0,usd,0.84,text_page:severity_money,"The State’s unmet need for non-housing totals $69,689,983 and increases to $80,143,480 when including a resiliency"
8,15f-2021-q3.pdf,2015_Floods,15f,2021,3,1,text_page,,209,Hays County,Also Known As The Memorial Day Floods,,severity_unmet_need_usd,10453497.0,usd,0.84,text_page:severity_money,"multiplier of 15% ($10,453,497). The data for housing unmet needs comes from TDEM and the National Emergency"
8,15f-2021-q3.pdf,2015_Floods,15f,2021,3,1,text_page,,209,Hays County,Also Known As The Memorial Day Floods,,severity_unmet_need_usd,69440104.0,usd,0.84,text_page:severity_money,"Management Information System (NEMIS) database. The State’s unmet need for housing totaled $69,440,104. This figure"
8,15f-2021-q3.pdf,2015_Floods,15f,2021,3,1,text_page,,209,Hays County,Also Known As The Memorial Day Floods,,severity_unmet_need_usd,132391924.0,usd,0.84,text_page:severity_money,"Unmet need as identified by the Small Business Administration (SBA) is $132,391,924 for housing and $23,218,266 for"
8,15f-2021-q3.pdf,2015_Floods,15f,2021,3,1,text_page,,209,Hays County,Also Known As The Memorial Day Floods,,severity_unmet_need_usd,23218266.0,usd,0.84,text_page:severity_money,"Unmet need as identified by the Small Business Administration (SBA) is $132,391,924 for housing and $23,218,266 for"
8,15f-2021-q3.pdf,2015_Floods,15f,2021,3,1,text_page,,209,Hays County,Also Known As The Memorial Day Floods,,severity_unmet_need_usd,315609790.0,usd,0.84,text_page:severity_money,"businesses. Per FEMA and SBA data, unmet need for the state of Texas totals $315,609,790."
40,16f-2021-q3.pdf,2016_Floods,16f,2021,3,1,text_page,,339,Montgomery County,Over The Past Two Years,,severity_deaths_count,29.0,count,0.9,text_page:killing_pattern,"particular, the recent 2016 events were devastating, killing 29 Texans and causing significantly more public and private"
40,16f-2021-q3.pdf,2016_Floods,16f,2021,3,1,text_page,,339,Montgomery County,Over The Past Two Years,,severity_unmet_need_usd,201341450.0,usd,0.84,text_page:severity_money,"projected cost for damages tied to the 2016 disasters is $201,341,450. This results in the state’s unmet need from public"
40,16f-2021-q3.pdf,2016_Floods,16f,2021,3,1,text_page,,339,Montgomery County,Over The Past Two Years,,severity_unmet_need_usd,186361160.0,usd,0.84,text_page:severity_money,"Verified Loss (FVL) is $186,361,160. The state’s unmet need relating to FEMA Individual Assistance (IA) is $88,131,592 with a"
40,16f-2021-q3.pdf,2016_Floods,16f,2021,3,1,text_page,,339,Montgomery County,Over The Past Two Years,,severity_unmet_need_usd,88131592.0,usd,0.84,text_page:severity_money,"Verified Loss (FVL) is $186,361,160. The state’s unmet need relating to FEMA Individual Assistance (IA) is $88,131,592 with a"
40,16f-2021-q3.pdf,2016_Floods,16f,2021,3,1,text_page,,339,Montgomery County,Over The Past Two Years,,severity_unmet_need_usd,309254300.0,usd,0.84,text_page:severity_money,"The unmet need, as identified by the SBA using the total verified loss of households and businesses, is $309,254,300 for"
40,16f-2021-q3.pdf,2016_Floods,16f,2021,3,1,text_page,,339,Montgomery County,Over The Past Two Years,,severity_unmet_need_usd,40337517.0,usd,0.84,text_page:severity_money,"totaling $40,337,517 for housing data and $13,659,184 for business data. FEMA and SBA data alone yield an unmet need for"
40,16f-2021-q3.pdf,2016_Floods,16f,2021,3,1,text_page,,339,Montgomery County,Over The Past Two Years,,severity_unmet_need_usd,13659184.0,usd,0.84,text_page:severity_money,"totaling $40,337,517 for housing data and $13,659,184 for business data. FEMA and SBA data alone yield an unmet need for"
78,drgr-2018-south-texas-floods-2021-q3.pdf,2018_Floods_ActionPlan,2018-south-texas-floods,2021,3,1,text_page,,249,Jim Wells County,According To The National Weather Service,,affected_population_persons,20000.0,count,0.76,text_page:affected_after,"sinkholes and deep water that stalled vehicles. Additionally, at least 20,000 residents and businesses were impacted by the"
82,2018-floods-2021-q3.pdf,2018_Floods_Performance,2018-floods,2021,3,1,text_page,,249,Jim Wells County,According To The National Weather Service,,affected_population_persons,20000.0,count,0.76,text_page:affected_after,"sinkholes and deep water that stalled vehicles. Additionally, at least 20,000 residents and businesses were impacted by the"
9,15f-2021-q4.pdf,2015_Floods,15f,2021,4,1,text_page,,209,Hays County,Also Known As The Memorial Day Floods,,severity_unmet_need_usd,69689983.0,usd,0.84,text_page:severity_money,"The State’s unmet need for non-housing totals $69,689,983 and increases to $80,143,480 when including a resiliency"
9,15f-2021-q4.pdf,2015_Floods,15f,2021,4,1,text_page,,209,Hays County,Also Known As The Memorial Day Floods,,severity_unmet_need_usd,80143480.0,usd,0.84,text_page:severity_money,"The State’s unmet need for non-housing totals $69,689,983 and increases to $80,143,480 when including a resiliency"
9,15f-2021-q4.pdf,2015_Floods,15f,2021,4,1,text_page,,209,Hays County,Also Known As The Memorial Day Floods,,severity_unmet_need_usd,10453497.0,usd,0.84,text_page:severity_money,"multiplier of 15% ($10,453,497). The data for housing unmet needs comes from TDEM and the National Emergency"
9,15f-2021-q4.pdf,2015_Floods,15f,2021,4,1,text_page,,209,Hays County,Also Known As The Memorial Day Floods,,severity_unmet_need_usd,69440104.0,usd,0.84,text_page:severity_money,"Management Information System (NEMIS) database. The State’s unmet need for housing totaled $69,440,104. This figure"
9,15f-2021-q4.pdf,2015_Floods,15f,2021,4,1,text_page,,209,Hays County,Also Known As The Memorial Day Floods,,severity_unmet_need_usd,132391924.0,usd,0.84,text_page:severity_money,"Unmet need as identified by the Small Business Administration (SBA) is $132,391,924 for housing and $23,218,266 for"
9,15f-2021-q4.pdf,2015_Floods,15f,2021,4,1,text_page,,209,Hays County,Also Known As The Memorial Day Floods,,severity_unmet_need_usd,23218266.0,usd,0.84,text_page:severity_money,"Unmet need as identified by the Small Business Administration (SBA) is $132,391,924 for housing and $23,218,266 for"
9,15f-2021-q4.pdf,2015_Floods,15f,2021,4,1,text_page,,209,Hays County,Also Known As The Memorial Day Floods,,severity_unmet_need_usd,315609790.0,usd,0.84,text_page:severity_money,"businesses. Per FEMA and SBA data, unmet need for the state of Texas totals $315,609,790."
41,16f-2021-q4.pdf,2016_Floods,16f,2021,4,1,text_page,,351,Newton County,Over The Past Two Years,,severity_deaths_count,29.0,count,0.9,text_page:killing_pattern,"particular, the recent 2016 events were devastating, killing 29 Texans and causing significantly more public and private"
41,16f-2021-q4.pdf,2016_Floods,16f,2021,4,1,text_page,,351,Newton County,Over The Past Two Years,,severity_unmet_need_usd,201341450.0,usd,0.84,text_page:severity_money,"projected cost for damages tied to the 2016 disasters is $201,341,450. This results in the state’s unmet need from public"
41,16f-2021-q4.pdf,2016_Floods,16f,2021,4,1,text_page,,351,Newton County,Over The Past Two Years,,severity_unmet_need_usd,186361160.0,usd,0.84,text_page:severity_money,"Verified Loss (FVL) is $186,361,160. The state’s unmet need relating to FEMA Individual Assistance (IA) is $88,131,592 with a"
41,16f-2021-q4.pdf,2016_Floods,16f,2021,4,1,text_page,,351,Newton County,Over The Past Two Years,,severity_unmet_need_usd,88131592.0,usd,0.84,text_page:severity_money,"Verified Loss (FVL) is $186,361,160. The state’s unmet need relating to FEMA Individual Assistance (IA) is $88,131,592 with a"
41,16f-2021-q4.pdf,2016_Floods,16f,2021,4,1,text_page,,351,Newton County,Over The Past Two Years,,severity_unmet_need_usd,309254300.0,usd,0.84,text_page:severity_money,"The unmet need, as identified by the SBA using the total verified loss of households and businesses, is $309,254,300 for"
41,16f-2021-q4.pdf,2016_Floods,16f,2021,4,1,text_page,,351,Newton County,Over The Past Two Years,,severity_unmet_need_usd,40337517.0,usd,0.84,text_page:severity_money,"totaling $40,337,517 for housing data and $13,659,184 for business data. FEMA and SBA data alone yield an unmet need for"
41,16f-2021-q4.pdf,2016_Floods,16f,2021,4,1,text_page,,351,Newton County,Over The Past Two Years,,severity_unmet_need_usd,13659184.0,usd,0.84,text_page:severity_money,"totaling $40,337,517 for housing data and $13,659,184 for business data. FEMA and SBA data alone yield an unmet need for"
79,drgr-2018-south-texas-floods-2021-q4.pdf,2018_Floods_ActionPlan,2018-south-texas-floods,2021,4,1,text_page,,249,Jim Wells County,According To The National Weather Service,,affected_population_persons,20000.0,count,0.76,text_page:affected_after,"sinkholes and deep water that stalled vehicles. Additionally, at least 20,000 residents and businesses were impacted by the"
83,2018-floods-2021-q4.pdf,2018_Floods_Performance,2018-floods,2021,4,1,text_page,,249,Jim Wells County,According To The National Weather Service,,affected_population_persons,20000.0,count,0.76,text_page:affected_after,"sinkholes and deep water that stalled vehicles. Additionally, at least 20,000 residents and businesses were impacted by the"
359,drgr-mit-2021-q4.pdf,Mitigation_ActionPlan,mit,2021,4,94,text_page,359:93,215,Hidalgo County,City Of La Marque Shall Elevate,,admin_payroll_usd,2250000.0,usd,0.78,text_page:keyword_money,additional equipment for the WWTP to increase capacity by 2.25 million gallons per day of sewage flow. City of La
379,mit-2021-q4.pdf,Mitigation_Performance,mit,2021,4,87,text_page,379:87,215,Hidalgo County,La Marque,,admin_payroll_usd,2250000.0,usd,0.78,text_page:keyword_money,additional equipment for the WWTP to increase capacity by 2.25 million gallons per day of sewage flow. City of La
10,15f-2022-q1.pdf,2015_Floods,15f,2022,1,1,text_page,,209,Hays County,Also Known As The Memorial Day Floods,,severity_unmet_need_usd,69689983.0,usd,0.84,text_page:severity_money,"The State’s unmet need for non-housing totals $69,689,983 and increases to $80,143,480 when including a resiliency"
10,15f-2022-q1.pdf,2015_Floods,15f,2022,1,1,text_page,,209,Hays County,Also Known As The Memorial Day Floods,,severity_unmet_need_usd,80143480.0,usd,0.84,text_page:severity_money,"The State’s unmet need for non-housing totals $69,689,983 and increases to $80,143,480 when including a resiliency"
10,15f-2022-q1.pdf,2015_Floods,15f,2022,1,1,text_page,,209,Hays County,Also Known As The Memorial Day Floods,,severity_unmet_need_usd,10453497.0,usd,0.84,text_page:severity_money,"multiplier of 15% ($10,453,497). The data for housing unmet needs comes from TDEM and the National Emergency"
10,15f-2022-q1.pdf,2015_Floods,15f,2022,1,1,text_page,,209,Hays County,Also Known As The Memorial Day Floods,,severity_unmet_need_usd,69440104.0,usd,0.84,text_page:severity_money,"Management Information System (NEMIS) database. The State’s unmet need for housing totaled $69,440,104. This figure"
10,15f-2022-q1.pdf,2015_Floods,15f,2022,1,1,text_page,,209,Hays County,Also Known As The Memorial Day Floods,,severity_unmet_need_usd,132391924.0,usd,0.84,text_page:severity_money,"Unmet need as identified by the Small Business Administration (SBA) is $132,391,924 for housing and $23,218,266 for"
10,15f-2022-q1.pdf,2015_Floods,15f,2022,1,1,text_page,,209,Hays County,Also Known As The Memorial Day Floods,,severity_unmet_need_usd,23218266.0,usd,0.84,text_page:severity_money,"Unmet need as identified by the Small Business Administration (SBA) is $132,391,924 for housing and $23,218,266 for"
10,15f-2022-q1.pdf,2015_Floods,15f,2022,1,1,text_page,,209,Hays County,Also Known As The Memorial Day Floods,,severity_unmet_need_usd,315609790.0,usd,0.84,text_page:severity_money,"businesses. Per FEMA and SBA data, unmet need for the state of Texas totals $315,609,790."
42,16f-2022-q1.pdf,2016_Floods,16f,2022,1,1,text_page,,201,Harris County,Over The Past Two Years,,severity_deaths_count,29.0,count,0.9,text_page:killing_pattern,"particular, the recent 2016 events were devastating, killing 29 Texans and causing significantly more public and private"
42,16f-2022-q1.pdf,2016_Floods,16f,2022,1,1,text_page,,201,Harris County,Over The Past Two Years,,severity_unmet_need_usd,201341450.0,usd,0.84,text_page:severity_money,"projected cost for damages tied to the 2016 disasters is $201,341,450. This results in the state’s unmet need from public"
42,16f-2022-q1.pdf,2016_Floods,16f,2022,1,1,text_page,,201,Harris County,Over The Past Two Years,,severity_unmet_need_usd,186361160.0,usd,0.84,text_page:severity_money,"Verified Loss (FVL) is $186,361,160. The state’s unmet need relating to FEMA Individual Assistance (IA) is $88,131,592 with a"
42,16f-2022-q1.pdf,2016_Floods,16f,2022,1,1,text_page,,201,Harris County,Over The Past Two Years,,severity_unmet_need_usd,88131592.0,usd,0.84,text_page:severity_money,"Verified Loss (FVL) is $186,361,160. The state’s unmet need relating to FEMA Individual Assistance (IA) is $88,131,592 with a"
42,16f-2022-q1.pdf,2016_Floods,16f,2022,1,1,text_page,,201,Harris County,Over The Past Two Years,,severity_unmet_need_usd,309254300.0,usd,0.84,text_page:severity_money,"The unmet need, as identified by the SBA using the total verified loss of households and businesses, is $309,254,300 for"
42,16f-2022-q1.pdf,2016_Floods,16f,2022,1,1,text_page,,201,Harris County,Over The Past Two Years,,severity_unmet_need_usd,40337517.0,usd,0.84,text_page:severity_money,"totaling $40,337,517 for housing data and $13,659,184 for business data. FEMA and SBA data alone yield an unmet need for"
42,16f-2022-q1.pdf,2016_Floods,16f,2022,1,1,text_page,,201,Harris County,Over The Past Two Years,,severity_unmet_need_usd,13659184.0,usd,0.84,text_page:severity_money,"totaling $40,337,517 for housing data and $13,659,184 for business data. FEMA and SBA data alone yield an unmet need for"
80,drgr-2018-south-texas-floods-2022-q1.pdf,2018_Floods_ActionPlan,2018-south-texas-floods,2022,1,1,text_page,,249,Jim Wells County,According To The National Weather Service,,affected_population_persons,20000.0,count,0.76,text_page:affected_after,"sinkholes and deep water that stalled vehicles. Additionally, at least 20,000 residents and businesses were impacted by the"
84,2018-floods-2022-q1.pdf,2018_Floods_Performance,2018-floods,2022,1,1,text_page,,249,Jim Wells County,According To The National Weather Service,,affected_population_persons,20000.0,count,0.76,text_page:affected_after,"sinkholes and deep water that stalled vehicles. Additionally, at least 20,000 residents and businesses were impacted by the"
177,hh57m-2022-q1.pdf,Harvey_57M_Performance,hh57m,2022,1,6,text_page,177:6,201,Harris County,Developers Will Rehabilitate,,admin_payroll_usd,2420.61,usd,0.9,text_page:keyword_money,"Q3 2022. $2,420.61 - Payroll Allocations."
177,hh57m-2022-q1.pdf,Harvey_57M_Performance,hh57m,2022,1,8,text_page,177:8,201,Harris County,During The Reporting Period,,admin_payroll_usd,241.95,usd,0.9,text_page:keyword_money,$241.95 - Payroll Allocations.
360,drgr-mit-2022-q1.pdf,Mitigation_ActionPlan,mit,2022,1,97,text_page,360:96,215,Hidalgo County,City Of La Marque Shall Elevate,,admin_payroll_usd,2250000.0,usd,0.78,text_page:keyword_money,additional equipment for the WWTP to increase capacity by 2.25 million gallons per day of sewage flow. City of La
428,wf1-2022-q1.pdf,Wildfire_I,wf1,2022,1,6,text_page,428:5,021,Bastrop County,Infrastructure Materials,,admin_payroll_usd,24.44,usd,0.9,text_page:keyword_money,project. $24.44 - Payroll Allocations.
428,wf1-2022-q1.pdf,Wildfire_I,wf1,2022,1,7,text_page,428:7,021,Bastrop County,Acquisition,,admin_payroll_usd,24.44,usd,0.9,text_page:keyword_money,and Equipment project. $24.44 - Payroll Allocations.
428,wf1-2022-q1.pdf,Wildfire_I,wf1,2022,1,10,text_page,428:9,021,Bastrop County,In Bastrop,,admin_payroll_usd,24.44,usd,0.9,text_page:keyword_money,project. $24.44 - Payroll Allocations.
428,wf1-2022-q1.pdf,Wildfire_I,wf1,2022,1,11,text_page,428:11,021,Bastrop County,A,,admin_payroll_usd,24.44,usd,0.9,text_page:keyword_money,project. $24.44 - Payroll Allocations.
428,wf1-2022-q1.pdf,Wildfire_I,wf1,2022,1,14,text_page,428:13,021,Bastrop County,Court,,admin_payroll_usd,24.44,usd,0.9,text_page:keyword_money,project. $24.44 - Payroll Allocations.
428,wf1-2022-q1.pdf,Wildfire_I,wf1,2022,1,15,text_page,428:15,021,Bastrop County,Acquisition,,admin_payroll_usd,24.44,usd,0.9,text_page:keyword_money,Facilities/Community Centers project. $24.44 - Payroll Allocations.
428,wf1-2022-q1.pdf,Wildfire_I,wf1,2022,1,17,text_page,428:17,021,Bastrop County,Acquisition,,admin_payroll_usd,24.44,usd,0.9,text_page:keyword_money,Facilities/Community Centers project. $24.44 - Payroll Allocations.
428,wf1-2022-q1.pdf,Wildfire_I,wf1,2022,1,19,text_page,428:19,021,Bastrop County,Acquisition,,admin_payroll_usd,24.44,usd,0.9,text_page:keyword_money,Facilities/Community Centers project. $24.44 - Payroll Allocations.
11,15f-2022-q2.pdf,2015_Floods,15f,2022,2,1,text_page,,209,Hays County,Also Known As The Memorial Day Floods,,severity_unmet_need_usd,69689983.0,usd,0.84,text_page:severity_money,"The State’s unmet need for non-housing totals $69,689,983 and increases to $80,143,480 when including a resiliency"
11,15f-2022-q2.pdf,2015_Floods,15f,2022,2,1,text_page,,209,Hays County,Also Known As The Memorial Day Floods,,severity_unmet_need_usd,80143480.0,usd,0.84,text_page:severity_money,"The State’s unmet need for non-housing totals $69,689,983 and increases to $80,143,480 when including a resiliency"
11,15f-2022-q2.pdf,2015_Floods,15f,2022,2,1,text_page,,209,Hays County,Also Known As The Memorial Day Floods,,severity_unmet_need_usd,10453497.0,usd,0.84,text_page:severity_money,"multiplier of 15% ($10,453,497). The data for housing unmet needs comes from TDEM and the National Emergency"
11,15f-2022-q2.pdf,2015_Floods,15f,2022,2,1,text_page,,209,Hays County,Also Known As The Memorial Day Floods,,severity_unmet_need_usd,69440104.0,usd,0.84,text_page:severity_money,"Management Information System (NEMIS) database. The State’s unmet need for housing totaled $69,440,104. This figure"
11,15f-2022-q2.pdf,2015_Floods,15f,2022,2,1,text_page,,209,Hays County,Also Known As The Memorial Day Floods,,severity_unmet_need_usd,132391924.0,usd,0.84,text_page:severity_money,"Unmet need as identified by the Small Business Administration (SBA) is $132,391,924 for housing and $23,218,266 for"
11,15f-2022-q2.pdf,2015_Floods,15f,2022,2,1,text_page,,209,Hays County,Also Known As The Memorial Day Floods,,severity_unmet_need_usd,23218266.0,usd,0.84,text_page:severity_money,"Unmet need as identified by the Small Business Administration (SBA) is $132,391,924 for housing and $23,218,266 for"
11,15f-2022-q2.pdf,2015_Floods,15f,2022,2,1,text_page,,209,Hays County,Also Known As The Memorial Day Floods,,severity_unmet_need_usd,315609790.0,usd,0.84,text_page:severity_money,"businesses. Per FEMA and SBA data, unmet need for the state of Texas totals $315,609,790."
43,16f-2022-q2.pdf,2016_Floods,16f,2022,2,1,text_page,,351,Newton County,Over The Past Two Years,,severity_deaths_count,29.0,count,0.9,text_page:killing_pattern,"particular, the recent 2016 events were devastating, killing 29 Texans and causing significantly more public and private"
43,16f-2022-q2.pdf,2016_Floods,16f,2022,2,1,text_page,,351,Newton County,Over The Past Two Years,,severity_unmet_need_usd,201341450.0,usd,0.84,text_page:severity_money,"projected cost for damages tied to the 2016 disasters is $201,341,450. This results in the state’s unmet need from public"
43,16f-2022-q2.pdf,2016_Floods,16f,2022,2,1,text_page,,351,Newton County,Over The Past Two Years,,severity_unmet_need_usd,186361160.0,usd,0.84,text_page:severity_money,"Verified Loss (FVL) is $186,361,160. The state’s unmet need relating to FEMA Individual Assistance (IA) is $88,131,592 with a"
43,16f-2022-q2.pdf,2016_Floods,16f,2022,2,1,text_page,,351,Newton County,Over The Past Two Years,,severity_unmet_need_usd,88131592.0,usd,0.84,text_page:severity_money,"Verified Loss (FVL) is $186,361,160. The state’s unmet need relating to FEMA Individual Assistance (IA) is $88,131,592 with a"
43,16f-2022-q2.pdf,2016_Floods,16f,2022,2,1,text_page,,351,Newton County,Over The Past Two Years,,severity_unmet_need_usd,309254300.0,usd,0.84,text_page:severity_money,"The unmet need, as identified by the SBA using the total verified loss of households and businesses, is $309,254,300 for"
43,16f-2022-q2.pdf,2016_Floods,16f,2022,2,1,text_page,,351,Newton County,Over The Past Two Years,,severity_unmet_need_usd,40337517.0,usd,0.84,text_page:severity_money,"totaling $40,337,517 for housing data and $13,659,184 for business data. FEMA and SBA data alone yield an unmet need for"
43,16f-2022-q2.pdf,2016_Floods,16f,2022,2,1,text_page,,351,Newton County,Over The Past Two Years,,severity_unmet_need_usd,13659184.0,usd,0.84,text_page:severity_money,"totaling $40,337,517 for housing data and $13,659,184 for business data. FEMA and SBA data alone yield an unmet need for"
81,drgr-2018-south-texas-floods-2022-q2.pdf,2018_Floods_ActionPlan,2018-south-texas-floods,2022,2,1,text_page,,249,Jim Wells County,According To The National Weather Service,,affected_population_persons,20000.0,count,0.76,text_page:affected_after,"sinkholes and deep water that stalled vehicles. Additionally, at least 20,000 residents and businesses were impacted by the"
85,2018-floods-2022-q2.pdf,2018_Floods_Performance,2018-floods,2022,2,1,text_page,,249,Jim Wells County,According To The National Weather Service,,affected_population_persons,20000.0,count,0.76,text_page:affected_after,"sinkholes and deep water that stalled vehicles. Additionally, at least 20,000 residents and businesses were impacted by the"
361,drgr-mit-2022-q2.pdf,Mitigation_ActionPlan,mit,2022,2,105,text_page,361:104,021,Bastrop County,City Of La Marque Shall Elevate,,admin_payroll_usd,2250000.0,usd,0.78,text_page:keyword_money,additional equipment for the WWTP to increase capacity by 2.25 million gallons per day of sewage flow. City of La
381,mit-2022-q2.pdf,Mitigation_Performance,mit,2022,2,74,text_page,381:74,241,Jasper County,La Marque,,admin_payroll_usd,2250000.0,usd,0.78,text_page:keyword_money,additional equipment for the WWTP to increase capacity by 2.25 million gallons per day of sewage flow. City of La
12,15f-2022-q3.pdf,2015_Floods,15f,2022,3,1,text_page,,209,Hays County,Also Known As The Memorial Day Floods,,severity_unmet_need_usd,69689983.0,usd,0.84,text_page:severity_money,"The State’s unmet need for non-housing totals $69,689,983 and increases to $80,143,480 when including a resiliency"
12,15f-2022-q3.pdf,2015_Floods,15f,2022,3,1,text_page,,209,Hays County,Also Known As The Memorial Day Floods,,severity_unmet_need_usd,80143480.0,usd,0.84,text_page:severity_money,"The State’s unmet need for non-housing totals $69,689,983 and increases to $80,143,480 when including a resiliency"
12,15f-2022-q3.pdf,2015_Floods,15f,2022,3,1,text_page,,209,Hays County,Also Known As The Memorial Day Floods,,severity_unmet_need_usd,10453497.0,usd,0.84,text_page:severity_money,"multiplier of 15% ($10,453,497). The data for housing unmet needs comes from TDEM and the National Emergency"
12,15f-2022-q3.pdf,2015_Floods,15f,2022,3,1,text_page,,209,Hays County,Also Known As The Memorial Day Floods,,severity_unmet_need_usd,69440104.0,usd,0.84,text_page:severity_money,"Management Information System (NEMIS) database. The State’s unmet need for housing totaled $69,440,104. This figure"
12,15f-2022-q3.pdf,2015_Floods,15f,2022,3,1,text_page,,209,Hays County,Also Known As The Memorial Day Floods,,severity_unmet_need_usd,132391924.0,usd,0.84,text_page:severity_money,"Unmet need as identified by the Small Business Administration (SBA) is $132,391,924 for housing and $23,218,266 for"
12,15f-2022-q3.pdf,2015_Floods,15f,2022,3,1,text_page,,209,Hays County,Also Known As The Memorial Day Floods,,severity_unmet_need_usd,23218266.0,usd,0.84,text_page:severity_money,"Unmet need as identified by the Small Business Administration (SBA) is $132,391,924 for housing and $23,218,266 for"
12,15f-2022-q3.pdf,2015_Floods,15f,2022,3,1,text_page,,209,Hays County,Also Known As The Memorial Day Floods,,severity_unmet_need_usd,315609790.0,usd,0.84,text_page:severity_money,"businesses. Per FEMA and SBA data, unmet need for the state of Texas totals $315,609,790."
44,16f-2022-q3.pdf,2016_Floods,16f,2022,3,1,text_page,,339,Montgomery County,Over The Past Two Years,,severity_deaths_count,29.0,count,0.9,text_page:killing_pattern,"particular, the recent 2016 events were devastating, killing 29 Texans and causing significantly more public and private"
44,16f-2022-q3.pdf,2016_Floods,16f,2022,3,1,text_page,,339,Montgomery County,Over The Past Two Years,,severity_unmet_need_usd,201341450.0,usd,0.84,text_page:severity_money,"projected cost for damages tied to the 2016 disasters is $201,341,450. This results in the state’s unmet need from public"
44,16f-2022-q3.pdf,2016_Floods,16f,2022,3,1,text_page,,339,Montgomery County,Over The Past Two Years,,severity_unmet_need_usd,186361160.0,usd,0.84,text_page:severity_money,"Verified Loss (FVL) is $186,361,160. The state’s unmet need relating to FEMA Individual Assistance (IA) is $88,131,592 with a"
44,16f-2022-q3.pdf,2016_Floods,16f,2022,3,1,text_page,,339,Montgomery County,Over The Past Two Years,,severity_unmet_need_usd,88131592.0,usd,0.84,text_page:severity_money,"Verified Loss (FVL) is $186,361,160. The state’s unmet need relating to FEMA Individual Assistance (IA) is $88,131,592 with a"
44,16f-2022-q3.pdf,2016_Floods,16f,2022,3,1,text_page,,339,Montgomery County,Over The Past Two Years,,severity_unmet_need_usd,309254300.0,usd,0.84,text_page:severity_money,"The unmet need, as identified by the SBA using the total verified loss of households and businesses, is $309,254,300 for"
44,16f-2022-q3.pdf,2016_Floods,16f,2022,3,1,text_page,,339,Montgomery County,Over The Past Two Years,,severity_unmet_need_usd,40337517.0,usd,0.84,text_page:severity_money,"totaling $40,337,517 for housing data and $13,659,184 for business data. FEMA and SBA data alone yield an unmet need for"
44,16f-2022-q3.pdf,2016_Floods,16f,2022,3,1,text_page,,339,Montgomery County,Over The Past Two Years,,severity_unmet_need_usd,13659184.0,usd,0.84,text_page:severity_money,"totaling $40,337,517 for housing data and $13,659,184 for business data. FEMA and SBA data alone yield an unmet need for"
64,drgr-2018-floods-2022-q3.pdf,2018_Floods_ActionPlan,2018-floods,2022,3,1,text_page,,249,Jim Wells County,According To The National Weather Service,,affected_population_persons,20000.0,count,0.76,text_page:affected_after,"sinkholes and deep water that stalled vehicles. Additionally, at least 20,000 residents and businesses were impacted by the"
86,2018-floods-2022-q3.pdf,2018_Floods_Performance,2018-floods,2022,3,1,text_page,,249,Jim Wells County,According To The National Weather Service,,affected_population_persons,20000.0,count,0.76,text_page:affected_after,"sinkholes and deep water that stalled vehicles. Additionally, at least 20,000 residents and businesses were impacted by the"
362,drgr-mit-2022-q3.pdf,Mitigation_ActionPlan,mit,2022,3,116,text_page,362:115,201,Harris County,City Of La Marque Shall Elevate,,admin_payroll_usd,2250000.0,usd,0.78,text_page:keyword_money,additional equipment for the WWTP to increase capacity by 2.25 million gallons per day of sewage flow. City of La
13,15f-2022-q4.pdf,2015_Floods,15f,2022,4,1,text_page,,351,Newton County,Also Known As The Memorial Day Floods,,severity_unmet_need_usd,69689983.0,usd,0.84,text_page:severity_money,"The State’s unmet need for non-housing totals $69,689,983 and increases to $80,143,480 when including a resiliency"
13,15f-2022-q4.pdf,2015_Floods,15f,2022,4,1,text_page,,351,Newton County,Also Known As The Memorial Day Floods,,severity_unmet_need_usd,80143480.0,usd,0.84,text_page:severity_money,"The State’s unmet need for non-housing totals $69,689,983 and increases to $80,143,480 when including a resiliency"
13,15f-2022-q4.pdf,2015_Floods,15f,2022,4,1,text_page,,351,Newton County,Also Known As The Memorial Day Floods,,severity_unmet_need_usd,10453497.0,usd,0.84,text_page:severity_money,"multiplier of 15% ($10,453,497). The data for housing unmet needs comes from TDEM and the National Emergency"
13,15f-2022-q4.pdf,2015_Floods,15f,2022,4,1,text_page,,351,Newton County,Also Known As The Memorial Day Floods,,severity_unmet_need_usd,69440104.0,usd,0.84,text_page:severity_money,"Management Information System (NEMIS) database. The State’s unmet need for housing totaled $69,440,104. This figure"
13,15f-2022-q4.pdf,2015_Floods,15f,2022,4,1,text_page,,351,Newton County,Also Known As The Memorial Day Floods,,severity_unmet_need_usd,132391924.0,usd,0.84,text_page:severity_money,"Unmet need as identified by the Small Business Administration (SBA) is $132,391,924 for housing and $23,218,266 for"
13,15f-2022-q4.pdf,2015_Floods,15f,2022,4,1,text_page,,351,Newton County,Also Known As The Memorial Day Floods,,severity_unmet_need_usd,23218266.0,usd,0.84,text_page:severity_money,"Unmet need as identified by the Small Business Administration (SBA) is $132,391,924 for housing and $23,218,266 for"
13,15f-2022-q4.pdf,2015_Floods,15f,2022,4,1,text_page,,351,Newton County,Also Known As The Memorial Day Floods,,severity_unmet_need_usd,315609790.0,usd,0.84,text_page:severity_money,"businesses. Per FEMA and SBA data, unmet need for the state of Texas totals $315,609,790."
45,16f-2022-q4.pdf,2016_Floods,16f,2022,4,1,text_page,,351,Newton County,Over The Past Two Years,,severity_deaths_count,29.0,count,0.9,text_page:killing_pattern,"particular, the recent 2016 events were devastating, killing 29 Texans and causing significantly more public and private"
45,16f-2022-q4.pdf,2016_Floods,16f,2022,4,1,text_page,,351,Newton County,Over The Past Two Years,,severity_unmet_need_usd,201341450.0,usd,0.84,text_page:severity_money,"projected cost for damages tied to the 2016 disasters is $201,341,450. This results in the state’s unmet need from public"
45,16f-2022-q4.pdf,2016_Floods,16f,2022,4,1,text_page,,351,Newton County,Over The Past Two Years,,severity_unmet_need_usd,186361160.0,usd,0.84,text_page:severity_money,"Verified Loss (FVL) is $186,361,160. The state’s unmet need relating to FEMA Individual Assistance (IA) is $88,131,592 with a"
45,16f-2022-q4.pdf,2016_Floods,16f,2022,4,1,text_page,,351,Newton County,Over The Past Two Years,,severity_unmet_need_usd,88131592.0,usd,0.84,text_page:severity_money,"Verified Loss (FVL) is $186,361,160. The state’s unmet need relating to FEMA Individual Assistance (IA) is $88,131,592 with a"
45,16f-2022-q4.pdf,2016_Floods,16f,2022,4,1,text_page,,351,Newton County,Over The Past Two Years,,severity_unmet_need_usd,309254300.0,usd,0.84,text_page:severity_money,"The unmet need, as identified by the SBA using the total verified loss of households and businesses, is $309,254,300 for"
45,16f-2022-q4.pdf,2016_Floods,16f,2022,4,1,text_page,,351,Newton County,Over The Past Two Years,,severity_unmet_need_usd,40337517.0,usd,0.84,text_page:severity_money,"totaling $40,337,517 for housing data and $13,659,184 for business data. FEMA and SBA data alone yield an unmet need for"
45,16f-2022-q4.pdf,2016_Floods,16f,2022,4,1,text_page,,351,Newton County,Over The Past Two Years,,severity_unmet_need_usd,13659184.0,usd,0.84,text_page:severity_money,"totaling $40,337,517 for housing data and $13,659,184 for business data. FEMA and SBA data alone yield an unmet need for"
65,drgr-2018-floods-2022-q4.pdf,2018_Floods_ActionPlan,2018-floods,2022,4,1,text_page,,249,Jim Wells County,According To The National Weather Service,,affected_population_persons,20000.0,count,0.76,text_page:affected_after,"sinkholes and deep water that stalled vehicles. Additionally, at least 20,000 residents and businesses were impacted by the"
87,2018-floods-2022-q4.pdf,2018_Floods_Performance,2018-floods,2022,4,1,text_page,,249,Jim Wells County,According To The National Weather Service,,affected_population_persons,20000.0,count,0.76,text_page:affected_after,"sinkholes and deep water that stalled vehicles. Additionally, at least 20,000 residents and businesses were impacted by the"
363,drgr-mit-2022-q4.pdf,Mitigation_ActionPlan,mit,2022,4,117,text_page,363:116,201,Harris County,City Of La Marque Shall Elevate,,admin_payroll_usd,2250000.0,usd,0.78,text_page:keyword_money,additional equipment for the WWTP to increase capacity by 2.25 million gallons per day of sewage flow. City of La Marque shall
383,mit-2022-q4.pdf,Mitigation_Performance,mit,2022,4,52,text_page,383:52,241,Jasper County,La Marque,,admin_payroll_usd,2250000.0,usd,0.78,text_page:keyword_money,additional equipment for the WWTP to increase capacity by 2.25 million gallons per day of sewage flow. City of La Marque shall
14,15f-2023-q1.pdf,2015_Floods,15f,2023,1,1,text_page,,453,Travis County,Also Known As The Memorial Day Floods,,severity_unmet_need_usd,69689983.0,usd,0.84,text_page:severity_money,"The State’s unmet need for non-housing totals $69,689,983 and increases to $80,143,480 when including a resiliency"
14,15f-2023-q1.pdf,2015_Floods,15f,2023,1,1,text_page,,453,Travis County,Also Known As The Memorial Day Floods,,severity_unmet_need_usd,80143480.0,usd,0.84,text_page:severity_money,"The State’s unmet need for non-housing totals $69,689,983 and increases to $80,143,480 when including a resiliency"
14,15f-2023-q1.pdf,2015_Floods,15f,2023,1,1,text_page,,453,Travis County,Also Known As The Memorial Day Floods,,severity_unmet_need_usd,10453497.0,usd,0.84,text_page:severity_money,"multiplier of 15% ($10,453,497). The data for housing unmet needs comes from TDEM and the National Emergency"
14,15f-2023-q1.pdf,2015_Floods,15f,2023,1,1,text_page,,453,Travis County,Also Known As The Memorial Day Floods,,severity_unmet_need_usd,69440104.0,usd,0.84,text_page:severity_money,"Management Information System (NEMIS) database. The State’s unmet need for housing totaled $69,440,104. This figure"
14,15f-2023-q1.pdf,2015_Floods,15f,2023,1,1,text_page,,453,Travis County,Also Known As The Memorial Day Floods,,severity_unmet_need_usd,132391924.0,usd,0.84,text_page:severity_money,"Unmet need as identified by the Small Business Administration (SBA) is $132,391,924 for housing and $23,218,266 for"
14,15f-2023-q1.pdf,2015_Floods,15f,2023,1,1,text_page,,453,Travis County,Also Known As The Memorial Day Floods,,severity_unmet_need_usd,23218266.0,usd,0.84,text_page:severity_money,"Unmet need as identified by the Small Business Administration (SBA) is $132,391,924 for housing and $23,218,266 for"
14,15f-2023-q1.pdf,2015_Floods,15f,2023,1,1,text_page,,453,Travis County,Also Known As The Memorial Day Floods,,severity_unmet_need_usd,315609790.0,usd,0.84,text_page:severity_money,"businesses. Per FEMA and SBA data, unmet need for the state of Texas totals $315,609,790."
46,16f-2023-q1.pdf,2016_Floods,16f,2023,1,1,text_page,,039,Brazoria County,Over The Past Two Years,,severity_deaths_count,29.0,count,0.9,text_page:killing_pattern,"particular, the recent 2016 events were devastating, killing 29 Texans and causing significantly more public and private"
46,16f-2023-q1.pdf,2016_Floods,16f,2023,1,1,text_page,,039,Brazoria County,Over The Past Two Years,,severity_unmet_need_usd,201341450.0,usd,0.84,text_page:severity_money,"projected cost for damages tied to the 2016 disasters is $201,341,450. This results in the state’s unmet need from public"
46,16f-2023-q1.pdf,2016_Floods,16f,2023,1,1,text_page,,039,Brazoria County,Over The Past Two Years,,severity_unmet_need_usd,186361160.0,usd,0.84,text_page:severity_money,"Verified Loss (FVL) is $186,361,160. The state’s unmet need relating to FEMA Individual Assistance (IA) is $88,131,592 with a"
46,16f-2023-q1.pdf,2016_Floods,16f,2023,1,1,text_page,,039,Brazoria County,Over The Past Two Years,,severity_unmet_need_usd,88131592.0,usd,0.84,text_page:severity_money,"Verified Loss (FVL) is $186,361,160. The state’s unmet need relating to FEMA Individual Assistance (IA) is $88,131,592 with a"
46,16f-2023-q1.pdf,2016_Floods,16f,2023,1,1,text_page,,039,Brazoria County,Over The Past Two Years,,severity_unmet_need_usd,309254300.0,usd,0.84,text_page:severity_money,"The unmet need, as identified by the SBA using the total verified loss of households and businesses, is $309,254,300 for"
46,16f-2023-q1.pdf,2016_Floods,16f,2023,1,1,text_page,,039,Brazoria County,Over The Past Two Years,,severity_unmet_need_usd,40337517.0,usd,0.84,text_page:severity_money,"totaling $40,337,517 for housing data and $13,659,184 for business data. FEMA and SBA data alone yield an unmet need for"
46,16f-2023-q1.pdf,2016_Floods,16f,2023,1,1,text_page,,039,Brazoria County,Over The Past Two Years,,severity_unmet_need_usd,13659184.0,usd,0.84,text_page:severity_money,"totaling $40,337,517 for housing data and $13,659,184 for business data. FEMA and SBA data alone yield an unmet need for"
66,drgr-2018-floods-2023-q1.pdf,2018_Floods_ActionPlan,2018-floods,2023,1,1,text_page,,249,Jim Wells County,According To The National Weather Service,,affected_population_persons,20000.0,count,0.76,text_page:affected_after,"sinkholes and deep water that stalled vehicles. Additionally, at least 20,000 residents and businesses were impacted by the"
98,2018-floodsgrantreport-2023-q1.pdf,2018_Floods_Performance,2018-floodsgrantreport,2023,1,1,text_page,,249,Jim Wells County,According To The National Weather Service,,affected_population_persons,20000.0,count,0.76,text_page:affected_after,"sinkholes and deep water that stalled vehicles. Additionally, at least 20,000 residents and businesses were impacted by the"
364,drgr-mit-2023-q1.pdf,Mitigation_ActionPlan,mit,2023,1,117,text_page,364:116,201,Harris County,City Of La Marque Shall Elevate,,admin_payroll_usd,2250000.0,usd,0.78,text_page:keyword_money,additional equipment for the WWTP to increase capacity by 2.25 million gallons per day of sewage flow. City of La Marque shall
394,mitigationgrantreport-2023-q1.pdf,Mitigation_Performance,mitigationgrantreport,2023,1,66,text_page,394:66,241,Jasper County,La Marque,,admin_payroll_usd,2250000.0,usd,0.78,text_page:keyword_money,additional equipment for the WWTP to increase capacity by 2.25 million gallons per day of sewage flow. City of La Marque shall
15,15f-2023-q2.pdf,2015_Floods,15f,2023,2,1,text_page,,453,Travis County,Also Known As The Memorial Day Floods,,severity_unmet_need_usd,69689983.0,usd,0.84,text_page:severity_money,"The State’s unmet need for non-housing totals $69,689,983 and increases to $80,143,480 when including a resiliency"
15,15f-2023-q2.pdf,2015_Floods,15f,2023,2,1,text_page,,453,Travis County,Also Known As The Memorial Day Floods,,severity_unmet_need_usd,80143480.0,usd,0.84,text_page:severity_money,"The State’s unmet need for non-housing totals $69,689,983 and increases to $80,143,480 when including a resiliency"
15,15f-2023-q2.pdf,2015_Floods,15f,2023,2,1,text_page,,453,Travis County,Also Known As The Memorial Day Floods,,severity_unmet_need_usd,10453497.0,usd,0.84,text_page:severity_money,"multiplier of 15% ($10,453,497). The data for housing unmet needs comes from TDEM and the National Emergency"
15,15f-2023-q2.pdf,2015_Floods,15f,2023,2,1,text_page,,453,Travis County,Also Known As The Memorial Day Floods,,severity_unmet_need_usd,69440104.0,usd,0.84,text_page:severity_money,"Management Information System (NEMIS) database. The State’s unmet need for housing totaled $69,440,104. This figure"
15,15f-2023-q2.pdf,2015_Floods,15f,2023,2,1,text_page,,453,Travis County,Also Known As The Memorial Day Floods,,severity_unmet_need_usd,132391924.0,usd,0.84,text_page:severity_money,"Unmet need as identified by the Small Business Administration (SBA) is $132,391,924 for housing and $23,218,266 for"
15,15f-2023-q2.pdf,2015_Floods,15f,2023,2,1,text_page,,453,Travis County,Also Known As The Memorial Day Floods,,severity_unmet_need_usd,23218266.0,usd,0.84,text_page:severity_money,"Unmet need as identified by the Small Business Administration (SBA) is $132,391,924 for housing and $23,218,266 for"
15,15f-2023-q2.pdf,2015_Floods,15f,2023,2,1,text_page,,453,Travis County,Also Known As The Memorial Day Floods,,severity_unmet_need_usd,315609790.0,usd,0.84,text_page:severity_money,"businesses. Per FEMA and SBA data, unmet need for the state of Texas totals $315,609,790."
47,16f-2023-q2.pdf,2016_Floods,16f,2023,2,1,text_page,,339,Montgomery County,Over The Past Two Years,,severity_deaths_count,29.0,count,0.9,text_page:killing_pattern,"particular, the recent 2016 events were devastating, killing 29 Texans and causing significantly more public and private"
47,16f-2023-q2.pdf,2016_Floods,16f,2023,2,1,text_page,,339,Montgomery County,Over The Past Two Years,,severity_unmet_need_usd,201341450.0,usd,0.84,text_page:severity_money,"projected cost for damages tied to the 2016 disasters is $201,341,450. This results in the state’s unmet need from public"
47,16f-2023-q2.pdf,2016_Floods,16f,2023,2,1,text_page,,339,Montgomery County,Over The Past Two Years,,severity_unmet_need_usd,186361160.0,usd,0.84,text_page:severity_money,"Verified Loss (FVL) is $186,361,160. The state’s unmet need relating to FEMA Individual Assistance (IA) is $88,131,592 with a"
47,16f-2023-q2.pdf,2016_Floods,16f,2023,2,1,text_page,,339,Montgomery County,Over The Past Two Years,,severity_unmet_need_usd,88131592.0,usd,0.84,text_page:severity_money,"Verified Loss (FVL) is $186,361,160. The state’s unmet need relating to FEMA Individual Assistance (IA) is $88,131,592 with a"
47,16f-2023-q2.pdf,2016_Floods,16f,2023,2,1,text_page,,339,Montgomery County,Over The Past Two Years,,severity_unmet_need_usd,309254300.0,usd,0.84,text_page:severity_money,"The unmet need, as identified by the SBA using the total verified loss of households and businesses, is $309,254,300 for"
47,16f-2023-q2.pdf,2016_Floods,16f,2023,2,1,text_page,,339,Montgomery County,Over The Past Two Years,,severity_unmet_need_usd,40337517.0,usd,0.84,text_page:severity_money,"totaling $40,337,517 for housing data and $13,659,184 for business data. FEMA and SBA data alone yield an unmet need for"
47,16f-2023-q2.pdf,2016_Floods,16f,2023,2,1,text_page,,339,Montgomery County,Over The Past Two Years,,severity_unmet_need_usd,13659184.0,usd,0.84,text_page:severity_money,"totaling $40,337,517 for housing data and $13,659,184 for business data. FEMA and SBA data alone yield an unmet need for"
67,drgr-2018-floods-2023-q2.pdf,2018_Floods_ActionPlan,2018-floods,2023,2,1,text_page,,249,Jim Wells County,According To The National Weather Service,,affected_population_persons,20000.0,count,0.76,text_page:affected_after,"sinkholes and deep water that stalled vehicles. Additionally, at least 20,000 residents and businesses were impacted by the"
88,2018-floods-2023-q2.pdf,2018_Floods_Performance,2018-floods,2023,2,1,text_page,,249,Jim Wells County,According To The National Weather Service,,affected_population_persons,20000.0,count,0.76,text_page:affected_after,"sinkholes and deep water that stalled vehicles. Additionally, at least 20,000 residents and businesses were impacted by the"
365,drgr-mit-2023-q2.pdf,Mitigation_ActionPlan,mit,2023,2,118,text_page,365:117,201,Harris County,City Of La Marque Shall Elevate,,admin_payroll_usd,2250000.0,usd,0.78,text_page:keyword_money,additional equipment for the WWTP to increase capacity by 2.25 million gallons per day of sewage flow. City of La Marque shall
384,mit-2023-q2.pdf,Mitigation_Performance,mit,2023,2,53,text_page,384:53,167,Galveston County,La Marque,,admin_payroll_usd,2250000.0,usd,0.78,text_page:keyword_money,additional equipment for the WWTP to increase capacity by 2.25 million gallons per day of sewage flow. City of La Marque shall
16,15f-2023-q3.pdf,2015_Floods,15f,2023,3,1,text_page,,209,Hays County,Also Known As The Memorial Day Floods,,severity_unmet_need_usd,69689983.0,usd,0.84,text_page:severity_money,"The State’s unmet need for non-housing totals $69,689,983 and increases to $80,143,480 when including a resiliency"
16,15f-2023-q3.pdf,2015_Floods,15f,2023,3,1,text_page,,209,Hays County,Also Known As The Memorial Day Floods,,severity_unmet_need_usd,80143480.0,usd,0.84,text_page:severity_money,"The State’s unmet need for non-housing totals $69,689,983 and increases to $80,143,480 when including a resiliency"
16,15f-2023-q3.pdf,2015_Floods,15f,2023,3,1,text_page,,209,Hays County,Also Known As The Memorial Day Floods,,severity_unmet_need_usd,10453497.0,usd,0.84,text_page:severity_money,"multiplier of 15% ($10,453,497). The data for housing unmet needs comes from TDEM and the National Emergency"
16,15f-2023-q3.pdf,2015_Floods,15f,2023,3,1,text_page,,209,Hays County,Also Known As The Memorial Day Floods,,severity_unmet_need_usd,69440104.0,usd,0.84,text_page:severity_money,"Management Information System (NEMIS) database. The State’s unmet need for housing totaled $69,440,104. This figure"
16,15f-2023-q3.pdf,2015_Floods,15f,2023,3,1,text_page,,209,Hays County,Also Known As The Memorial Day Floods,,severity_unmet_need_usd,132391924.0,usd,0.84,text_page:severity_money,"Unmet need as identified by the Small Business Administration (SBA) is $132,391,924 for housing and $23,218,266 for"
16,15f-2023-q3.pdf,2015_Floods,15f,2023,3,1,text_page,,209,Hays County,Also Known As The Memorial Day Floods,,severity_unmet_need_usd,23218266.0,usd,0.84,text_page:severity_money,"Unmet need as identified by the Small Business Administration (SBA) is $132,391,924 for housing and $23,218,266 for"
16,15f-2023-q3.pdf,2015_Floods,15f,2023,3,1,text_page,,209,Hays County,Also Known As The Memorial Day Floods,,severity_unmet_need_usd,315609790.0,usd,0.84,text_page:severity_money,"businesses. Per FEMA and SBA data, unmet need for the state of Texas totals $315,609,790."
48,16f-2023-q3.pdf,2016_Floods,16f,2023,3,1,text_page,,157,Fort Bend County,Over The Past Two Years,,severity_deaths_count,29.0,count,0.9,text_page:killing_pattern,"particular, the recent 2016 events were devastating, killing 29 Texans and causing significantly more public and private"
48,16f-2023-q3.pdf,2016_Floods,16f,2023,3,1,text_page,,157,Fort Bend County,Over The Past Two Years,,severity_unmet_need_usd,201341450.0,usd,0.84,text_page:severity_money,"projected cost for damages tied to the 2016 disasters is $201,341,450. This results in the state’s unmet need from public"
48,16f-2023-q3.pdf,2016_Floods,16f,2023,3,1,text_page,,157,Fort Bend County,Over The Past Two Years,,severity_unmet_need_usd,186361160.0,usd,0.84,text_page:severity_money,"Verified Loss (FVL) is $186,361,160. The state’s unmet need relating to FEMA Individual Assistance (IA) is $88,131,592 with a"
48,16f-2023-q3.pdf,2016_Floods,16f,2023,3,1,text_page,,157,Fort Bend County,Over The Past Two Years,,severity_unmet_need_usd,88131592.0,usd,0.84,text_page:severity_money,"Verified Loss (FVL) is $186,361,160. The state’s unmet need relating to FEMA Individual Assistance (IA) is $88,131,592 with a"
48,16f-2023-q3.pdf,2016_Floods,16f,2023,3,1,text_page,,157,Fort Bend County,Over The Past Two Years,,severity_unmet_need_usd,309254300.0,usd,0.84,text_page:severity_money,"The unmet need, as identified by the SBA using the total verified loss of households and businesses, is $309,254,300 for"
48,16f-2023-q3.pdf,2016_Floods,16f,2023,3,1,text_page,,157,Fort Bend County,Over The Past Two Years,,severity_unmet_need_usd,40337517.0,usd,0.84,text_page:severity_money,"totaling $40,337,517 for housing data and $13,659,184 for business data. FEMA and SBA data alone yield an unmet need for"
48,16f-2023-q3.pdf,2016_Floods,16f,2023,3,1,text_page,,157,Fort Bend County,Over The Past Two Years,,severity_unmet_need_usd,13659184.0,usd,0.84,text_page:severity_money,"totaling $40,337,517 for housing data and $13,659,184 for business data. FEMA and SBA data alone yield an unmet need for"
68,drgr-2018-floods-2023-q3.pdf,2018_Floods_ActionPlan,2018-floods,2023,3,1,text_page,,249,Jim Wells County,According To The National Weather Service,,affected_population_persons,20000.0,count,0.76,text_page:affected_after,"sinkholes and deep water that stalled vehicles. Additionally, at least 20,000 residents and businesses were impacted by the"
89,2018-floods-2023-q3.pdf,2018_Floods_Performance,2018-floods,2023,3,1,text_page,,249,Jim Wells County,According To The National Weather Service,,affected_population_persons,20000.0,count,0.76,text_page:affected_after,"sinkholes and deep water that stalled vehicles. Additionally, at least 20,000 residents and businesses were impacted by the"
366,drgr-mit-2023-q3.pdf,Mitigation_ActionPlan,mit,2023,3,160,text_page,366:157,391,Refugio County,El Campo,,admin_payroll_usd,2250000.0,usd,0.78,text_page:keyword_money,additional equipment for the WWTP to increase capacity by 2.25 million gallons per day of sewage flow. City of La Marque shall
385,mit-2023-q3.pdf,Mitigation_Performance,mit,2023,3,73,text_page,385:73,403,Sabine County,La Marque,,admin_payroll_usd,2250000.0,usd,0.78,text_page:keyword_money,additional equipment for the WWTP to increase capacity by 2.25 million gallons per day of sewage flow. City of La Marque shall
49,16f-2023-q4.pdf,2016_Floods,16f,2023,4,1,text_page,,351,Newton County,Over The Past Two Years,,severity_deaths_count,29.0,count,0.9,text_page:killing_pattern,"particular, the recent 2016 events were devastating, killing 29 Texans and causing significantly more public and private"
49,16f-2023-q4.pdf,2016_Floods,16f,2023,4,1,text_page,,351,Newton County,Over The Past Two Years,,severity_unmet_need_usd,201341450.0,usd,0.84,text_page:severity_money,"projected cost for damages tied to the 2016 disasters is $201,341,450. This results in the state’s unmet need from public"
49,16f-2023-q4.pdf,2016_Floods,16f,2023,4,1,text_page,,351,Newton County,Over The Past Two Years,,severity_unmet_need_usd,186361160.0,usd,0.84,text_page:severity_money,"Verified Loss (FVL) is $186,361,160. The state’s unmet need relating to FEMA Individual Assistance (IA) is $88,131,592 with a"
49,16f-2023-q4.pdf,2016_Floods,16f,2023,4,1,text_page,,351,Newton County,Over The Past Two Years,,severity_unmet_need_usd,88131592.0,usd,0.84,text_page:severity_money,"Verified Loss (FVL) is $186,361,160. The state’s unmet need relating to FEMA Individual Assistance (IA) is $88,131,592 with a"
49,16f-2023-q4.pdf,2016_Floods,16f,2023,4,1,text_page,,351,Newton County,Over The Past Two Years,,severity_unmet_need_usd,309254300.0,usd,0.84,text_page:severity_money,"The unmet need, as identified by the SBA using the total verified loss of households and businesses, is $309,254,300 for"
49,16f-2023-q4.pdf,2016_Floods,16f,2023,4,1,text_page,,351,Newton County,Over The Past Two Years,,severity_unmet_need_usd,40337517.0,usd,0.84,text_page:severity_money,"totaling $40,337,517 for housing data and $13,659,184 for business data. FEMA and SBA data alone yield an unmet need for"
49,16f-2023-q4.pdf,2016_Floods,16f,2023,4,1,text_page,,351,Newton County,Over The Past Two Years,,severity_unmet_need_usd,13659184.0,usd,0.84,text_page:severity_money,"totaling $40,337,517 for housing data and $13,659,184 for business data. FEMA and SBA data alone yield an unmet need for"
69,drgr-2018-floods-2023-q4.pdf,2018_Floods_ActionPlan,2018-floods,2023,4,1,text_page,,249,Jim Wells County,According To The National Weather Service,,affected_population_persons,20000.0,count,0.76,text_page:affected_after,"sinkholes and deep water that stalled vehicles. Additionally, at least 20,000 residents and businesses were impacted by the"
90,2018-floods-2023-q4.pdf,2018_Floods_Performance,2018-floods,2023,4,1,text_page,,249,Jim Wells County,According To The National Weather Service,,affected_population_persons,20000.0,count,0.76,text_page:affected_after,"sinkholes and deep water that stalled vehicles. Additionally, at least 20,000 residents and businesses were impacted by the"
367,drgr-mit-2023-q4.pdf,Mitigation_ActionPlan,mit,2023,4,153,text_page,367:150,391,Refugio County,El Campo,,admin_payroll_usd,2250000.0,usd,0.78,text_page:keyword_money,additional equipment for the WWTP to increase capacity by 2.25 million gallons per day of sewage flow. City of La Marque shall
386,mit-2023-q4.pdf,Mitigation_Performance,mit,2023,4,63,text_page,386:63,405,San Augustine County,La Marque,,admin_payroll_usd,2250000.0,usd,0.78,text_page:keyword_money,additional equipment for the WWTP to increase capacity by 2.25 million gallons per day of sewage flow. City of La Marque shall
17,15f-2024-q1.pdf,2015_Floods,15f,2024,1,1,text_page,,209,Hays County,Also Known As The Memorial Day Floods,,severity_unmet_need_usd,69689983.0,usd,0.84,text_page:severity_money,"The State’s unmet need for non-housing totals $69,689,983 and increases to $80,143,480 when including a resiliency"
17,15f-2024-q1.pdf,2015_Floods,15f,2024,1,1,text_page,,209,Hays County,Also Known As The Memorial Day Floods,,severity_unmet_need_usd,80143480.0,usd,0.84,text_page:severity_money,"The State’s unmet need for non-housing totals $69,689,983 and increases to $80,143,480 when including a resiliency"
17,15f-2024-q1.pdf,2015_Floods,15f,2024,1,1,text_page,,209,Hays County,Also Known As The Memorial Day Floods,,severity_unmet_need_usd,10453497.0,usd,0.84,text_page:severity_money,"multiplier of 15% ($10,453,497). The data for housing unmet needs comes from TDEM and the National Emergency"
17,15f-2024-q1.pdf,2015_Floods,15f,2024,1,1,text_page,,209,Hays County,Also Known As The Memorial Day Floods,,severity_unmet_need_usd,69440104.0,usd,0.84,text_page:severity_money,"Management Information System (NEMIS) database. The State’s unmet need for housing totaled $69,440,104. This figure"
17,15f-2024-q1.pdf,2015_Floods,15f,2024,1,1,text_page,,209,Hays County,Also Known As The Memorial Day Floods,,severity_unmet_need_usd,132391924.0,usd,0.84,text_page:severity_money,"Unmet need as identified by the Small Business Administration (SBA) is $132,391,924 for housing and $23,218,266 for"
17,15f-2024-q1.pdf,2015_Floods,15f,2024,1,1,text_page,,209,Hays County,Also Known As The Memorial Day Floods,,severity_unmet_need_usd,23218266.0,usd,0.84,text_page:severity_money,"Unmet need as identified by the Small Business Administration (SBA) is $132,391,924 for housing and $23,218,266 for"
17,15f-2024-q1.pdf,2015_Floods,15f,2024,1,1,text_page,,209,Hays County,Also Known As The Memorial Day Floods,,severity_unmet_need_usd,315609790.0,usd,0.84,text_page:severity_money,"businesses. Per FEMA and SBA data, unmet need for the state of Texas totals $315,609,790."
50,16f-2024-q1.pdf,2016_Floods,16f,2024,1,1,text_page,,339,Montgomery County,Over The Past Two Years,,severity_deaths_count,29.0,count,0.9,text_page:killing_pattern,"particular, the recent 2016 events were devastating, killing 29 Texans and causing significantly more public and private"
50,16f-2024-q1.pdf,2016_Floods,16f,2024,1,1,text_page,,339,Montgomery County,Over The Past Two Years,,severity_unmet_need_usd,201341450.0,usd,0.84,text_page:severity_money,"projected cost for damages tied to the 2016 disasters is $201,341,450. This results in the state’s unmet need from public"
50,16f-2024-q1.pdf,2016_Floods,16f,2024,1,1,text_page,,339,Montgomery County,Over The Past Two Years,,severity_unmet_need_usd,186361160.0,usd,0.84,text_page:severity_money,"Verified Loss (FVL) is $186,361,160. The state’s unmet need relating to FEMA Individual Assistance (IA) is $88,131,592 with a"
50,16f-2024-q1.pdf,2016_Floods,16f,2024,1,1,text_page,,339,Montgomery County,Over The Past Two Years,,severity_unmet_need_usd,88131592.0,usd,0.84,text_page:severity_money,"Verified Loss (FVL) is $186,361,160. The state’s unmet need relating to FEMA Individual Assistance (IA) is $88,131,592 with a"
50,16f-2024-q1.pdf,2016_Floods,16f,2024,1,1,text_page,,339,Montgomery County,Over The Past Two Years,,severity_unmet_need_usd,309254300.0,usd,0.84,text_page:severity_money,"The unmet need, as identified by the SBA using the total verified loss of households and businesses, is $309,254,300 for"
50,16f-2024-q1.pdf,2016_Floods,16f,2024,1,1,text_page,,339,Montgomery County,Over The Past Two Years,,severity_unmet_need_usd,40337517.0,usd,0.84,text_page:severity_money,"totaling $40,337,517 for housing data and $13,659,184 for business data. FEMA and SBA data alone yield an unmet need for"
50,16f-2024-q1.pdf,2016_Floods,16f,2024,1,1,text_page,,339,Montgomery County,Over The Past Two Years,,severity_unmet_need_usd,13659184.0,usd,0.84,text_page:severity_money,"totaling $40,337,517 for housing data and $13,659,184 for business data. FEMA and SBA data alone yield an unmet need for"
70,drgr-2018-floods-2024-q1.pdf,2018_Floods_ActionPlan,2018-floods,2024,1,1,text_page,,249,Jim Wells County,According To The National Weather Service,,affected_population_persons,20000.0,count,0.76,text_page:affected_after,"sinkholes and deep water that stalled vehicles. Additionally, at least 20,000 residents and businesses were impacted by the"
91,2018-floods-2024-q1.pdf,2018_Floods_Performance,2018-floods,2024,1,1,text_page,,249,Jim Wells County,According To The National Weather Service,,affected_population_persons,20000.0,count,0.76,text_page:affected_after,"sinkholes and deep water that stalled vehicles. Additionally, at least 20,000 residents and businesses were impacted by the"
368,drgr-mit-2024-q1.pdf,Mitigation_ActionPlan,mit,2024,1,156,text_page,368:153,391,Refugio County,El Campo,,admin_payroll_usd,2250000.0,usd,0.78,text_page:keyword_money,additional equipment for the WWTP to increase capacity by 2.25 million gallons per day of sewage flow. City of La Marque shall
387,mit-2024-q1.pdf,Mitigation_Performance,mit,2024,1,61,text_page,387:61,403,Sabine County,La Marque,,admin_payroll_usd,2250000.0,usd,0.78,text_page:keyword_money,additional equipment for the WWTP to increase capacity by 2.25 million gallons per day of sewage flow. City of La Marque shall
18,15f-2024-q2.pdf,2015_Floods,15f,2024,2,1,text_page,,209,Hays County,Also Known As The Memorial Day Floods,,severity_unmet_need_usd,69689983.0,usd,0.84,text_page:severity_money,"The State’s unmet need for non-housing totals $69,689,983 and increases to $80,143,480 when including a resiliency"
18,15f-2024-q2.pdf,2015_Floods,15f,2024,2,1,text_page,,209,Hays County,Also Known As The Memorial Day Floods,,severity_unmet_need_usd,80143480.0,usd,0.84,text_page:severity_money,"The State’s unmet need for non-housing totals $69,689,983 and increases to $80,143,480 when including a resiliency"
18,15f-2024-q2.pdf,2015_Floods,15f,2024,2,1,text_page,,209,Hays County,Also Known As The Memorial Day Floods,,severity_unmet_need_usd,10453497.0,usd,0.84,text_page:severity_money,"multiplier of 15% ($10,453,497). The data for housing unmet needs comes from TDEM and the National Emergency"
18,15f-2024-q2.pdf,2015_Floods,15f,2024,2,1,text_page,,209,Hays County,Also Known As The Memorial Day Floods,,severity_unmet_need_usd,69440104.0,usd,0.84,text_page:severity_money,"Management Information System (NEMIS) database. The State’s unmet need for housing totaled $69,440,104. This figure"
18,15f-2024-q2.pdf,2015_Floods,15f,2024,2,1,text_page,,209,Hays County,Also Known As The Memorial Day Floods,,severity_unmet_need_usd,132391924.0,usd,0.84,text_page:severity_money,"Unmet need as identified by the Small Business Administration (SBA) is $132,391,924 for housing and $23,218,266 for"
18,15f-2024-q2.pdf,2015_Floods,15f,2024,2,1,text_page,,209,Hays County,Also Known As The Memorial Day Floods,,severity_unmet_need_usd,23218266.0,usd,0.84,text_page:severity_money,"Unmet need as identified by the Small Business Administration (SBA) is $132,391,924 for housing and $23,218,266 for"
18,15f-2024-q2.pdf,2015_Floods,15f,2024,2,1,text_page,,209,Hays County,Also Known As The Memorial Day Floods,,severity_unmet_need_usd,315609790.0,usd,0.84,text_page:severity_money,"businesses. Per FEMA and SBA data, unmet need for the state of Texas totals $315,609,790."
51,16f-2024-q2.pdf,2016_Floods,16f,2024,2,1,text_page,,201,Harris County,Over The Past Two Years,,severity_deaths_count,29.0,count,0.9,text_page:killing_pattern,"particular, the recent 2016 events were devastating, killing 29 Texans and causing significantly more public and private"
51,16f-2024-q2.pdf,2016_Floods,16f,2024,2,1,text_page,,201,Harris County,Over The Past Two Years,,severity_unmet_need_usd,201341450.0,usd,0.84,text_page:severity_money,"projected cost for damages tied to the 2016 disasters is $201,341,450. This results in the state’s unmet need from public"
51,16f-2024-q2.pdf,2016_Floods,16f,2024,2,1,text_page,,201,Harris County,Over The Past Two Years,,severity_unmet_need_usd,186361160.0,usd,0.84,text_page:severity_money,"Verified Loss (FVL) is $186,361,160. The state’s unmet need relating to FEMA Individual Assistance (IA) is $88,131,592 with a"
51,16f-2024-q2.pdf,2016_Floods,16f,2024,2,1,text_page,,201,Harris County,Over The Past Two Years,,severity_unmet_need_usd,88131592.0,usd,0.84,text_page:severity_money,"Verified Loss (FVL) is $186,361,160. The state’s unmet need relating to FEMA Individual Assistance (IA) is $88,131,592 with a"
51,16f-2024-q2.pdf,2016_Floods,16f,2024,2,1,text_page,,201,Harris County,Over The Past Two Years,,severity_unmet_need_usd,309254300.0,usd,0.84,text_page:severity_money,"The unmet need, as identified by the SBA using the total verified loss of households and businesses, is $309,254,300 for"
51,16f-2024-q2.pdf,2016_Floods,16f,2024,2,1,text_page,,201,Harris County,Over The Past Two Years,,severity_unmet_need_usd,40337517.0,usd,0.84,text_page:severity_money,"totaling $40,337,517 for housing data and $13,659,184 for business data. FEMA and SBA data alone yield an unmet need for"
51,16f-2024-q2.pdf,2016_Floods,16f,2024,2,1,text_page,,201,Harris County,Over The Past Two Years,,severity_unmet_need_usd,13659184.0,usd,0.84,text_page:severity_money,"totaling $40,337,517 for housing data and $13,659,184 for business data. FEMA and SBA data alone yield an unmet need for"
71,drgr-2018-floods-2024-q2.pdf,2018_Floods_ActionPlan,2018-floods,2024,2,1,text_page,,249,Jim Wells County,According To The National Weather Service,,affected_population_persons,20000.0,count,0.76,text_page:affected_after,"sinkholes and deep water that stalled vehicles. Additionally, at least 20,000 residents and businesses were impacted by the"
92,2018-floods-2024-q2.pdf,2018_Floods_Performance,2018-floods,2024,2,1,text_page,,249,Jim Wells County,According To The National Weather Service,,affected_population_persons,20000.0,count,0.76,text_page:affected_after,"sinkholes and deep water that stalled vehicles. Additionally, at least 20,000 residents and businesses were impacted by the"
99,drgr-2018-floods-2024-q2.pdf,2019_Disasters_ActionPlan,2018-floods,2024,2,1,text_page,,249,Jim Wells County,According To The National Weather Service,,affected_population_persons,20000.0,count,0.76,text_page:affected_after,"sinkholes and deep water that stalled vehicles. Additionally, at least 20,000 residents and businesses were impacted by the"
369,drgr-mit-2024-q2.pdf,Mitigation_ActionPlan,mit,2024,2,168,text_page,369:165,391,Refugio County,El Campo,,admin_payroll_usd,2250000.0,usd,0.78,text_page:keyword_money,additional equipment for the WWTP to increase capacity by 2.25 million gallons per day of sewage flow. City of La Marque shall
388,mit-2024-q2.pdf,Mitigation_Performance,mit,2024,2,65,text_page,388:65,373,Polk County,La Marque,,admin_payroll_usd,2250000.0,usd,0.78,text_page:keyword_money,additional equipment for the WWTP to increase capacity by 2.25 million gallons per day of sewage flow. City of La Marque shall
19,15f-2024-q3.pdf,2015_Floods,15f,2024,3,1,text_page,,453,Travis County,Also Known As The Memorial Day Floods,,severity_unmet_need_usd,69689983.0,usd,0.84,text_page:severity_money,"The State’s unmet need for non-housing totals $69,689,983 and increases to $80,143,480 when including a resiliency"
19,15f-2024-q3.pdf,2015_Floods,15f,2024,3,1,text_page,,453,Travis County,Also Known As The Memorial Day Floods,,severity_unmet_need_usd,80143480.0,usd,0.84,text_page:severity_money,"The State’s unmet need for non-housing totals $69,689,983 and increases to $80,143,480 when including a resiliency"
19,15f-2024-q3.pdf,2015_Floods,15f,2024,3,1,text_page,,453,Travis County,Also Known As The Memorial Day Floods,,severity_unmet_need_usd,10453497.0,usd,0.84,text_page:severity_money,"multiplier of 15% ($10,453,497). The data for housing unmet needs comes from TDEM and the National Emergency"
19,15f-2024-q3.pdf,2015_Floods,15f,2024,3,1,text_page,,453,Travis County,Also Known As The Memorial Day Floods,,severity_unmet_need_usd,69440104.0,usd,0.84,text_page:severity_money,"Management Information System (NEMIS) database. The State’s unmet need for housing totaled $69,440,104. This figure"
19,15f-2024-q3.pdf,2015_Floods,15f,2024,3,1,text_page,,453,Travis County,Also Known As The Memorial Day Floods,,severity_unmet_need_usd,132391924.0,usd,0.84,text_page:severity_money,"Unmet need as identified by the Small Business Administration (SBA) is $132,391,924 for housing and $23,218,266 for"
19,15f-2024-q3.pdf,2015_Floods,15f,2024,3,1,text_page,,453,Travis County,Also Known As The Memorial Day Floods,,severity_unmet_need_usd,23218266.0,usd,0.84,text_page:severity_money,"Unmet need as identified by the Small Business Administration (SBA) is $132,391,924 for housing and $23,218,266 for"
19,15f-2024-q3.pdf,2015_Floods,15f,2024,3,1,text_page,,453,Travis County,Also Known As The Memorial Day Floods,,severity_unmet_need_usd,315609790.0,usd,0.84,text_page:severity_money,"businesses. Per FEMA and SBA data, unmet need for the state of Texas totals $315,609,790."
52,16f-2024-q3.pdf,2016_Floods,16f,2024,3,1,text_page,,339,Montgomery County,Over The Past Two Years,,severity_deaths_count,29.0,count,0.9,text_page:killing_pattern,"particular, the recent 2016 events were devastating, killing 29 Texans and causing significantly more public and private"
52,16f-2024-q3.pdf,2016_Floods,16f,2024,3,1,text_page,,339,Montgomery County,Over The Past Two Years,,severity_unmet_need_usd,201341450.0,usd,0.84,text_page:severity_money,"projected cost for damages tied to the 2016 disasters is $201,341,450. This results in the state’s unmet need from public"
52,16f-2024-q3.pdf,2016_Floods,16f,2024,3,1,text_page,,339,Montgomery County,Over The Past Two Years,,severity_unmet_need_usd,186361160.0,usd,0.84,text_page:severity_money,"Verified Loss (FVL) is $186,361,160. The state’s unmet need relating to FEMA Individual Assistance (IA) is $88,131,592 with a"
52,16f-2024-q3.pdf,2016_Floods,16f,2024,3,1,text_page,,339,Montgomery County,Over The Past Two Years,,severity_unmet_need_usd,88131592.0,usd,0.84,text_page:severity_money,"Verified Loss (FVL) is $186,361,160. The state’s unmet need relating to FEMA Individual Assistance (IA) is $88,131,592 with a"
52,16f-2024-q3.pdf,2016_Floods,16f,2024,3,1,text_page,,339,Montgomery County,Over The Past Two Years,,severity_unmet_need_usd,309254300.0,usd,0.84,text_page:severity_money,"The unmet need, as identified by the SBA using the total verified loss of households and businesses, is $309,254,300 for"
52,16f-2024-q3.pdf,2016_Floods,16f,2024,3,1,text_page,,339,Montgomery County,Over The Past Two Years,,severity_unmet_need_usd,40337517.0,usd,0.84,text_page:severity_money,"totaling $40,337,517 for housing data and $13,659,184 for business data. FEMA and SBA data alone yield an unmet need for"
52,16f-2024-q3.pdf,2016_Floods,16f,2024,3,1,text_page,,339,Montgomery County,Over The Past Two Years,,severity_unmet_need_usd,13659184.0,usd,0.84,text_page:severity_money,"totaling $40,337,517 for housing data and $13,659,184 for business data. FEMA and SBA data alone yield an unmet need for"
72,drgr-2018-floods-2024-q3.pdf,2018_Floods_ActionPlan,2018-floods,2024,3,1,text_page,,249,Jim Wells County,According To The National Weather Service,,affected_population_persons,20000.0,count,0.76,text_page:affected_after,"sinkholes and deep water that stalled vehicles. Additionally, at least 20,000 residents and businesses were impacted by the"
93,2018-floods-2024-q3.pdf,2018_Floods_Performance,2018-floods,2024,3,1,text_page,,249,Jim Wells County,According To The National Weather Service,,affected_population_persons,20000.0,count,0.76,text_page:affected_after,"sinkholes and deep water that stalled vehicles. Additionally, at least 20,000 residents and businesses were impacted by the"
370,drgr-mit-2024-q3.pdf,Mitigation_ActionPlan,mit,2024,3,172,text_page,370:169,391,Refugio County,El Campo,,admin_payroll_usd,2250000.0,usd,0.78,text_page:keyword_money,additional equipment for the WWTP to increase capacity by 2.25 million gallons per day of sewage flow. City of La Marque shall
389,mit-2024-q3.pdf,Mitigation_Performance,mit,2024,3,97,text_page,389:97,403,Sabine County,La Marque,,admin_payroll_usd,2250000.0,usd,0.78,text_page:keyword_money,additional equipment for the WWTP to increase capacity by 2.25 million gallons per day of sewage flow. City of La Marque shall
20,15f-2024-q4.pdf,2015_Floods,15f,2024,4,1,text_page,,489,Willacy County,Also Known As The Memorial Day Floods,,severity_unmet_need_usd,69689983.0,usd,0.84,text_page:severity_money,"The State’s unmet need for non-housing totals $69,689,983 and increases to $80,143,480 when including a resiliency"
20,15f-2024-q4.pdf,2015_Floods,15f,2024,4,1,text_page,,489,Willacy County,Also Known As The Memorial Day Floods,,severity_unmet_need_usd,80143480.0,usd,0.84,text_page:severity_money,"The State’s unmet need for non-housing totals $69,689,983 and increases to $80,143,480 when including a resiliency"
20,15f-2024-q4.pdf,2015_Floods,15f,2024,4,1,text_page,,489,Willacy County,Also Known As The Memorial Day Floods,,severity_unmet_need_usd,10453497.0,usd,0.84,text_page:severity_money,"multiplier of 15% ($10,453,497). The data for housing unmet needs comes from TDEM and the National Emergency"
20,15f-2024-q4.pdf,2015_Floods,15f,2024,4,1,text_page,,489,Willacy County,Also Known As The Memorial Day Floods,,severity_unmet_need_usd,69440104.0,usd,0.84,text_page:severity_money,"Management Information System (NEMIS) database. The State’s unmet need for housing totaled $69,440,104. This figure"
20,15f-2024-q4.pdf,2015_Floods,15f,2024,4,1,text_page,,489,Willacy County,Also Known As The Memorial Day Floods,,severity_unmet_need_usd,132391924.0,usd,0.84,text_page:severity_money,"Unmet need as identified by the Small Business Administration (SBA) is $132,391,924 for housing and $23,218,266 for"
20,15f-2024-q4.pdf,2015_Floods,15f,2024,4,1,text_page,,489,Willacy County,Also Known As The Memorial Day Floods,,severity_unmet_need_usd,23218266.0,usd,0.84,text_page:severity_money,"Unmet need as identified by the Small Business Administration (SBA) is $132,391,924 for housing and $23,218,266 for"
20,15f-2024-q4.pdf,2015_Floods,15f,2024,4,1,text_page,,489,Willacy County,Also Known As The Memorial Day Floods,,severity_unmet_need_usd,315609790.0,usd,0.84,text_page:severity_money,"businesses. Per FEMA and SBA data, unmet need for the state of Texas totals $315,609,790."
53,16f-2024-q4.pdf,2016_Floods,16f,2024,4,1,text_page,,339,Montgomery County,Over The Past Two Years,,severity_deaths_count,29.0,count,0.9,text_page:killing_pattern,"particular, the recent 2016 events were devastating, killing 29 Texans and causing significantly more public and private"
53,16f-2024-q4.pdf,2016_Floods,16f,2024,4,1,text_page,,339,Montgomery County,Over The Past Two Years,,severity_unmet_need_usd,201341450.0,usd,0.84,text_page:severity_money,"projected cost for damages tied to the 2016 disasters is $201,341,450. This results in the state’s unmet need from public"
53,16f-2024-q4.pdf,2016_Floods,16f,2024,4,1,text_page,,339,Montgomery County,Over The Past Two Years,,severity_unmet_need_usd,186361160.0,usd,0.84,text_page:severity_money,"Verified Loss (FVL) is $186,361,160. The state’s unmet need relating to FEMA Individual Assistance (IA) is $88,131,592 with a"
53,16f-2024-q4.pdf,2016_Floods,16f,2024,4,1,text_page,,339,Montgomery County,Over The Past Two Years,,severity_unmet_need_usd,88131592.0,usd,0.84,text_page:severity_money,"Verified Loss (FVL) is $186,361,160. The state’s unmet need relating to FEMA Individual Assistance (IA) is $88,131,592 with a"
53,16f-2024-q4.pdf,2016_Floods,16f,2024,4,1,text_page,,339,Montgomery County,Over The Past Two Years,,severity_unmet_need_usd,309254300.0,usd,0.84,text_page:severity_money,"The unmet need, as identified by the SBA using the total verified loss of households and businesses, is $309,254,300 for"
53,16f-2024-q4.pdf,2016_Floods,16f,2024,4,1,text_page,,339,Montgomery County,Over The Past Two Years,,severity_unmet_need_usd,40337517.0,usd,0.84,text_page:severity_money,"totaling $40,337,517 for housing data and $13,659,184 for business data. FEMA and SBA data alone yield an unmet need for"
53,16f-2024-q4.pdf,2016_Floods,16f,2024,4,1,text_page,,339,Montgomery County,Over The Past Two Years,,severity_unmet_need_usd,13659184.0,usd,0.84,text_page:severity_money,"totaling $40,337,517 for housing data and $13,659,184 for business data. FEMA and SBA data alone yield an unmet need for"
73,drgr-2018-floods-2024-q4 (1).pdf,2018_Floods_ActionPlan,2018-floods,2024,4,1,text_page,,249,Jim Wells County,According To The National Weather Service,,affected_population_persons,20000.0,count,0.76,text_page:affected_after,"sinkholes and deep water that stalled vehicles. Additionally, at least 20,000 residents and businesses were impacted by the"
94,2018-floods-2024-q4.pd_.pdf,2018_Floods_Performance,2018-floods,2024,4,1,text_page,,249,Jim Wells County,According To The National Weather Service,,affected_population_persons,20000.0,count,0.76,text_page:affected_after,"sinkholes and deep water that stalled vehicles. Additionally, at least 20,000 residents and businesses were impacted by the"
371,drgr-mit-2024-q4 (1).pdf,Mitigation_ActionPlan,mit,2024,4,180,text_page,371:177,391,Refugio County,El Campo,,admin_payroll_usd,2250000.0,usd,0.78,text_page:keyword_money,additional equipment for the WWTP to increase capacity by 2.25 million gallons per day of sewage flow. City of La Marque shall
390,mit-2024-q4.pdf,Mitigation_Performance,mit,2024,4,84,text_page,390:84,457,Tyler County,La Marque,,admin_payroll_usd,2250000.0,usd,0.78,text_page:keyword_money,additional equipment for the WWTP to increase capacity by 2.25 million gallons per day of sewage flow. City of La Marque shall
21,15f-2025-q1.pdf,2015_Floods,15f,2025,1,1,text_page,,453,Travis County,Also Known As The Memorial Day Floods,,severity_unmet_need_usd,69689983.0,usd,0.84,text_page:severity_money,"The State’s unmet need for non-housing totals $69,689,983 and increases to $80,143,480 when including a resiliency"
21,15f-2025-q1.pdf,2015_Floods,15f,2025,1,1,text_page,,453,Travis County,Also Known As The Memorial Day Floods,,severity_unmet_need_usd,80143480.0,usd,0.84,text_page:severity_money,"The State’s unmet need for non-housing totals $69,689,983 and increases to $80,143,480 when including a resiliency"
21,15f-2025-q1.pdf,2015_Floods,15f,2025,1,1,text_page,,453,Travis County,Also Known As The Memorial Day Floods,,severity_unmet_need_usd,10453497.0,usd,0.84,text_page:severity_money,"multiplier of 15% ($10,453,497). The data for housing unmet needs comes from TDEM and the National Emergency"
21,15f-2025-q1.pdf,2015_Floods,15f,2025,1,1,text_page,,453,Travis County,Also Known As The Memorial Day Floods,,severity_unmet_need_usd,69440104.0,usd,0.84,text_page:severity_money,"Management Information System (NEMIS) database. The State’s unmet need for housing totaled $69,440,104. This figure"
21,15f-2025-q1.pdf,2015_Floods,15f,2025,1,1,text_page,,453,Travis County,Also Known As The Memorial Day Floods,,severity_unmet_need_usd,132391924.0,usd,0.84,text_page:severity_money,"Unmet need as identified by the Small Business Administration (SBA) is $132,391,924 for housing and $23,218,266 for"
21,15f-2025-q1.pdf,2015_Floods,15f,2025,1,1,text_page,,453,Travis County,Also Known As The Memorial Day Floods,,severity_unmet_need_usd,23218266.0,usd,0.84,text_page:severity_money,"Unmet need as identified by the Small Business Administration (SBA) is $132,391,924 for housing and $23,218,266 for"
21,15f-2025-q1.pdf,2015_Floods,15f,2025,1,1,text_page,,453,Travis County,Also Known As The Memorial Day Floods,,severity_unmet_need_usd,315609790.0,usd,0.84,text_page:severity_money,"businesses. Per FEMA and SBA data, unmet need for the state of Texas totals $315,609,790."
54,16f-2025-q1.pdf,2016_Floods,16f,2025,1,1,text_page,,339,Montgomery County,Over The Past Two Years,,severity_deaths_count,29.0,count,0.9,text_page:killing_pattern,"particular, the recent 2016 events were devastating, killing 29 Texans and causing significantly more public and private"
54,16f-2025-q1.pdf,2016_Floods,16f,2025,1,1,text_page,,339,Montgomery County,Over The Past Two Years,,severity_unmet_need_usd,201341450.0,usd,0.84,text_page:severity_money,"projected cost for damages tied to the 2016 disasters is $201,341,450. This results in the state’s unmet need from public"
54,16f-2025-q1.pdf,2016_Floods,16f,2025,1,1,text_page,,339,Montgomery County,Over The Past Two Years,,severity_unmet_need_usd,186361160.0,usd,0.84,text_page:severity_money,"Verified Loss (FVL) is $186,361,160. The state’s unmet need relating to FEMA Individual Assistance (IA) is $88,131,592 with a"
54,16f-2025-q1.pdf,2016_Floods,16f,2025,1,1,text_page,,339,Montgomery County,Over The Past Two Years,,severity_unmet_need_usd,88131592.0,usd,0.84,text_page:severity_money,"Verified Loss (FVL) is $186,361,160. The state’s unmet need relating to FEMA Individual Assistance (IA) is $88,131,592 with a"
54,16f-2025-q1.pdf,2016_Floods,16f,2025,1,1,text_page,,339,Montgomery County,Over The Past Two Years,,severity_unmet_need_usd,309254300.0,usd,0.84,text_page:severity_money,"The unmet need, as identified by the SBA using the total verified loss of households and businesses, is $309,254,300 for"
54,16f-2025-q1.pdf,2016_Floods,16f,2025,1,1,text_page,,339,Montgomery County,Over The Past Two Years,,severity_unmet_need_usd,40337517.0,usd,0.84,text_page:severity_money,"totaling $40,337,517 for housing data and $13,659,184 for business data. FEMA and SBA data alone yield an unmet need for"
54,16f-2025-q1.pdf,2016_Floods,16f,2025,1,1,text_page,,339,Montgomery County,Over The Past Two Years,,severity_unmet_need_usd,13659184.0,usd,0.84,text_page:severity_money,"totaling $40,337,517 for housing data and $13,659,184 for business data. FEMA and SBA data alone yield an unmet need for"
74,drgr-2018-floods-2025-q1.pdf,2018_Floods_ActionPlan,2018-floods,2025,1,1,text_page,,249,Jim Wells County,According To The National Weather Service,,affected_population_persons,20000.0,count,0.76,text_page:affected_after,"sinkholes and deep water that stalled vehicles. Additionally, at least 20,000 residents and businesses were impacted by the"
95,2018-floods-2025-q1.pdf,2018_Floods_Performance,2018-floods,2025,1,1,text_page,,249,Jim Wells County,According To The National Weather Service,,affected_population_persons,20000.0,count,0.76,text_page:affected_after,"sinkholes and deep water that stalled vehicles. Additionally, at least 20,000 residents and businesses were impacted by the"
372,drgr-mit-2025-q1.pdf,Mitigation_ActionPlan,mit,2025,1,185,text_page,372:182,391,Refugio County,El Campo,,admin_payroll_usd,2250000.0,usd,0.78,text_page:keyword_money,additional equipment for the WWTP to increase capacity by 2.25 million gallons per day of sewage flow. City of La Marque shall
391,mit-2025-q1.pdf,Mitigation_Performance,mit,2025,1,98,text_page,391:98,373,Polk County,La Marque,,admin_payroll_usd,2250000.0,usd,0.78,text_page:keyword_money,additional equipment for the WWTP to increase capacity by 2.25 million gallons per day of sewage flow. City of La Marque shall
22,15f-2025-q2.pdf,2015_Floods,15f,2025,2,1,text_page,,209,Hays County,Also Known As The Memorial Day Floods,,severity_unmet_need_usd,69689983.0,usd,0.84,text_page:severity_money,"The State’s unmet need for non-housing totals $69,689,983 and increases to $80,143,480 when including a resiliency"
22,15f-2025-q2.pdf,2015_Floods,15f,2025,2,1,text_page,,209,Hays County,Also Known As The Memorial Day Floods,,severity_unmet_need_usd,80143480.0,usd,0.84,text_page:severity_money,"The State’s unmet need for non-housing totals $69,689,983 and increases to $80,143,480 when including a resiliency"
22,15f-2025-q2.pdf,2015_Floods,15f,2025,2,1,text_page,,209,Hays County,Also Known As The Memorial Day Floods,,severity_unmet_need_usd,10453497.0,usd,0.84,text_page:severity_money,"multiplier of 15% ($10,453,497). The data for housing unmet needs comes from TDEM and the National Emergency"
22,15f-2025-q2.pdf,2015_Floods,15f,2025,2,1,text_page,,209,Hays County,Also Known As The Memorial Day Floods,,severity_unmet_need_usd,69440104.0,usd,0.84,text_page:severity_money,"Management Information System (NEMIS) database. The State’s unmet need for housing totaled $69,440,104. This figure"
22,15f-2025-q2.pdf,2015_Floods,15f,2025,2,1,text_page,,209,Hays County,Also Known As The Memorial Day Floods,,severity_unmet_need_usd,132391924.0,usd,0.84,text_page:severity_money,"Unmet need as identified by the Small Business Administration (SBA) is $132,391,924 for housing and $23,218,266 for"
22,15f-2025-q2.pdf,2015_Floods,15f,2025,2,1,text_page,,209,Hays County,Also Known As The Memorial Day Floods,,severity_unmet_need_usd,23218266.0,usd,0.84,text_page:severity_money,"Unmet need as identified by the Small Business Administration (SBA) is $132,391,924 for housing and $23,218,266 for"
22,15f-2025-q2.pdf,2015_Floods,15f,2025,2,1,text_page,,209,Hays County,Also Known As The Memorial Day Floods,,severity_unmet_need_usd,315609790.0,usd,0.84,text_page:severity_money,"businesses. Per FEMA and SBA data, unmet need for the state of Texas totals $315,609,790."
55,16f-2025-q2.pdf,2016_Floods,16f,2025,2,1,text_page,,339,Montgomery County,Over The Past Two Years,,severity_deaths_count,29.0,count,0.9,text_page:killing_pattern,"particular, the recent 2016 events were devastating, killing 29 Texans and causing significantly more public and private"
55,16f-2025-q2.pdf,2016_Floods,16f,2025,2,1,text_page,,339,Montgomery County,Over The Past Two Years,,severity_unmet_need_usd,201341450.0,usd,0.84,text_page:severity_money,"projected cost for damages tied to the 2016 disasters is $201,341,450. This results in the state’s unmet need from public"
55,16f-2025-q2.pdf,2016_Floods,16f,2025,2,1,text_page,,339,Montgomery County,Over The Past Two Years,,severity_unmet_need_usd,186361160.0,usd,0.84,text_page:severity_money,"Verified Loss (FVL) is $186,361,160. The state’s unmet need relating to FEMA Individual Assistance (IA) is $88,131,592 with a"
55,16f-2025-q2.pdf,2016_Floods,16f,2025,2,1,text_page,,339,Montgomery County,Over The Past Two Years,,severity_unmet_need_usd,88131592.0,usd,0.84,text_page:severity_money,"Verified Loss (FVL) is $186,361,160. The state’s unmet need relating to FEMA Individual Assistance (IA) is $88,131,592 with a"
55,16f-2025-q2.pdf,2016_Floods,16f,2025,2,1,text_page,,339,Montgomery County,Over The Past Two Years,,severity_unmet_need_usd,309254300.0,usd,0.84,text_page:severity_money,"The unmet need, as identified by the SBA using the total verified loss of households and businesses, is $309,254,300 for"
55,16f-2025-q2.pdf,2016_Floods,16f,2025,2,1,text_page,,339,Montgomery County,Over The Past Two Years,,severity_unmet_need_usd,40337517.0,usd,0.84,text_page:severity_money,"totaling $40,337,517 for housing data and $13,659,184 for business data. FEMA and SBA data alone yield an unmet need for"
55,16f-2025-q2.pdf,2016_Floods,16f,2025,2,1,text_page,,339,Montgomery County,Over The Past Two Years,,severity_unmet_need_usd,13659184.0,usd,0.84,text_page:severity_money,"totaling $40,337,517 for housing data and $13,659,184 for business data. FEMA and SBA data alone yield an unmet need for"
75,drgr-2018-floods-2025-q2.pdf,2018_Floods_ActionPlan,2018-floods,2025,2,1,text_page,,249,Jim Wells County,According To The National Weather Service,,affected_population_persons,20000.0,count,0.76,text_page:affected_after,"sinkholes and deep water that stalled vehicles. Additionally, at least 20,000 residents and businesses were impacted by the"
96,2018-floods-2025-q2.pdf,2018_Floods_Performance,2018-floods,2025,2,1,text_page,,249,Jim Wells County,According To The National Weather Service,,affected_population_persons,20000.0,count,0.76,text_page:affected_after,"sinkholes and deep water that stalled vehicles. Additionally, at least 20,000 residents and businesses were impacted by the"
373,drgr-mit-2025-q2.pdf,Mitigation_ActionPlan,mit,2025,2,196,text_page,373:193,391,Refugio County,El Campo,,admin_payroll_usd,2250000.0,usd,0.78,text_page:keyword_money,additional equipment for the WWTP to increase capacity by 2.25 million gallons per day of sewage flow. City of La Marque shall
392,mit-2025-q2.pdf,Mitigation_Performance,mit,2025,2,101,text_page,392:101,373,Polk County,La Marque,,admin_payroll_usd,2250000.0,usd,0.78,text_page:keyword_money,additional equipment for the WWTP to increase capacity by 2.25 million gallons per day of sewage flow. City of La Marque shall
23,15f-2025-q3.pdf,2015_Floods,15f,2025,3,1,text_page,,209,Hays County,Also Known As The Memorial Day Floods,,severity_unmet_need_usd,69689983.0,usd,0.84,text_page:severity_money,"The State’s unmet need for non-housing totals $69,689,983 and increases to $80,143,480 when including a resiliency"
23,15f-2025-q3.pdf,2015_Floods,15f,2025,3,1,text_page,,209,Hays County,Also Known As The Memorial Day Floods,,severity_unmet_need_usd,80143480.0,usd,0.84,text_page:severity_money,"The State’s unmet need for non-housing totals $69,689,983 and increases to $80,143,480 when including a resiliency"
23,15f-2025-q3.pdf,2015_Floods,15f,2025,3,1,text_page,,209,Hays County,Also Known As The Memorial Day Floods,,severity_unmet_need_usd,10453497.0,usd,0.84,text_page:severity_money,"multiplier of 15% ($10,453,497). The data for housing unmet needs comes from TDEM and the National Emergency"
23,15f-2025-q3.pdf,2015_Floods,15f,2025,3,1,text_page,,209,Hays County,Also Known As The Memorial Day Floods,,severity_unmet_need_usd,69440104.0,usd,0.84,text_page:severity_money,"Management Information System (NEMIS) database. The State’s unmet need for housing totaled $69,440,104. This figure"
23,15f-2025-q3.pdf,2015_Floods,15f,2025,3,1,text_page,,209,Hays County,Also Known As The Memorial Day Floods,,severity_unmet_need_usd,132391924.0,usd,0.84,text_page:severity_money,"Unmet need as identified by the Small Business Administration (SBA) is $132,391,924 for housing and $23,218,266 for"
23,15f-2025-q3.pdf,2015_Floods,15f,2025,3,1,text_page,,209,Hays County,Also Known As The Memorial Day Floods,,severity_unmet_need_usd,23218266.0,usd,0.84,text_page:severity_money,"Unmet need as identified by the Small Business Administration (SBA) is $132,391,924 for housing and $23,218,266 for"
23,15f-2025-q3.pdf,2015_Floods,15f,2025,3,1,text_page,,209,Hays County,Also Known As The Memorial Day Floods,,severity_unmet_need_usd,315609790.0,usd,0.84,text_page:severity_money,"businesses. Per FEMA and SBA data, unmet need for the state of Texas totals $315,609,790."
56,16f-2025-q3.pdf,2016_Floods,16f,2025,3,1,text_page,,339,Montgomery County,Over The Past Two Years,,severity_deaths_count,29.0,count,0.9,text_page:killing_pattern,"particular, the recent 2016 events were devastating, killing 29 Texans and causing significantly more public and private"
56,16f-2025-q3.pdf,2016_Floods,16f,2025,3,1,text_page,,339,Montgomery County,Over The Past Two Years,,severity_unmet_need_usd,201341450.0,usd,0.84,text_page:severity_money,"projected cost for damages tied to the 2016 disasters is $201,341,450. This results in the state’s unmet need from public"
56,16f-2025-q3.pdf,2016_Floods,16f,2025,3,1,text_page,,339,Montgomery County,Over The Past Two Years,,severity_unmet_need_usd,186361160.0,usd,0.84,text_page:severity_money,"Verified Loss (FVL) is $186,361,160. The state’s unmet need relating to FEMA Individual Assistance (IA) is $88,131,592 with a"
56,16f-2025-q3.pdf,2016_Floods,16f,2025,3,1,text_page,,339,Montgomery County,Over The Past Two Years,,severity_unmet_need_usd,88131592.0,usd,0.84,text_page:severity_money,"Verified Loss (FVL) is $186,361,160. The state’s unmet need relating to FEMA Individual Assistance (IA) is $88,131,592 with a"
56,16f-2025-q3.pdf,2016_Floods,16f,2025,3,1,text_page,,339,Montgomery County,Over The Past Two Years,,severity_unmet_need_usd,309254300.0,usd,0.84,text_page:severity_money,"The unmet need, as identified by the SBA using the total verified loss of households and businesses, is $309,254,300 for"
56,16f-2025-q3.pdf,2016_Floods,16f,2025,3,1,text_page,,339,Montgomery County,Over The Past Two Years,,severity_unmet_need_usd,40337517.0,usd,0.84,text_page:severity_money,"totaling $40,337,517 for housing data and $13,659,184 for business data. FEMA and SBA data alone yield an unmet need for"
56,16f-2025-q3.pdf,2016_Floods,16f,2025,3,1,text_page,,339,Montgomery County,Over The Past Two Years,,severity_unmet_need_usd,13659184.0,usd,0.84,text_page:severity_money,"totaling $40,337,517 for housing data and $13,659,184 for business data. FEMA and SBA data alone yield an unmet need for"
76,drgr-2018-floods-2025-q3.pdf,2018_Floods_ActionPlan,2018-floods,2025,3,1,text_page,,249,Jim Wells County,According To The National Weather Service,,affected_population_persons,20000.0,count,0.76,text_page:affected_after,"sinkholes and deep water that stalled vehicles. Additionally, at least 20,000 residents and businesses were impacted by the"
97,2018-floods-2025-q3.pdf,2018_Floods_Performance,2018-floods,2025,3,1,text_page,,249,Jim Wells County,According To The National Weather Service,,affected_population_persons,20000.0,count,0.76,text_page:affected_after,"sinkholes and deep water that stalled vehicles. Additionally, at least 20,000 residents and businesses were impacted by the"
374,drgr-mit-2025-q3.pdf,Mitigation_ActionPlan,mit,2025,3,197,text_page,374:194,391,Refugio County,El Campo,,admin_payroll_usd,2250000.0,usd,0.78,text_page:keyword_money,additional equipment for the WWTP to increase capacity by 2.25 million gallons per day of sewage flow. City of La Marque shall
393,mit-2025-q3.pdf,Mitigation_Performance,mit,2025,3,83,text_page,393:83,373,Polk County,La Marque,,admin_payroll_usd,2250000.0,usd,0.78,text_page:keyword_money,additional equipment for the WWTP to increase capacity by 2.25 million gallons per day of sewage flow. City of La Marque shall
77,drgr-2018-floods-2025-q4.pdf,2018_Floods_ActionPlan,2018-floods,2025,4,1,text_page,,249,Jim Wells County,According To The National Weather Service,,affected_population_persons,20000.0,count,0.76,text_page:affected_after,"sinkholes and deep water that stalled vehicles. Additionally, at least 20,000 residents and businesses were impacted by the"
375,drgr-mit-2025-q4.pdf,Mitigation_ActionPlan,mit,2025,4,201,text_page,375:198,391,Refugio County,El Campo,,admin_payroll_usd,2250000.0,usd,0.78,text_page:keyword_money,additional equipment for the WWTP to increase capacity by 2.25 million gallons per day of sewage flow. City of La Marque shall
