Disaster_Type,Total_Obligated,Total_Disbursed,Total_Expended,N_Quarters,Expenditure_Rate
"2017 Hurricanes Harvey, Irma and Maria",4632189244.31,3860223206.79,3853915309.34,25,0.8319857212383969
2008 Hurricane Ike and Other Events,2821015855.13,2759499283.0699997,2754773030.99,62,0.9765180957705225
2015-2018 Mitigation,2487481735.06,657728693.78,588292029.9,17,0.23650104505624037
2016 Louisiana Floods and Other Events,211463218.61,185237713.59,183160646.88,27,0.8661584179223233
2019 Disasters,186064142.29,110373541.55,108755430.63,15,0.584505049127056
2015 Hurricane Joaquin and Patricia and Other Events,163359863.63,141811522.86,139280544.6,30,0.8525995400893688
2018 Disasters,57987247.36,35486002.06,34847945.98,15,0.6009587895016784
2011 Multiple Disasters,29355510.20000001,28546546.84,28546626.02,44,0.972445235170874
